date,ticker,name,sector,close,volume
2022-01-03,AAPL,Apple,Technology,182.0,58242325
2022-01-03,AMD,AMD,Technology,144.0,55337364
2022-01-03,AMZN,Amazon,Cons. Discretionary,167.0,51437833
2022-01-03,AVGO,Broadcom,Technology,65.0,15274449
2022-01-03,CRM,Salesforce,Technology,254.0,4271426
2022-01-03,GOOGL,Alphabet,Communication Svcs.,145.0,26219364
2022-01-03,IBM,IBM,Technology,134.0,3617331
2022-01-03,INTC,Intel,Technology,51.0,37605784
2022-01-03,META,Meta Platforms,Communication Svcs.,339.0,21972099
2022-01-03,MSFT,Microsoft,Technology,334.0,16807305
2022-01-03,NFLX,Netflix,Communication Svcs.,597.0,3845126
2022-01-03,NVDA,NVIDIA,Technology,30.0,350363829
2022-01-03,ORCL,Oracle,Technology,88.0,9529008
2022-01-03,QCOM,Qualcomm,Technology,182.0,10364144
2022-01-03,TSLA,Tesla,Cons. Discretionary,400.0,83540355
2022-01-04,AAPL,Apple,Technology,183.58,52653182
2022-01-04,AMD,AMD,Technology,149.67,44199293
2022-01-04,AMZN,Amazon,Cons. Discretionary,165.7,54878609
2022-01-04,AVGO,Broadcom,Technology,63.8,20473244
2022-01-04,CRM,Salesforce,Technology,255.58,7084294
2022-01-04,GOOGL,Alphabet,Communication Svcs.,144.58,25603499
2022-01-04,IBM,IBM,Technology,134.42,6388496
2022-01-04,INTC,Intel,Technology,51.49,28590966
2022-01-04,META,Meta Platforms,Communication Svcs.,346.44,22824933
2022-01-04,MSFT,Microsoft,Technology,330.81,28138849
2022-01-04,NFLX,Netflix,Communication Svcs.,617.18,5822013
2022-01-04,NVDA,NVIDIA,Technology,28.58,449151037
2022-01-04,ORCL,Oracle,Technology,88.35,6565752
2022-01-04,QCOM,Qualcomm,Technology,187.79,6881634
2022-01-04,TSLA,Tesla,Cons. Discretionary,390.0,82852426
2022-01-05,AAPL,Apple,Technology,184.71,38099641
2022-01-05,AMD,AMD,Technology,150.62,58805794
2022-01-05,AMZN,Amazon,Cons. Discretionary,159.87,69967008
2022-01-05,AVGO,Broadcom,Technology,64.35,12494319
2022-01-05,CRM,Salesforce,Technology,255.0,5927055
2022-01-05,GOOGL,Alphabet,Communication Svcs.,147.79,37397732
2022-01-05,IBM,IBM,Technology,136.51,5804473
2022-01-05,INTC,Intel,Technology,51.17,31609564
2022-01-05,META,Meta Platforms,Communication Svcs.,361.91,20211874
2022-01-05,MSFT,Microsoft,Technology,334.31,31163900
2022-01-05,NFLX,Netflix,Communication Svcs.,593.15,4955415
2022-01-05,NVDA,NVIDIA,Technology,28.72,400262766
2022-01-05,ORCL,Oracle,Technology,88.89,15045749
2022-01-05,QCOM,Qualcomm,Technology,187.39,7104358
2022-01-05,TSLA,Tesla,Cons. Discretionary,375.71,77138102
2022-01-06,AAPL,Apple,Technology,186.33,48816018
2022-01-06,AMD,AMD,Technology,147.46,21630723
2022-01-06,AMZN,Amazon,Cons. Discretionary,158.36,82540195
2022-01-06,AVGO,Broadcom,Technology,68.08,19824785
2022-01-06,CRM,Salesforce,Technology,259.43,3578286
2022-01-06,GOOGL,Alphabet,Communication Svcs.,143.7,20684398
2022-01-06,IBM,IBM,Technology,136.93,3556976
2022-01-06,INTC,Intel,Technology,51.44,25915906
2022-01-06,META,Meta Platforms,Communication Svcs.,348.78,26498977
2022-01-06,MSFT,Microsoft,Technology,334.19,30959360
2022-01-06,NFLX,Netflix,Communication Svcs.,624.88,5424094
2022-01-06,NVDA,NVIDIA,Technology,28.06,778644421
2022-01-06,ORCL,Oracle,Technology,86.86,17504398
2022-01-06,QCOM,Qualcomm,Technology,184.53,8382379
2022-01-06,TSLA,Tesla,Cons. Discretionary,377.78,90196258
2022-01-07,AAPL,Apple,Technology,183.16,83034751
2022-01-07,AMD,AMD,Technology,145.49,49487780
2022-01-07,AMZN,Amazon,Cons. Discretionary,156.7,48231467
2022-01-07,AVGO,Broadcom,Technology,65.43,30461551
2022-01-07,CRM,Salesforce,Technology,254.87,5876650
2022-01-07,GOOGL,Alphabet,Communication Svcs.,144.91,23551966
2022-01-07,IBM,IBM,Technology,139.36,2761381
2022-01-07,INTC,Intel,Technology,50.77,48444913
2022-01-07,META,Meta Platforms,Communication Svcs.,350.57,17141210
2022-01-07,MSFT,Microsoft,Technology,328.01,36056996
2022-01-07,NFLX,Netflix,Communication Svcs.,618.22,5741206
2022-01-07,NVDA,NVIDIA,Technology,29.56,426329324
2022-01-07,ORCL,Oracle,Technology,86.59,11597567
2022-01-07,QCOM,Qualcomm,Technology,182.24,6758882
2022-01-07,TSLA,Tesla,Cons. Discretionary,379.15,109217145
2022-01-10,AAPL,Apple,Technology,186.74,72799399
2022-01-10,AMD,AMD,Technology,138.37,47529687
2022-01-10,AMZN,Amazon,Cons. Discretionary,158.02,44586590
2022-01-10,AVGO,Broadcom,Technology,66.47,19972863
2022-01-10,CRM,Salesforce,Technology,254.58,4555328
2022-01-10,GOOGL,Alphabet,Communication Svcs.,141.35,27317365
2022-01-10,IBM,IBM,Technology,140.54,4077498
2022-01-10,INTC,Intel,Technology,49.7,31494419
2022-01-10,META,Meta Platforms,Communication Svcs.,353.19,15831341
2022-01-10,MSFT,Microsoft,Technology,325.61,30984639
2022-01-10,NFLX,Netflix,Communication Svcs.,652.61,3867124
2022-01-10,NVDA,NVIDIA,Technology,28.36,509150663
2022-01-10,ORCL,Oracle,Technology,88.59,6629831
2022-01-10,QCOM,Qualcomm,Technology,180.87,4810282
2022-01-10,TSLA,Tesla,Cons. Discretionary,381.22,93526022
2022-01-11,AAPL,Apple,Technology,189.53,46152918
2022-01-11,AMD,AMD,Technology,131.67,37697200
2022-01-11,AMZN,Amazon,Cons. Discretionary,150.62,72120729
2022-01-11,AVGO,Broadcom,Technology,67.84,25272021
2022-01-11,CRM,Salesforce,Technology,258.49,5678458
2022-01-11,GOOGL,Alphabet,Communication Svcs.,143.43,24780232
2022-01-11,IBM,IBM,Technology,137.26,2651357
2022-01-11,INTC,Intel,Technology,48.93,19376322
2022-01-11,META,Meta Platforms,Communication Svcs.,341.99,22860914
2022-01-11,MSFT,Microsoft,Technology,322.79,26634846
2022-01-11,NFLX,Netflix,Communication Svcs.,650.51,5944757
2022-01-11,NVDA,NVIDIA,Technology,28.94,372728796
2022-01-11,ORCL,Oracle,Technology,87.88,13737767
2022-01-11,QCOM,Qualcomm,Technology,180.38,7795942
2022-01-11,TSLA,Tesla,Cons. Discretionary,394.29,85889025
2022-01-12,AAPL,Apple,Technology,189.0,84158682
2022-01-12,AMD,AMD,Technology,139.11,49804875
2022-01-12,AMZN,Amazon,Cons. Discretionary,154.53,61653873
2022-01-12,AVGO,Broadcom,Technology,66.12,21668925
2022-01-12,CRM,Salesforce,Technology,257.46,6436817
2022-01-12,GOOGL,Alphabet,Communication Svcs.,143.84,23528408
2022-01-12,IBM,IBM,Technology,132.57,3466139
2022-01-12,INTC,Intel,Technology,49.58,36443056
2022-01-12,META,Meta Platforms,Communication Svcs.,332.79,16411848
2022-01-12,MSFT,Microsoft,Technology,324.96,30047761
2022-01-12,NFLX,Netflix,Communication Svcs.,617.71,6138576
2022-01-12,NVDA,NVIDIA,Technology,28.78,485017651
2022-01-12,ORCL,Oracle,Technology,87.36,10076321
2022-01-12,QCOM,Qualcomm,Technology,184.98,7084483
2022-01-12,TSLA,Tesla,Cons. Discretionary,391.27,83623328
2022-01-13,AAPL,Apple,Technology,188.41,73278419
2022-01-13,AMD,AMD,Technology,142.25,30576098
2022-01-13,AMZN,Amazon,Cons. Discretionary,149.59,63179516
2022-01-13,AVGO,Broadcom,Technology,64.15,26930876
2022-01-13,CRM,Salesforce,Technology,268.34,7340760
2022-01-13,GOOGL,Alphabet,Communication Svcs.,142.75,37280883
2022-01-13,IBM,IBM,Technology,133.93,4257791
2022-01-13,INTC,Intel,Technology,49.05,33773275
2022-01-13,META,Meta Platforms,Communication Svcs.,340.17,26516225
2022-01-13,MSFT,Microsoft,Technology,323.59,27724864
2022-01-13,NFLX,Netflix,Communication Svcs.,599.76,8292848
2022-01-13,NVDA,NVIDIA,Technology,29.29,488257145
2022-01-13,ORCL,Oracle,Technology,87.82,8506040
2022-01-13,QCOM,Qualcomm,Technology,185.46,9954065
2022-01-13,TSLA,Tesla,Cons. Discretionary,382.29,120484432
2022-01-14,AAPL,Apple,Technology,190.81,58193785
2022-01-14,AMD,AMD,Technology,146.67,35009727
2022-01-14,AMZN,Amazon,Cons. Discretionary,146.59,57425252
2022-01-14,AVGO,Broadcom,Technology,68.05,35062692
2022-01-14,CRM,Salesforce,Technology,276.51,5710311
2022-01-14,GOOGL,Alphabet,Communication Svcs.,141.66,26530680
2022-01-14,IBM,IBM,Technology,132.89,6065924
2022-01-14,INTC,Intel,Technology,49.26,38895003
2022-01-14,META,Meta Platforms,Communication Svcs.,336.36,26807724
2022-01-14,MSFT,Microsoft,Technology,323.47,26484140
2022-01-14,NFLX,Netflix,Communication Svcs.,593.31,4383476
2022-01-14,NVDA,NVIDIA,Technology,29.55,528875761
2022-01-14,ORCL,Oracle,Technology,89.14,6344378
2022-01-14,QCOM,Qualcomm,Technology,188.3,8801202
2022-01-14,TSLA,Tesla,Cons. Discretionary,368.68,74914463
2022-01-17,AAPL,Apple,Technology,192.81,67963160
2022-01-17,AMD,AMD,Technology,149.13,53688511
2022-01-17,AMZN,Amazon,Cons. Discretionary,149.85,71508928
2022-01-17,AVGO,Broadcom,Technology,69.25,17211804
2022-01-17,CRM,Salesforce,Technology,282.45,5318759
2022-01-17,GOOGL,Alphabet,Communication Svcs.,137.87,18731589
2022-01-17,IBM,IBM,Technology,130.06,3701315
2022-01-17,INTC,Intel,Technology,49.23,43359346
2022-01-17,META,Meta Platforms,Communication Svcs.,326.78,20675668
2022-01-17,MSFT,Microsoft,Technology,324.82,27765427
2022-01-17,NFLX,Netflix,Communication Svcs.,585.2,4621722
2022-01-17,NVDA,NVIDIA,Technology,28.56,447531044
2022-01-17,ORCL,Oracle,Technology,87.8,13443133
2022-01-17,QCOM,Qualcomm,Technology,191.46,7223513
2022-01-17,TSLA,Tesla,Cons. Discretionary,368.61,87019255
2022-01-18,AAPL,Apple,Technology,195.65,55625233
2022-01-18,AMD,AMD,Technology,140.54,51069269
2022-01-18,AMZN,Amazon,Cons. Discretionary,149.64,81694933
2022-01-18,AVGO,Broadcom,Technology,67.74,25800559
2022-01-18,CRM,Salesforce,Technology,279.03,3534007
2022-01-18,GOOGL,Alphabet,Communication Svcs.,138.84,20506502
2022-01-18,IBM,IBM,Technology,131.18,4557606
2022-01-18,INTC,Intel,Technology,49.21,31427222
2022-01-18,META,Meta Platforms,Communication Svcs.,316.23,19071697
2022-01-18,MSFT,Microsoft,Technology,325.65,24293920
2022-01-18,NFLX,Netflix,Communication Svcs.,566.96,6200385
2022-01-18,NVDA,NVIDIA,Technology,27.35,800223356
2022-01-18,ORCL,Oracle,Technology,88.26,18449874
2022-01-18,QCOM,Qualcomm,Technology,189.58,8865046
2022-01-18,TSLA,Tesla,Cons. Discretionary,357.15,56122716
2022-01-19,AAPL,Apple,Technology,195.82,51364071
2022-01-19,AMD,AMD,Technology,142.67,50532443
2022-01-19,AMZN,Amazon,Cons. Discretionary,150.59,32068601
2022-01-19,AVGO,Broadcom,Technology,70.41,27295256
2022-01-19,CRM,Salesforce,Technology,269.06,5572798
2022-01-19,GOOGL,Alphabet,Communication Svcs.,137.71,18343973
2022-01-19,IBM,IBM,Technology,129.0,5492408
2022-01-19,INTC,Intel,Technology,49.19,39825225
2022-01-19,META,Meta Platforms,Communication Svcs.,316.03,20257065
2022-01-19,MSFT,Microsoft,Technology,324.18,21925156
2022-01-19,NFLX,Netflix,Communication Svcs.,560.09,6031181
2022-01-19,NVDA,NVIDIA,Technology,27.89,375135906
2022-01-19,ORCL,Oracle,Technology,89.45,6007689
2022-01-19,QCOM,Qualcomm,Technology,185.26,9050050
2022-01-19,TSLA,Tesla,Cons. Discretionary,353.05,110116012
2022-01-20,AAPL,Apple,Technology,200.01,52645299
2022-01-20,AMD,AMD,Technology,142.69,45365513
2022-01-20,AMZN,Amazon,Cons. Discretionary,149.48,43307924
2022-01-20,AVGO,Broadcom,Technology,71.66,20905881
2022-01-20,CRM,Salesforce,Technology,269.08,5046548
2022-01-20,GOOGL,Alphabet,Communication Svcs.,137.64,21055792
2022-01-20,IBM,IBM,Technology,128.07,4760047
2022-01-20,INTC,Intel,Technology,48.62,46979932
2022-01-20,META,Meta Platforms,Communication Svcs.,298.37,25412671
2022-01-20,MSFT,Microsoft,Technology,320.98,18622173
2022-01-20,NFLX,Netflix,Communication Svcs.,565.62,5268067
2022-01-20,NVDA,NVIDIA,Technology,28.45,370590375
2022-01-20,ORCL,Oracle,Technology,88.1,12886881
2022-01-20,QCOM,Qualcomm,Technology,184.65,6914493
2022-01-20,TSLA,Tesla,Cons. Discretionary,358.56,113047218
2022-01-21,AAPL,Apple,Technology,199.25,66852284
2022-01-21,AMD,AMD,Technology,141.72,72324780
2022-01-21,AMZN,Amazon,Cons. Discretionary,146.42,54637893
2022-01-21,AVGO,Broadcom,Technology,73.61,25008590
2022-01-21,CRM,Salesforce,Technology,271.95,4922408
2022-01-21,GOOGL,Alphabet,Communication Svcs.,136.84,42773287
2022-01-21,IBM,IBM,Technology,129.23,6552272
2022-01-21,INTC,Intel,Technology,48.2,36748879
2022-01-21,META,Meta Platforms,Communication Svcs.,304.76,18640954
2022-01-21,MSFT,Microsoft,Technology,319.04,27235122
2022-01-21,NFLX,Netflix,Communication Svcs.,560.45,3690937
2022-01-21,NVDA,NVIDIA,Technology,28.19,377421507
2022-01-21,ORCL,Oracle,Technology,87.19,9564399
2022-01-21,QCOM,Qualcomm,Technology,186.9,11724467
2022-01-21,TSLA,Tesla,Cons. Discretionary,359.64,88454062
2022-01-24,AAPL,Apple,Technology,199.09,80851115
2022-01-24,AMD,AMD,Technology,139.93,43617702
2022-01-24,AMZN,Amazon,Cons. Discretionary,141.68,48297535
2022-01-24,AVGO,Broadcom,Technology,71.49,14852522
2022-01-24,CRM,Salesforce,Technology,276.71,4059647
2022-01-24,GOOGL,Alphabet,Communication Svcs.,145.39,28730179
2022-01-24,IBM,IBM,Technology,128.32,3939345
2022-01-24,INTC,Intel,Technology,46.76,34235410
2022-01-24,META,Meta Platforms,Communication Svcs.,299.82,17058286
2022-01-24,MSFT,Microsoft,Technology,325.81,25073067
2022-01-24,NFLX,Netflix,Communication Svcs.,562.73,4034029
2022-01-24,NVDA,NVIDIA,Technology,27.82,549755150
2022-01-24,ORCL,Oracle,Technology,89.61,8366698
2022-01-24,QCOM,Qualcomm,Technology,190.73,7764097
2022-01-24,TSLA,Tesla,Cons. Discretionary,370.79,91339925
2022-01-25,AAPL,Apple,Technology,202.6,56955361
2022-01-25,AMD,AMD,Technology,140.79,64949765
2022-01-25,AMZN,Amazon,Cons. Discretionary,138.37,54976300
2022-01-25,AVGO,Broadcom,Technology,71.21,27978958
2022-01-25,CRM,Salesforce,Technology,288.22,5112503
2022-01-25,GOOGL,Alphabet,Communication Svcs.,148.18,26398730
2022-01-25,IBM,IBM,Technology,128.83,2970956
2022-01-25,INTC,Intel,Technology,48.42,25202564
2022-01-25,META,Meta Platforms,Communication Svcs.,296.35,13991512
2022-01-25,MSFT,Microsoft,Technology,324.18,30172698
2022-01-25,NFLX,Netflix,Communication Svcs.,553.46,5116140
2022-01-25,NVDA,NVIDIA,Technology,26.82,382825311
2022-01-25,ORCL,Oracle,Technology,91.31,11100516
2022-01-25,QCOM,Qualcomm,Technology,190.07,6538685
2022-01-25,TSLA,Tesla,Cons. Discretionary,369.71,120685908
2022-01-26,AAPL,Apple,Technology,201.9,51189807
2022-01-26,AMD,AMD,Technology,135.15,51584160
2022-01-26,AMZN,Amazon,Cons. Discretionary,140.3,55119311
2022-01-26,AVGO,Broadcom,Technology,71.79,17889089
2022-01-26,CRM,Salesforce,Technology,288.16,7122547
2022-01-26,GOOGL,Alphabet,Communication Svcs.,147.27,36120821
2022-01-26,IBM,IBM,Technology,127.71,2948384
2022-01-26,INTC,Intel,Technology,47.33,21699249
2022-01-26,META,Meta Platforms,Communication Svcs.,305.44,29482924
2022-01-26,MSFT,Microsoft,Technology,316.02,24070542
2022-01-26,NFLX,Netflix,Communication Svcs.,565.59,5734879
2022-01-26,NVDA,NVIDIA,Technology,26.37,481903111
2022-01-26,ORCL,Oracle,Technology,95.47,13452960
2022-01-26,QCOM,Qualcomm,Technology,189.18,9739131
2022-01-26,TSLA,Tesla,Cons. Discretionary,376.07,141326768
2022-01-27,AAPL,Apple,Technology,204.36,61683844
2022-01-27,AMD,AMD,Technology,135.29,43701943
2022-01-27,AMZN,Amazon,Cons. Discretionary,141.92,70847149
2022-01-27,AVGO,Broadcom,Technology,71.16,18538857
2022-01-27,CRM,Salesforce,Technology,297.09,6939551
2022-01-27,GOOGL,Alphabet,Communication Svcs.,146.39,28330807
2022-01-27,IBM,IBM,Technology,128.23,3652480
2022-01-27,INTC,Intel,Technology,47.28,27339317
2022-01-27,META,Meta Platforms,Communication Svcs.,320.86,21827094
2022-01-27,MSFT,Microsoft,Technology,309.06,19943526
2022-01-27,NFLX,Netflix,Communication Svcs.,576.41,4097914
2022-01-27,NVDA,NVIDIA,Technology,23.48,375666477
2022-01-27,ORCL,Oracle,Technology,94.67,10339224
2022-01-27,QCOM,Qualcomm,Technology,189.23,8106508
2022-01-27,TSLA,Tesla,Cons. Discretionary,368.91,166331544
2022-01-28,AAPL,Apple,Technology,204.35,59482630
2022-01-28,AMD,AMD,Technology,126.39,32382601
2022-01-28,AMZN,Amazon,Cons. Discretionary,138.55,46396546
2022-01-28,AVGO,Broadcom,Technology,71.23,19582400
2022-01-28,CRM,Salesforce,Technology,293.89,4281327
2022-01-28,GOOGL,Alphabet,Communication Svcs.,145.26,19474397
2022-01-28,IBM,IBM,Technology,127.74,3670540
2022-01-28,INTC,Intel,Technology,48.37,28448493
2022-01-28,META,Meta Platforms,Communication Svcs.,317.39,17509837
2022-01-28,MSFT,Microsoft,Technology,310.48,18234511
2022-01-28,NFLX,Netflix,Communication Svcs.,579.71,4195909
2022-01-28,NVDA,NVIDIA,Technology,23.69,429217493
2022-01-28,ORCL,Oracle,Technology,93.81,8247905
2022-01-28,QCOM,Qualcomm,Technology,189.59,11493236
2022-01-28,TSLA,Tesla,Cons. Discretionary,363.65,99100581
2022-01-31,AAPL,Apple,Technology,210.01,54001129
2022-01-31,AMD,AMD,Technology,129.72,68810445
2022-01-31,AMZN,Amazon,Cons. Discretionary,134.76,59790454
2022-01-31,AVGO,Broadcom,Technology,70.24,18409485
2022-01-31,CRM,Salesforce,Technology,288.86,3451160
2022-01-31,GOOGL,Alphabet,Communication Svcs.,147.07,25280892
2022-01-31,IBM,IBM,Technology,127.99,3617492
2022-01-31,INTC,Intel,Technology,47.72,43984597
2022-01-31,META,Meta Platforms,Communication Svcs.,314.36,21720686
2022-01-31,MSFT,Microsoft,Technology,313.29,41368757
2022-01-31,NFLX,Netflix,Communication Svcs.,612.01,7431371
2022-01-31,NVDA,NVIDIA,Technology,24.71,402696080
2022-01-31,ORCL,Oracle,Technology,90.99,11266855
2022-01-31,QCOM,Qualcomm,Technology,194.72,12164538
2022-01-31,TSLA,Tesla,Cons. Discretionary,373.23,112821449
2022-02-01,AAPL,Apple,Technology,206.54,59943620
2022-02-01,AMD,AMD,Technology,130.0,44174728
2022-02-01,AMZN,Amazon,Cons. Discretionary,134.34,49459817
2022-02-01,AVGO,Broadcom,Technology,71.5,25775176
2022-02-01,CRM,Salesforce,Technology,286.59,6035732
2022-02-01,GOOGL,Alphabet,Communication Svcs.,146.76,22591530
2022-02-01,IBM,IBM,Technology,127.92,2899651
2022-02-01,INTC,Intel,Technology,47.99,51391722
2022-02-01,META,Meta Platforms,Communication Svcs.,306.84,15933577
2022-02-01,MSFT,Microsoft,Technology,309.47,12163936
2022-02-01,NFLX,Netflix,Communication Svcs.,632.55,3684791
2022-02-01,NVDA,NVIDIA,Technology,23.57,459316090
2022-02-01,ORCL,Oracle,Technology,91.3,11018415
2022-02-01,QCOM,Qualcomm,Technology,189.41,8788383
2022-02-01,TSLA,Tesla,Cons. Discretionary,364.2,109432197
2022-02-02,AAPL,Apple,Technology,206.73,69238476
2022-02-02,AMD,AMD,Technology,136.83,34977033
2022-02-02,AMZN,Amazon,Cons. Discretionary,132.24,60719468
2022-02-02,AVGO,Broadcom,Technology,68.66,22361416
2022-02-02,CRM,Salesforce,Technology,280.24,4680438
2022-02-02,GOOGL,Alphabet,Communication Svcs.,150.68,18298642
2022-02-02,IBM,IBM,Technology,129.41,3753962
2022-02-02,INTC,Intel,Technology,48.89,41474832
2022-02-02,META,Meta Platforms,Communication Svcs.,310.06,24855606
2022-02-02,MSFT,Microsoft,Technology,312.73,27023283
2022-02-02,NFLX,Netflix,Communication Svcs.,636.37,6056298
2022-02-02,NVDA,NVIDIA,Technology,23.69,390371867
2022-02-02,ORCL,Oracle,Technology,88.45,10991734
2022-02-02,QCOM,Qualcomm,Technology,188.98,11916698
2022-02-02,TSLA,Tesla,Cons. Discretionary,381.75,105989396
2022-02-03,AAPL,Apple,Technology,202.95,50089651
2022-02-03,AMD,AMD,Technology,136.39,50206221
2022-02-03,AMZN,Amazon,Cons. Discretionary,136.06,53977770
2022-02-03,AVGO,Broadcom,Technology,71.37,22288539
2022-02-03,CRM,Salesforce,Technology,283.88,5629322
2022-02-03,GOOGL,Alphabet,Communication Svcs.,154.38,23521064
2022-02-03,IBM,IBM,Technology,128.01,5708471
2022-02-03,INTC,Intel,Technology,49.76,52228140
2022-02-03,META,Meta Platforms,Communication Svcs.,313.58,31740966
2022-02-03,MSFT,Microsoft,Technology,315.86,37032862
2022-02-03,NFLX,Netflix,Communication Svcs.,651.17,3543180
2022-02-03,NVDA,NVIDIA,Technology,23.86,401144881
2022-02-03,ORCL,Oracle,Technology,90.32,8139395
2022-02-03,QCOM,Qualcomm,Technology,185.23,5855288
2022-02-03,TSLA,Tesla,Cons. Discretionary,376.65,84562038
2022-02-04,AAPL,Apple,Technology,200.88,66326961
2022-02-04,AMD,AMD,Technology,137.53,52435354
2022-02-04,AMZN,Amazon,Cons. Discretionary,134.78,44069465
2022-02-04,AVGO,Broadcom,Technology,66.73,29787270
2022-02-04,CRM,Salesforce,Technology,287.33,3739887
2022-02-04,GOOGL,Alphabet,Communication Svcs.,151.55,33625506
2022-02-04,IBM,IBM,Technology,126.47,2939972
2022-02-04,INTC,Intel,Technology,50.52,54447656
2022-02-04,META,Meta Platforms,Communication Svcs.,322.67,21159591
2022-02-04,MSFT,Microsoft,Technology,316.39,19393387
2022-02-04,NFLX,Netflix,Communication Svcs.,646.24,5965586
2022-02-04,NVDA,NVIDIA,Technology,23.5,408532100
2022-02-04,ORCL,Oracle,Technology,90.31,8229820
2022-02-04,QCOM,Qualcomm,Technology,181.86,5522426
2022-02-04,TSLA,Tesla,Cons. Discretionary,379.57,87904146
2022-02-07,AAPL,Apple,Technology,197.65,48026849
2022-02-07,AMD,AMD,Technology,138.96,50405957
2022-02-07,AMZN,Amazon,Cons. Discretionary,139.8,67524215
2022-02-07,AVGO,Broadcom,Technology,67.26,22660054
2022-02-07,CRM,Salesforce,Technology,290.12,4569901
2022-02-07,GOOGL,Alphabet,Communication Svcs.,149.01,21037823
2022-02-07,IBM,IBM,Technology,126.8,5106939
2022-02-07,INTC,Intel,Technology,51.93,28683876
2022-02-07,META,Meta Platforms,Communication Svcs.,311.13,18615039
2022-02-07,MSFT,Microsoft,Technology,317.91,31911589
2022-02-07,NFLX,Netflix,Communication Svcs.,635.55,4592002
2022-02-07,NVDA,NVIDIA,Technology,23.58,988280261
2022-02-07,ORCL,Oracle,Technology,90.62,13754093
2022-02-07,QCOM,Qualcomm,Technology,183.67,6890884
2022-02-07,TSLA,Tesla,Cons. Discretionary,367.17,64477907
2022-02-08,AAPL,Apple,Technology,200.76,64884637
2022-02-08,AMD,AMD,Technology,138.55,35586639
2022-02-08,AMZN,Amazon,Cons. Discretionary,138.35,38928563
2022-02-08,AVGO,Broadcom,Technology,66.84,20546629
2022-02-08,CRM,Salesforce,Technology,287.96,5292254
2022-02-08,GOOGL,Alphabet,Communication Svcs.,147.0,28981895
2022-02-08,IBM,IBM,Technology,126.34,2330900
2022-02-08,INTC,Intel,Technology,50.38,34580556
2022-02-08,META,Meta Platforms,Communication Svcs.,323.8,20660024
2022-02-08,MSFT,Microsoft,Technology,326.76,23217136
2022-02-08,NFLX,Netflix,Communication Svcs.,622.6,5355241
2022-02-08,NVDA,NVIDIA,Technology,24.17,447028686
2022-02-08,ORCL,Oracle,Technology,90.56,11148313
2022-02-08,QCOM,Qualcomm,Technology,183.1,10743366
2022-02-08,TSLA,Tesla,Cons. Discretionary,359.07,152343623
2022-02-09,AAPL,Apple,Technology,197.61,63370166
2022-02-09,AMD,AMD,Technology,138.11,36709409
2022-02-09,AMZN,Amazon,Cons. Discretionary,143.27,55813901
2022-02-09,AVGO,Broadcom,Technology,67.46,17589845
2022-02-09,CRM,Salesforce,Technology,293.73,6894780
2022-02-09,GOOGL,Alphabet,Communication Svcs.,144.66,15280219
2022-02-09,IBM,IBM,Technology,126.85,4363389
2022-02-09,INTC,Intel,Technology,48.88,32404366
2022-02-09,META,Meta Platforms,Communication Svcs.,332.17,23712033
2022-02-09,MSFT,Microsoft,Technology,338.75,32481994
2022-02-09,NFLX,Netflix,Communication Svcs.,601.44,4440105
2022-02-09,NVDA,NVIDIA,Technology,24.68,434527554
2022-02-09,ORCL,Oracle,Technology,91.24,7992965
2022-02-09,QCOM,Qualcomm,Technology,183.46,6876549
2022-02-09,TSLA,Tesla,Cons. Discretionary,354.1,104883911
2022-02-10,AAPL,Apple,Technology,193.64,35523107
2022-02-10,AMD,AMD,Technology,136.72,41441176
2022-02-10,AMZN,Amazon,Cons. Discretionary,144.92,51371224
2022-02-10,AVGO,Broadcom,Technology,68.29,13728312
2022-02-10,CRM,Salesforce,Technology,296.68,5366324
2022-02-10,GOOGL,Alphabet,Communication Svcs.,149.42,23211230
2022-02-10,IBM,IBM,Technology,127.32,3591754
2022-02-10,INTC,Intel,Technology,49.02,31120421
2022-02-10,META,Meta Platforms,Communication Svcs.,328.48,12617819
2022-02-10,MSFT,Microsoft,Technology,340.23,20332731
2022-02-10,NFLX,Netflix,Communication Svcs.,589.44,4680733
2022-02-10,NVDA,NVIDIA,Technology,24.82,520833115
2022-02-10,ORCL,Oracle,Technology,93.99,9397001
2022-02-10,QCOM,Qualcomm,Technology,185.24,7694899
2022-02-10,TSLA,Tesla,Cons. Discretionary,354.77,86787796
2022-02-11,AAPL,Apple,Technology,195.56,69632835
2022-02-11,AMD,AMD,Technology,134.06,57214541
2022-02-11,AMZN,Amazon,Cons. Discretionary,146.3,55818662
2022-02-11,AVGO,Broadcom,Technology,68.23,18188673
2022-02-11,CRM,Salesforce,Technology,295.98,5351929
2022-02-11,GOOGL,Alphabet,Communication Svcs.,147.78,27904468
2022-02-11,IBM,IBM,Technology,128.82,3712354
2022-02-11,INTC,Intel,Technology,49.19,37947703
2022-02-11,META,Meta Platforms,Communication Svcs.,336.01,23389912
2022-02-11,MSFT,Microsoft,Technology,341.98,22160367
2022-02-11,NFLX,Netflix,Communication Svcs.,576.73,4814072
2022-02-11,NVDA,NVIDIA,Technology,24.42,300099947
2022-02-11,ORCL,Oracle,Technology,94.1,6528188
2022-02-11,QCOM,Qualcomm,Technology,182.56,7998688
2022-02-11,TSLA,Tesla,Cons. Discretionary,358.16,123533900
2022-02-14,AAPL,Apple,Technology,193.65,60480214
2022-02-14,AMD,AMD,Technology,136.51,71720540
2022-02-14,AMZN,Amazon,Cons. Discretionary,147.27,55776020
2022-02-14,AVGO,Broadcom,Technology,67.57,21201915
2022-02-14,CRM,Salesforce,Technology,292.6,4060174
2022-02-14,GOOGL,Alphabet,Communication Svcs.,146.93,23600754
2022-02-14,IBM,IBM,Technology,128.67,5013367
2022-02-14,INTC,Intel,Technology,48.5,25250136
2022-02-14,META,Meta Platforms,Communication Svcs.,323.67,20007604
2022-02-14,MSFT,Microsoft,Technology,337.38,29988131
2022-02-14,NFLX,Netflix,Communication Svcs.,577.97,6250555
2022-02-14,NVDA,NVIDIA,Technology,24.51,331452780
2022-02-14,ORCL,Oracle,Technology,94.69,9220933
2022-02-14,QCOM,Qualcomm,Technology,183.86,9815083
2022-02-14,TSLA,Tesla,Cons. Discretionary,360.31,89887797
2022-02-15,AAPL,Apple,Technology,193.28,102849698
2022-02-15,AMD,AMD,Technology,137.96,43538146
2022-02-15,AMZN,Amazon,Cons. Discretionary,146.66,59546722
2022-02-15,AVGO,Broadcom,Technology,66.85,17214320
2022-02-15,CRM,Salesforce,Technology,294.02,6022757
2022-02-15,GOOGL,Alphabet,Communication Svcs.,145.22,22929630
2022-02-15,IBM,IBM,Technology,131.79,3326022
2022-02-15,INTC,Intel,Technology,50.07,36341931
2022-02-15,META,Meta Platforms,Communication Svcs.,323.98,21609367
2022-02-15,MSFT,Microsoft,Technology,337.34,50699828
2022-02-15,NFLX,Netflix,Communication Svcs.,595.36,4716966
2022-02-15,NVDA,NVIDIA,Technology,24.37,421283873
2022-02-15,ORCL,Oracle,Technology,94.66,8474709
2022-02-15,QCOM,Qualcomm,Technology,190.33,9081488
2022-02-15,TSLA,Tesla,Cons. Discretionary,349.45,98001981
2022-02-16,AAPL,Apple,Technology,189.04,102993266
2022-02-16,AMD,AMD,Technology,130.37,44045553
2022-02-16,AMZN,Amazon,Cons. Discretionary,150.54,45729459
2022-02-16,AVGO,Broadcom,Technology,65.8,18077706
2022-02-16,CRM,Salesforce,Technology,283.96,4745599
2022-02-16,GOOGL,Alphabet,Communication Svcs.,144.23,28795336
2022-02-16,IBM,IBM,Technology,130.57,4394508
2022-02-16,INTC,Intel,Technology,50.38,35512338
2022-02-16,META,Meta Platforms,Communication Svcs.,318.33,11066314
2022-02-16,MSFT,Microsoft,Technology,341.96,31867065
2022-02-16,NFLX,Netflix,Communication Svcs.,570.61,3008011
2022-02-16,NVDA,NVIDIA,Technology,23.15,676233958
2022-02-16,ORCL,Oracle,Technology,94.52,10138778
2022-02-16,QCOM,Qualcomm,Technology,188.72,12878139
2022-02-16,TSLA,Tesla,Cons. Discretionary,334.93,103155888
2022-02-17,AAPL,Apple,Technology,191.4,26721588
2022-02-17,AMD,AMD,Technology,128.97,46996495
2022-02-17,AMZN,Amazon,Cons. Discretionary,151.17,46122010
2022-02-17,AVGO,Broadcom,Technology,66.73,25045086
2022-02-17,CRM,Salesforce,Technology,281.54,4414544
2022-02-17,GOOGL,Alphabet,Communication Svcs.,145.71,21125657
2022-02-17,IBM,IBM,Technology,132.14,3696982
2022-02-17,INTC,Intel,Technology,51.15,35908255
2022-02-17,META,Meta Platforms,Communication Svcs.,324.27,15149753
2022-02-17,MSFT,Microsoft,Technology,336.38,26607092
2022-02-17,NFLX,Netflix,Communication Svcs.,596.29,4839370
2022-02-17,NVDA,NVIDIA,Technology,22.6,235737458
2022-02-17,ORCL,Oracle,Technology,93.8,20491949
2022-02-17,QCOM,Qualcomm,Technology,185.46,12177172
2022-02-17,TSLA,Tesla,Cons. Discretionary,325.29,103833102
2022-02-18,AAPL,Apple,Technology,189.37,36240444
2022-02-18,AMD,AMD,Technology,118.12,38034044
2022-02-18,AMZN,Amazon,Cons. Discretionary,152.14,65116593
2022-02-18,AVGO,Broadcom,Technology,67.91,22265289
2022-02-18,CRM,Salesforce,Technology,285.64,3027092
2022-02-18,GOOGL,Alphabet,Communication Svcs.,142.78,24843953
2022-02-18,IBM,IBM,Technology,129.84,5408180
2022-02-18,INTC,Intel,Technology,50.54,28266046
2022-02-18,META,Meta Platforms,Communication Svcs.,321.92,15216147
2022-02-18,MSFT,Microsoft,Technology,331.12,33281524
2022-02-18,NFLX,Netflix,Communication Svcs.,602.22,3962553
2022-02-18,NVDA,NVIDIA,Technology,22.9,524075634
2022-02-18,ORCL,Oracle,Technology,93.66,7692460
2022-02-18,QCOM,Qualcomm,Technology,181.63,7301820
2022-02-18,TSLA,Tesla,Cons. Discretionary,334.3,131089254
2022-02-21,AAPL,Apple,Technology,188.32,54574574
2022-02-21,AMD,AMD,Technology,114.2,34685215
2022-02-21,AMZN,Amazon,Cons. Discretionary,153.48,45157089
2022-02-21,AVGO,Broadcom,Technology,67.13,11994072
2022-02-21,CRM,Salesforce,Technology,284.66,4214491
2022-02-21,GOOGL,Alphabet,Communication Svcs.,143.9,24687948
2022-02-21,IBM,IBM,Technology,133.91,3381803
2022-02-21,INTC,Intel,Technology,51.72,25136413
2022-02-21,META,Meta Platforms,Communication Svcs.,301.52,29886737
2022-02-21,MSFT,Microsoft,Technology,329.82,33129195
2022-02-21,NFLX,Netflix,Communication Svcs.,614.29,4977049
2022-02-21,NVDA,NVIDIA,Technology,23.02,326040960
2022-02-21,ORCL,Oracle,Technology,93.76,13044265
2022-02-21,QCOM,Qualcomm,Technology,183.2,6560263
2022-02-21,TSLA,Tesla,Cons. Discretionary,330.11,108785597
2022-02-22,AAPL,Apple,Technology,188.03,35199064
2022-02-22,AMD,AMD,Technology,112.83,58622646
2022-02-22,AMZN,Amazon,Cons. Discretionary,151.94,44541296
2022-02-22,AVGO,Broadcom,Technology,68.02,22142798
2022-02-22,CRM,Salesforce,Technology,272.82,5036786
2022-02-22,GOOGL,Alphabet,Communication Svcs.,146.05,24770715
2022-02-22,IBM,IBM,Technology,133.73,2954487
2022-02-22,INTC,Intel,Technology,52.46,27988438
2022-02-22,META,Meta Platforms,Communication Svcs.,308.27,20321821
2022-02-22,MSFT,Microsoft,Technology,329.25,18870442
2022-02-22,NFLX,Netflix,Communication Svcs.,590.18,3595403
2022-02-22,NVDA,NVIDIA,Technology,23.6,354839892
2022-02-22,ORCL,Oracle,Technology,93.71,14014447
2022-02-22,QCOM,Qualcomm,Technology,187.35,3949269
2022-02-22,TSLA,Tesla,Cons. Discretionary,337.06,66331737
2022-02-23,AAPL,Apple,Technology,191.53,72751683
2022-02-23,AMD,AMD,Technology,107.89,60913237
2022-02-23,AMZN,Amazon,Cons. Discretionary,153.65,57528877
2022-02-23,AVGO,Broadcom,Technology,66.14,17858650
2022-02-23,CRM,Salesforce,Technology,280.48,4887686
2022-02-23,GOOGL,Alphabet,Communication Svcs.,147.84,29769498
2022-02-23,IBM,IBM,Technology,133.49,4787701
2022-02-23,INTC,Intel,Technology,50.46,48657817
2022-02-23,META,Meta Platforms,Communication Svcs.,310.13,26143532
2022-02-23,MSFT,Microsoft,Technology,322.07,34274308
2022-02-23,NFLX,Netflix,Communication Svcs.,589.64,4561921
2022-02-23,NVDA,NVIDIA,Technology,23.33,500209654
2022-02-23,ORCL,Oracle,Technology,97.36,10150779
2022-02-23,QCOM,Qualcomm,Technology,188.02,10914645
2022-02-23,TSLA,Tesla,Cons. Discretionary,333.86,184165763
2022-02-24,AAPL,Apple,Technology,189.46,75985984
2022-02-24,AMD,AMD,Technology,111.04,32798108
2022-02-24,AMZN,Amazon,Cons. Discretionary,155.55,61356738
2022-02-24,AVGO,Broadcom,Technology,64.47,24060104
2022-02-24,CRM,Salesforce,Technology,276.12,6800754
2022-02-24,GOOGL,Alphabet,Communication Svcs.,148.73,19194027
2022-02-24,IBM,IBM,Technology,132.41,4657085
2022-02-24,INTC,Intel,Technology,49.96,28905133
2022-02-24,META,Meta Platforms,Communication Svcs.,306.59,24033579
2022-02-24,MSFT,Microsoft,Technology,324.05,26968731
2022-02-24,NFLX,Netflix,Communication Svcs.,570.34,5353646
2022-02-24,NVDA,NVIDIA,Technology,23.67,319663410
2022-02-24,ORCL,Oracle,Technology,100.56,8356844
2022-02-24,QCOM,Qualcomm,Technology,182.47,6811313
2022-02-24,TSLA,Tesla,Cons. Discretionary,325.86,65986300
2022-02-25,AAPL,Apple,Technology,186.14,45228967
2022-02-25,AMD,AMD,Technology,109.13,36438021
2022-02-25,AMZN,Amazon,Cons. Discretionary,160.36,47894484
2022-02-25,AVGO,Broadcom,Technology,65.08,14693813
2022-02-25,CRM,Salesforce,Technology,279.29,4621641
2022-02-25,GOOGL,Alphabet,Communication Svcs.,144.76,19010146
2022-02-25,IBM,IBM,Technology,134.74,4213564
2022-02-25,INTC,Intel,Technology,48.7,54882619
2022-02-25,META,Meta Platforms,Communication Svcs.,309.26,15869102
2022-02-25,MSFT,Microsoft,Technology,325.69,24833236
2022-02-25,NFLX,Netflix,Communication Svcs.,556.44,6169278
2022-02-25,NVDA,NVIDIA,Technology,23.91,328895102
2022-02-25,ORCL,Oracle,Technology,100.7,11046060
2022-02-25,QCOM,Qualcomm,Technology,185.03,8663115
2022-02-25,TSLA,Tesla,Cons. Discretionary,319.14,82727492
2022-02-28,AAPL,Apple,Technology,184.85,64427999
2022-02-28,AMD,AMD,Technology,118.58,62631152
2022-02-28,AMZN,Amazon,Cons. Discretionary,163.34,56845859
2022-02-28,AVGO,Broadcom,Technology,65.78,20776648
2022-02-28,CRM,Salesforce,Technology,270.88,4624560
2022-02-28,GOOGL,Alphabet,Communication Svcs.,145.26,23319239
2022-02-28,IBM,IBM,Technology,133.32,4706412
2022-02-28,INTC,Intel,Technology,48.22,29901020
2022-02-28,META,Meta Platforms,Communication Svcs.,301.81,28983113
2022-02-28,MSFT,Microsoft,Technology,321.91,35301561
2022-02-28,NFLX,Netflix,Communication Svcs.,541.8,3646243
2022-02-28,NVDA,NVIDIA,Technology,23.46,430281446
2022-02-28,ORCL,Oracle,Technology,101.74,14158255
2022-02-28,QCOM,Qualcomm,Technology,182.48,9818840
2022-02-28,TSLA,Tesla,Cons. Discretionary,317.21,94710467
2022-03-01,AAPL,Apple,Technology,188.06,44370880
2022-03-01,AMD,AMD,Technology,123.23,75208072
2022-03-01,AMZN,Amazon,Cons. Discretionary,161.41,61950275
2022-03-01,AVGO,Broadcom,Technology,67.03,25602184
2022-03-01,CRM,Salesforce,Technology,275.37,5023194
2022-03-01,GOOGL,Alphabet,Communication Svcs.,143.5,22701652
2022-03-01,IBM,IBM,Technology,131.05,3556605
2022-03-01,INTC,Intel,Technology,48.24,37646127
2022-03-01,META,Meta Platforms,Communication Svcs.,310.27,16935416
2022-03-01,MSFT,Microsoft,Technology,331.12,25018951
2022-03-01,NFLX,Netflix,Communication Svcs.,541.71,3296819
2022-03-01,NVDA,NVIDIA,Technology,23.84,478825833
2022-03-01,ORCL,Oracle,Technology,101.62,6773451
2022-03-01,QCOM,Qualcomm,Technology,182.85,5667456
2022-03-01,TSLA,Tesla,Cons. Discretionary,298.22,136982432
2022-03-02,AAPL,Apple,Technology,188.39,54450165
2022-03-02,AMD,AMD,Technology,129.28,56488152
2022-03-02,AMZN,Amazon,Cons. Discretionary,161.24,54284235
2022-03-02,AVGO,Broadcom,Technology,65.47,18144441
2022-03-02,CRM,Salesforce,Technology,270.6,5698046
2022-03-02,GOOGL,Alphabet,Communication Svcs.,142.72,28378673
2022-03-02,IBM,IBM,Technology,132.75,4219007
2022-03-02,INTC,Intel,Technology,46.78,24252404
2022-03-02,META,Meta Platforms,Communication Svcs.,306.36,19385247
2022-03-02,MSFT,Microsoft,Technology,325.49,34438172
2022-03-02,NFLX,Netflix,Communication Svcs.,561.43,4254771
2022-03-02,NVDA,NVIDIA,Technology,23.87,225566773
2022-03-02,ORCL,Oracle,Technology,103.23,9945116
2022-03-02,QCOM,Qualcomm,Technology,178.77,6801802
2022-03-02,TSLA,Tesla,Cons. Discretionary,310.96,102497673
2022-03-03,AAPL,Apple,Technology,188.33,67744270
2022-03-03,AMD,AMD,Technology,131.73,75814163
2022-03-03,AMZN,Amazon,Cons. Discretionary,159.34,38142124
2022-03-03,AVGO,Broadcom,Technology,64.16,19784609
2022-03-03,CRM,Salesforce,Technology,278.21,3262832
2022-03-03,GOOGL,Alphabet,Communication Svcs.,142.39,34684290
2022-03-03,IBM,IBM,Technology,134.82,4083563
2022-03-03,INTC,Intel,Technology,47.2,35070694
2022-03-03,META,Meta Platforms,Communication Svcs.,310.72,26865748
2022-03-03,MSFT,Microsoft,Technology,318.0,27431089
2022-03-03,NFLX,Netflix,Communication Svcs.,570.89,5979833
2022-03-03,NVDA,NVIDIA,Technology,25.17,635658863
2022-03-03,ORCL,Oracle,Technology,101.16,6630744
2022-03-03,QCOM,Qualcomm,Technology,180.6,9582429
2022-03-03,TSLA,Tesla,Cons. Discretionary,333.98,107228194
2022-03-04,AAPL,Apple,Technology,190.67,86663976
2022-03-04,AMD,AMD,Technology,136.42,40727111
2022-03-04,AMZN,Amazon,Cons. Discretionary,161.21,37660698
2022-03-04,AVGO,Broadcom,Technology,64.63,14696072
2022-03-04,CRM,Salesforce,Technology,276.32,6014095
2022-03-04,GOOGL,Alphabet,Communication Svcs.,142.8,34845989
2022-03-04,IBM,IBM,Technology,136.19,3037562
2022-03-04,INTC,Intel,Technology,48.11,38392143
2022-03-04,META,Meta Platforms,Communication Svcs.,299.67,14831414
2022-03-04,MSFT,Microsoft,Technology,314.85,14838913
2022-03-04,NFLX,Netflix,Communication Svcs.,548.45,4094515
2022-03-04,NVDA,NVIDIA,Technology,25.25,290966466
2022-03-04,ORCL,Oracle,Technology,105.59,15107869
2022-03-04,QCOM,Qualcomm,Technology,175.13,13027309
2022-03-04,TSLA,Tesla,Cons. Discretionary,330.4,184595125
2022-03-07,AAPL,Apple,Technology,194.44,59539225
2022-03-07,AMD,AMD,Technology,138.35,53815580
2022-03-07,AMZN,Amazon,Cons. Discretionary,159.41,59070671
2022-03-07,AVGO,Broadcom,Technology,64.64,17305755
2022-03-07,CRM,Salesforce,Technology,277.48,4732871
2022-03-07,GOOGL,Alphabet,Communication Svcs.,141.58,21801754
2022-03-07,IBM,IBM,Technology,136.16,4236533
2022-03-07,INTC,Intel,Technology,47.26,58344032
2022-03-07,META,Meta Platforms,Communication Svcs.,305.11,33022987
2022-03-07,MSFT,Microsoft,Technology,316.93,26371973
2022-03-07,NFLX,Netflix,Communication Svcs.,557.47,5945678
2022-03-07,NVDA,NVIDIA,Technology,25.51,398130126
2022-03-07,ORCL,Oracle,Technology,105.66,9361885
2022-03-07,QCOM,Qualcomm,Technology,176.49,6060516
2022-03-07,TSLA,Tesla,Cons. Discretionary,336.09,87137180
2022-03-08,AAPL,Apple,Technology,196.11,83900919
2022-03-08,AMD,AMD,Technology,141.9,34349278
2022-03-08,AMZN,Amazon,Cons. Discretionary,162.0,30798335
2022-03-08,AVGO,Broadcom,Technology,62.27,16807145
2022-03-08,CRM,Salesforce,Technology,274.7,5451882
2022-03-08,GOOGL,Alphabet,Communication Svcs.,144.28,13084030
2022-03-08,IBM,IBM,Technology,135.33,3744252
2022-03-08,INTC,Intel,Technology,47.5,50125307
2022-03-08,META,Meta Platforms,Communication Svcs.,313.45,21466610
2022-03-08,MSFT,Microsoft,Technology,316.02,24163367
2022-03-08,NFLX,Netflix,Communication Svcs.,578.81,5031380
2022-03-08,NVDA,NVIDIA,Technology,24.9,456944877
2022-03-08,ORCL,Oracle,Technology,107.22,6336700
2022-03-08,QCOM,Qualcomm,Technology,170.58,7657399
2022-03-08,TSLA,Tesla,Cons. Discretionary,322.06,121498372
2022-03-09,AAPL,Apple,Technology,197.41,49102664
2022-03-09,AMD,AMD,Technology,138.92,62406295
2022-03-09,AMZN,Amazon,Cons. Discretionary,162.01,59182728
2022-03-09,AVGO,Broadcom,Technology,67.79,22844373
2022-03-09,CRM,Salesforce,Technology,265.47,3724061
2022-03-09,GOOGL,Alphabet,Communication Svcs.,146.43,24933086
2022-03-09,IBM,IBM,Technology,134.62,3823471
2022-03-09,INTC,Intel,Technology,47.2,35451633
2022-03-09,META,Meta Platforms,Communication Svcs.,302.24,10788957
2022-03-09,MSFT,Microsoft,Technology,314.05,21711509
2022-03-09,NFLX,Netflix,Communication Svcs.,570.25,6379650
2022-03-09,NVDA,NVIDIA,Technology,26.07,588945400
2022-03-09,ORCL,Oracle,Technology,109.15,8849517
2022-03-09,QCOM,Qualcomm,Technology,174.02,7600975
2022-03-09,TSLA,Tesla,Cons. Discretionary,337.95,92758516
2022-03-10,AAPL,Apple,Technology,197.91,93789582
2022-03-10,AMD,AMD,Technology,131.0,36403562
2022-03-10,AMZN,Amazon,Cons. Discretionary,164.18,64916741
2022-03-10,AVGO,Broadcom,Technology,68.71,16666503
2022-03-10,CRM,Salesforce,Technology,261.45,4017381
2022-03-10,GOOGL,Alphabet,Communication Svcs.,145.92,23787566
2022-03-10,IBM,IBM,Technology,133.57,5007701
2022-03-10,INTC,Intel,Technology,47.33,49341290
2022-03-10,META,Meta Platforms,Communication Svcs.,296.36,19661328
2022-03-10,MSFT,Microsoft,Technology,310.01,23191265
2022-03-10,NFLX,Netflix,Communication Svcs.,566.74,8476385
2022-03-10,NVDA,NVIDIA,Technology,25.65,408828828
2022-03-10,ORCL,Oracle,Technology,104.63,13018539
2022-03-10,QCOM,Qualcomm,Technology,167.97,5219317
2022-03-10,TSLA,Tesla,Cons. Discretionary,325.99,172251984
2022-03-11,AAPL,Apple,Technology,198.61,52261245
2022-03-11,AMD,AMD,Technology,129.71,45691908
2022-03-11,AMZN,Amazon,Cons. Discretionary,160.52,66845697
2022-03-11,AVGO,Broadcom,Technology,64.68,19023884
2022-03-11,CRM,Salesforce,Technology,256.18,5961541
2022-03-11,GOOGL,Alphabet,Communication Svcs.,146.04,22787652
2022-03-11,IBM,IBM,Technology,132.77,3254737
2022-03-11,INTC,Intel,Technology,48.68,22243765
2022-03-11,META,Meta Platforms,Communication Svcs.,295.17,14609535
2022-03-11,MSFT,Microsoft,Technology,305.23,41080919
2022-03-11,NFLX,Netflix,Communication Svcs.,586.44,3465998
2022-03-11,NVDA,NVIDIA,Technology,25.24,689081768
2022-03-11,ORCL,Oracle,Technology,104.45,11516727
2022-03-11,QCOM,Qualcomm,Technology,167.32,5154649
2022-03-11,TSLA,Tesla,Cons. Discretionary,334.53,90613614
2022-03-14,AAPL,Apple,Technology,204.96,72356171
2022-03-14,AMD,AMD,Technology,126.53,46261666
2022-03-14,AMZN,Amazon,Cons. Discretionary,156.02,48470955
2022-03-14,AVGO,Broadcom,Technology,62.74,21786571
2022-03-14,CRM,Salesforce,Technology,254.02,6752062
2022-03-14,GOOGL,Alphabet,Communication Svcs.,147.18,33645818
2022-03-14,IBM,IBM,Technology,132.11,3866295
2022-03-14,INTC,Intel,Technology,48.11,31930003
2022-03-14,META,Meta Platforms,Communication Svcs.,306.88,15462117
2022-03-14,MSFT,Microsoft,Technology,303.08,22758296
2022-03-14,NFLX,Netflix,Communication Svcs.,571.67,3744286
2022-03-14,NVDA,NVIDIA,Technology,25.32,396359944
2022-03-14,ORCL,Oracle,Technology,103.62,9618902
2022-03-14,QCOM,Qualcomm,Technology,166.88,7165758
2022-03-14,TSLA,Tesla,Cons. Discretionary,328.18,57429990
2022-03-15,AAPL,Apple,Technology,207.54,58983752
2022-03-15,AMD,AMD,Technology,128.37,45743373
2022-03-15,AMZN,Amazon,Cons. Discretionary,148.87,65402686
2022-03-15,AVGO,Broadcom,Technology,62.88,41569605
2022-03-15,CRM,Salesforce,Technology,262.85,3134303
2022-03-15,GOOGL,Alphabet,Communication Svcs.,152.38,25756099
2022-03-15,IBM,IBM,Technology,130.88,4735699
2022-03-15,INTC,Intel,Technology,46.59,28538220
2022-03-15,META,Meta Platforms,Communication Svcs.,299.85,18860420
2022-03-15,MSFT,Microsoft,Technology,301.57,27270835
2022-03-15,NFLX,Netflix,Communication Svcs.,559.63,7205894
2022-03-15,NVDA,NVIDIA,Technology,25.81,380844868
2022-03-15,ORCL,Oracle,Technology,103.02,18120638
2022-03-15,QCOM,Qualcomm,Technology,165.78,6139706
2022-03-15,TSLA,Tesla,Cons. Discretionary,319.65,133863163
2022-03-16,AAPL,Apple,Technology,210.64,70549172
2022-03-16,AMD,AMD,Technology,120.39,50161605
2022-03-16,AMZN,Amazon,Cons. Discretionary,151.11,36146609
2022-03-16,AVGO,Broadcom,Technology,61.46,21045340
2022-03-16,CRM,Salesforce,Technology,266.63,8341972
2022-03-16,GOOGL,Alphabet,Communication Svcs.,151.7,20691627
2022-03-16,IBM,IBM,Technology,130.12,5196306
2022-03-16,INTC,Intel,Technology,46.47,31305598
2022-03-16,META,Meta Platforms,Communication Svcs.,293.92,19984591
2022-03-16,MSFT,Microsoft,Technology,304.23,38737063
2022-03-16,NFLX,Netflix,Communication Svcs.,555.11,3845925
2022-03-16,NVDA,NVIDIA,Technology,24.93,659893658
2022-03-16,ORCL,Oracle,Technology,101.72,18970424
2022-03-16,QCOM,Qualcomm,Technology,163.36,11258367
2022-03-16,TSLA,Tesla,Cons. Discretionary,324.43,106419502
2022-03-17,AAPL,Apple,Technology,209.24,64728348
2022-03-17,AMD,AMD,Technology,121.03,46520451
2022-03-17,AMZN,Amazon,Cons. Discretionary,154.38,73449249
2022-03-17,AVGO,Broadcom,Technology,62.8,18006645
2022-03-17,CRM,Salesforce,Technology,274.24,6009616
2022-03-17,GOOGL,Alphabet,Communication Svcs.,156.94,19074769
2022-03-17,IBM,IBM,Technology,131.8,4724687
2022-03-17,INTC,Intel,Technology,44.68,29940598
2022-03-17,META,Meta Platforms,Communication Svcs.,290.89,16194000
2022-03-17,MSFT,Microsoft,Technology,298.63,37853833
2022-03-17,NFLX,Netflix,Communication Svcs.,537.89,3887674
2022-03-17,NVDA,NVIDIA,Technology,25.12,639699738
2022-03-17,ORCL,Oracle,Technology,99.97,9045329
2022-03-17,QCOM,Qualcomm,Technology,163.9,11272926
2022-03-17,TSLA,Tesla,Cons. Discretionary,323.1,105436603
2022-03-18,AAPL,Apple,Technology,209.87,81521295
2022-03-18,AMD,AMD,Technology,122.38,52783578
2022-03-18,AMZN,Amazon,Cons. Discretionary,153.46,65024597
2022-03-18,AVGO,Broadcom,Technology,63.69,16245513
2022-03-18,CRM,Salesforce,Technology,268.81,4821357
2022-03-18,GOOGL,Alphabet,Communication Svcs.,155.86,31949761
2022-03-18,IBM,IBM,Technology,132.93,4684261
2022-03-18,INTC,Intel,Technology,43.93,33884516
2022-03-18,META,Meta Platforms,Communication Svcs.,282.84,16611480
2022-03-18,MSFT,Microsoft,Technology,297.54,32452681
2022-03-18,NFLX,Netflix,Communication Svcs.,524.64,4763106
2022-03-18,NVDA,NVIDIA,Technology,27.44,407185968
2022-03-18,ORCL,Oracle,Technology,102.1,9089208
2022-03-18,QCOM,Qualcomm,Technology,165.72,10968885
2022-03-18,TSLA,Tesla,Cons. Discretionary,329.43,113099988
2022-03-21,AAPL,Apple,Technology,214.47,43119972
2022-03-21,AMD,AMD,Technology,122.75,42083523
2022-03-21,AMZN,Amazon,Cons. Discretionary,153.16,41596410
2022-03-21,AVGO,Broadcom,Technology,63.16,23403135
2022-03-21,CRM,Salesforce,Technology,266.03,5335930
2022-03-21,GOOGL,Alphabet,Communication Svcs.,156.95,42929521
2022-03-21,IBM,IBM,Technology,135.84,5063073
2022-03-21,INTC,Intel,Technology,42.01,35212974
2022-03-21,META,Meta Platforms,Communication Svcs.,273.03,20364026
2022-03-21,MSFT,Microsoft,Technology,292.38,25300351
2022-03-21,NFLX,Netflix,Communication Svcs.,537.93,6466742
2022-03-21,NVDA,NVIDIA,Technology,26.99,697302286
2022-03-21,ORCL,Oracle,Technology,103.3,9104707
2022-03-21,QCOM,Qualcomm,Technology,173.02,10638129
2022-03-21,TSLA,Tesla,Cons. Discretionary,316.55,73859538
2022-03-22,AAPL,Apple,Technology,208.82,59224505
2022-03-22,AMD,AMD,Technology,124.96,49431263
2022-03-22,AMZN,Amazon,Cons. Discretionary,147.94,41007026
2022-03-22,AVGO,Broadcom,Technology,62.2,26281876
2022-03-22,CRM,Salesforce,Technology,264.94,4215014
2022-03-22,GOOGL,Alphabet,Communication Svcs.,157.72,48889588
2022-03-22,IBM,IBM,Technology,135.13,2188918
2022-03-22,INTC,Intel,Technology,43.65,55576767
2022-03-22,META,Meta Platforms,Communication Svcs.,265.87,24096960
2022-03-22,MSFT,Microsoft,Technology,286.19,22771756
2022-03-22,NFLX,Netflix,Communication Svcs.,535.07,7308113
2022-03-22,NVDA,NVIDIA,Technology,27.28,310323137
2022-03-22,ORCL,Oracle,Technology,106.65,11163347
2022-03-22,QCOM,Qualcomm,Technology,172.21,14007869
2022-03-22,TSLA,Tesla,Cons. Discretionary,294.49,91515610
2022-03-23,AAPL,Apple,Technology,206.22,49494689
2022-03-23,AMD,AMD,Technology,123.38,53042465
2022-03-23,AMZN,Amazon,Cons. Discretionary,145.21,55744592
2022-03-23,AVGO,Broadcom,Technology,60.73,19004282
2022-03-23,CRM,Salesforce,Technology,258.7,3517059
2022-03-23,GOOGL,Alphabet,Communication Svcs.,154.25,28021709
2022-03-23,IBM,IBM,Technology,135.77,3391721
2022-03-23,INTC,Intel,Technology,44.3,31048221
2022-03-23,META,Meta Platforms,Communication Svcs.,268.09,15234583
2022-03-23,MSFT,Microsoft,Technology,280.1,39565583
2022-03-23,NFLX,Netflix,Communication Svcs.,538.52,6854455
2022-03-23,NVDA,NVIDIA,Technology,25.75,386702678
2022-03-23,ORCL,Oracle,Technology,104.71,12433224
2022-03-23,QCOM,Qualcomm,Technology,169.53,10284139
2022-03-23,TSLA,Tesla,Cons. Discretionary,284.83,99269888
2022-03-24,AAPL,Apple,Technology,204.34,58065042
2022-03-24,AMD,AMD,Technology,129.38,32470057
2022-03-24,AMZN,Amazon,Cons. Discretionary,137.04,68348594
2022-03-24,AVGO,Broadcom,Technology,60.42,8928378
2022-03-24,CRM,Salesforce,Technology,257.96,4359624
2022-03-24,GOOGL,Alphabet,Communication Svcs.,155.74,19330875
2022-03-24,IBM,IBM,Technology,137.67,2171736
2022-03-24,INTC,Intel,Technology,43.95,39867363
2022-03-24,META,Meta Platforms,Communication Svcs.,262.47,15031777
2022-03-24,MSFT,Microsoft,Technology,280.44,25524911
2022-03-24,NFLX,Netflix,Communication Svcs.,534.28,5866332
2022-03-24,NVDA,NVIDIA,Technology,25.72,558059527
2022-03-24,ORCL,Oracle,Technology,103.93,9491136
2022-03-24,QCOM,Qualcomm,Technology,168.8,9182932
2022-03-24,TSLA,Tesla,Cons. Discretionary,296.21,74727508
2022-03-25,AAPL,Apple,Technology,205.58,52468149
2022-03-25,AMD,AMD,Technology,125.15,46667445
2022-03-25,AMZN,Amazon,Cons. Discretionary,144.27,51928567
2022-03-25,AVGO,Broadcom,Technology,57.39,25754928
2022-03-25,CRM,Salesforce,Technology,257.45,6375806
2022-03-25,GOOGL,Alphabet,Communication Svcs.,155.18,26271203
2022-03-25,IBM,IBM,Technology,136.92,4494768
2022-03-25,INTC,Intel,Technology,43.52,38938946
2022-03-25,META,Meta Platforms,Communication Svcs.,254.32,21764730
2022-03-25,MSFT,Microsoft,Technology,277.55,21461916
2022-03-25,NFLX,Netflix,Communication Svcs.,529.85,5504948
2022-03-25,NVDA,NVIDIA,Technology,26.08,540847124
2022-03-25,ORCL,Oracle,Technology,104.57,9572515
2022-03-25,QCOM,Qualcomm,Technology,166.68,8300918
2022-03-25,TSLA,Tesla,Cons. Discretionary,286.72,89972331
2022-03-28,AAPL,Apple,Technology,212.67,42629782
2022-03-28,AMD,AMD,Technology,126.24,60588207
2022-03-28,AMZN,Amazon,Cons. Discretionary,139.94,43429346
2022-03-28,AVGO,Broadcom,Technology,55.8,23069119
2022-03-28,CRM,Salesforce,Technology,261.99,5950993
2022-03-28,GOOGL,Alphabet,Communication Svcs.,157.04,24868866
2022-03-28,IBM,IBM,Technology,137.9,6285204
2022-03-28,INTC,Intel,Technology,44.22,34044409
2022-03-28,META,Meta Platforms,Communication Svcs.,255.49,21367433
2022-03-28,MSFT,Microsoft,Technology,273.05,21855089
2022-03-28,NFLX,Netflix,Communication Svcs.,544.71,3426833
2022-03-28,NVDA,NVIDIA,Technology,26.56,414342179
2022-03-28,ORCL,Oracle,Technology,105.29,12780118
2022-03-28,QCOM,Qualcomm,Technology,168.07,8696931
2022-03-28,TSLA,Tesla,Cons. Discretionary,296.35,126183900
2022-03-29,AAPL,Apple,Technology,210.6,46774719
2022-03-29,AMD,AMD,Technology,127.45,62681188
2022-03-29,AMZN,Amazon,Cons. Discretionary,141.19,28373340
2022-03-29,AVGO,Broadcom,Technology,54.73,30171371
2022-03-29,CRM,Salesforce,Technology,261.67,5699060
2022-03-29,GOOGL,Alphabet,Communication Svcs.,155.52,27362473
2022-03-29,IBM,IBM,Technology,136.01,4750886
2022-03-29,INTC,Intel,Technology,45.13,27933682
2022-03-29,META,Meta Platforms,Communication Svcs.,262.11,23421572
2022-03-29,MSFT,Microsoft,Technology,278.7,26474859
2022-03-29,NFLX,Netflix,Communication Svcs.,542.93,5760563
2022-03-29,NVDA,NVIDIA,Technology,25.55,389921364
2022-03-29,ORCL,Oracle,Technology,104.38,8382030
2022-03-29,QCOM,Qualcomm,Technology,173.8,10607888
2022-03-29,TSLA,Tesla,Cons. Discretionary,300.82,81452159
2022-03-30,AAPL,Apple,Technology,211.54,41222756
2022-03-30,AMD,AMD,Technology,134.59,66791502
2022-03-30,AMZN,Amazon,Cons. Discretionary,137.78,32273729
2022-03-30,AVGO,Broadcom,Technology,56.08,26878801
2022-03-30,CRM,Salesforce,Technology,254.82,5164973
2022-03-30,GOOGL,Alphabet,Communication Svcs.,156.33,37102228
2022-03-30,IBM,IBM,Technology,134.43,3971423
2022-03-30,INTC,Intel,Technology,46.69,31435624
2022-03-30,META,Meta Platforms,Communication Svcs.,255.31,18167748
2022-03-30,MSFT,Microsoft,Technology,274.1,18914762
2022-03-30,NFLX,Netflix,Communication Svcs.,538.6,5349826
2022-03-30,NVDA,NVIDIA,Technology,26.96,452182544
2022-03-30,ORCL,Oracle,Technology,105.67,9263788
2022-03-30,QCOM,Qualcomm,Technology,178.96,11039210
2022-03-30,TSLA,Tesla,Cons. Discretionary,292.08,98207134
2022-03-31,AAPL,Apple,Technology,209.46,42973621
2022-03-31,AMD,AMD,Technology,139.55,36766274
2022-03-31,AMZN,Amazon,Cons. Discretionary,138.72,66503261
2022-03-31,AVGO,Broadcom,Technology,58.26,23889143
2022-03-31,CRM,Salesforce,Technology,253.97,4280826
2022-03-31,GOOGL,Alphabet,Communication Svcs.,159.74,40955840
2022-03-31,IBM,IBM,Technology,134.19,4779186
2022-03-31,INTC,Intel,Technology,47.4,49493120
2022-03-31,META,Meta Platforms,Communication Svcs.,251.21,33410913
2022-03-31,MSFT,Microsoft,Technology,272.6,14435260
2022-03-31,NFLX,Netflix,Communication Svcs.,533.99,4177769
2022-03-31,NVDA,NVIDIA,Technology,27.73,442208541
2022-03-31,ORCL,Oracle,Technology,104.53,9920195
2022-03-31,QCOM,Qualcomm,Technology,182.57,9292886
2022-03-31,TSLA,Tesla,Cons. Discretionary,294.37,155493615
2022-04-01,AAPL,Apple,Technology,208.59,56638532
2022-04-01,AMD,AMD,Technology,140.9,36900745
2022-04-01,AMZN,Amazon,Cons. Discretionary,140.41,47581894
2022-04-01,AVGO,Broadcom,Technology,59.23,25399179
2022-04-01,CRM,Salesforce,Technology,254.17,5086235
2022-04-01,GOOGL,Alphabet,Communication Svcs.,162.67,25786389
2022-04-01,IBM,IBM,Technology,133.44,3651308
2022-04-01,INTC,Intel,Technology,47.43,72253886
2022-04-01,META,Meta Platforms,Communication Svcs.,246.95,15491592
2022-04-01,MSFT,Microsoft,Technology,274.76,29883115
2022-04-01,NFLX,Netflix,Communication Svcs.,514.89,5101700
2022-04-01,NVDA,NVIDIA,Technology,27.62,326070403
2022-04-01,ORCL,Oracle,Technology,108.79,11847382
2022-04-01,QCOM,Qualcomm,Technology,179.79,9500060
2022-04-01,TSLA,Tesla,Cons. Discretionary,306.14,104443682
2022-04-04,AAPL,Apple,Technology,209.45,58926499
2022-04-04,AMD,AMD,Technology,137.36,44495602
2022-04-04,AMZN,Amazon,Cons. Discretionary,139.79,53397119
2022-04-04,AVGO,Broadcom,Technology,59.65,15783306
2022-04-04,CRM,Salesforce,Technology,256.5,3789867
2022-04-04,GOOGL,Alphabet,Communication Svcs.,162.2,16863926
2022-04-04,IBM,IBM,Technology,132.58,3150855
2022-04-04,INTC,Intel,Technology,48.78,20962369
2022-04-04,META,Meta Platforms,Communication Svcs.,240.76,19420456
2022-04-04,MSFT,Microsoft,Technology,278.09,30730406
2022-04-04,NFLX,Netflix,Communication Svcs.,510.72,5440118
2022-04-04,NVDA,NVIDIA,Technology,28.11,393748015
2022-04-04,ORCL,Oracle,Technology,108.06,13215601
2022-04-04,QCOM,Qualcomm,Technology,180.83,7534889
2022-04-04,TSLA,Tesla,Cons. Discretionary,334.46,68550618
2022-04-05,AAPL,Apple,Technology,209.67,66385138
2022-04-05,AMD,AMD,Technology,141.42,42048374
2022-04-05,AMZN,Amazon,Cons. Discretionary,139.72,51247661
2022-04-05,AVGO,Broadcom,Technology,58.77,16938765
2022-04-05,CRM,Salesforce,Technology,252.33,3980714
2022-04-05,GOOGL,Alphabet,Communication Svcs.,165.44,28779174
2022-04-05,IBM,IBM,Technology,133.84,4285609
2022-04-05,INTC,Intel,Technology,49.25,34364082
2022-04-05,META,Meta Platforms,Communication Svcs.,238.03,27405409
2022-04-05,MSFT,Microsoft,Technology,271.64,16532530
2022-04-05,NFLX,Netflix,Communication Svcs.,511.0,5337553
2022-04-05,NVDA,NVIDIA,Technology,29.1,456236568
2022-04-05,ORCL,Oracle,Technology,107.59,10003976
2022-04-05,QCOM,Qualcomm,Technology,182.28,8109639
2022-04-05,TSLA,Tesla,Cons. Discretionary,352.33,66164406
2022-04-06,AAPL,Apple,Technology,207.89,57326147
2022-04-06,AMD,AMD,Technology,139.46,50165248
2022-04-06,AMZN,Amazon,Cons. Discretionary,140.25,45567328
2022-04-06,AVGO,Broadcom,Technology,57.05,19953197
2022-04-06,CRM,Salesforce,Technology,250.8,2312657
2022-04-06,GOOGL,Alphabet,Communication Svcs.,167.67,22692058
2022-04-06,IBM,IBM,Technology,134.94,3028051
2022-04-06,INTC,Intel,Technology,49.52,31085226
2022-04-06,META,Meta Platforms,Communication Svcs.,245.0,16983268
2022-04-06,MSFT,Microsoft,Technology,270.78,26231447
2022-04-06,NFLX,Netflix,Communication Svcs.,510.49,8120625
2022-04-06,NVDA,NVIDIA,Technology,29.48,655476781
2022-04-06,ORCL,Oracle,Technology,105.42,15028326
2022-04-06,QCOM,Qualcomm,Technology,182.28,14955235
2022-04-06,TSLA,Tesla,Cons. Discretionary,355.39,93143377
2022-04-07,AAPL,Apple,Technology,208.28,45968961
2022-04-07,AMD,AMD,Technology,138.25,42365889
2022-04-07,AMZN,Amazon,Cons. Discretionary,146.53,61209610
2022-04-07,AVGO,Broadcom,Technology,56.28,17064752
2022-04-07,CRM,Salesforce,Technology,253.63,5251942
2022-04-07,GOOGL,Alphabet,Communication Svcs.,168.46,20061340
2022-04-07,IBM,IBM,Technology,137.14,3115205
2022-04-07,INTC,Intel,Technology,49.28,50183922
2022-04-07,META,Meta Platforms,Communication Svcs.,245.4,25792085
2022-04-07,MSFT,Microsoft,Technology,274.63,24535765
2022-04-07,NFLX,Netflix,Communication Svcs.,520.04,5894609
2022-04-07,NVDA,NVIDIA,Technology,28.8,405514161
2022-04-07,ORCL,Oracle,Technology,106.3,9600296
2022-04-07,QCOM,Qualcomm,Technology,183.41,4612933
2022-04-07,TSLA,Tesla,Cons. Discretionary,364.01,117417117
2022-04-08,AAPL,Apple,Technology,200.85,52504499
2022-04-08,AMD,AMD,Technology,137.22,33211387
2022-04-08,AMZN,Amazon,Cons. Discretionary,146.4,66859504
2022-04-08,AVGO,Broadcom,Technology,54.87,31454072
2022-04-08,CRM,Salesforce,Technology,244.55,5729248
2022-04-08,GOOGL,Alphabet,Communication Svcs.,165.83,30328376
2022-04-08,IBM,IBM,Technology,139.54,4016419
2022-04-08,INTC,Intel,Technology,49.52,77762714
2022-04-08,META,Meta Platforms,Communication Svcs.,233.92,17124774
2022-04-08,MSFT,Microsoft,Technology,271.26,31160885
2022-04-08,NFLX,Netflix,Communication Svcs.,515.95,6445812
2022-04-08,NVDA,NVIDIA,Technology,29.03,316155260
2022-04-08,ORCL,Oracle,Technology,109.27,8867066
2022-04-08,QCOM,Qualcomm,Technology,182.82,8150748
2022-04-08,TSLA,Tesla,Cons. Discretionary,360.62,92132886
2022-04-11,AAPL,Apple,Technology,204.73,60706509
2022-04-11,AMD,AMD,Technology,136.03,70843282
2022-04-11,AMZN,Amazon,Cons. Discretionary,150.63,57859935
2022-04-11,AVGO,Broadcom,Technology,54.68,18536471
2022-04-11,CRM,Salesforce,Technology,244.4,3515174
2022-04-11,GOOGL,Alphabet,Communication Svcs.,171.9,22237631
2022-04-11,IBM,IBM,Technology,138.57,4033298
2022-04-11,INTC,Intel,Technology,50.05,35765466
2022-04-11,META,Meta Platforms,Communication Svcs.,224.02,17291272
2022-04-11,MSFT,Microsoft,Technology,271.68,22794340
2022-04-11,NFLX,Netflix,Communication Svcs.,493.96,4971213
2022-04-11,NVDA,NVIDIA,Technology,30.15,588213655
2022-04-11,ORCL,Oracle,Technology,108.74,11782848
2022-04-11,QCOM,Qualcomm,Technology,176.47,8881499
2022-04-11,TSLA,Tesla,Cons. Discretionary,368.79,117104273
2022-04-12,AAPL,Apple,Technology,201.48,84542615
2022-04-12,AMD,AMD,Technology,131.62,51581409
2022-04-12,AMZN,Amazon,Cons. Discretionary,150.71,55333288
2022-04-12,AVGO,Broadcom,Technology,54.01,26550997
2022-04-12,CRM,Salesforce,Technology,246.39,4910964
2022-04-12,GOOGL,Alphabet,Communication Svcs.,168.44,28515473
2022-04-12,IBM,IBM,Technology,137.03,2971902
2022-04-12,INTC,Intel,Technology,49.98,27488374
2022-04-12,META,Meta Platforms,Communication Svcs.,221.6,16093801
2022-04-12,MSFT,Microsoft,Technology,272.45,22113005
2022-04-12,NFLX,Netflix,Communication Svcs.,475.39,5041394
2022-04-12,NVDA,NVIDIA,Technology,31.41,476786294
2022-04-12,ORCL,Oracle,Technology,112.64,8400436
2022-04-12,QCOM,Qualcomm,Technology,179.58,9718986
2022-04-12,TSLA,Tesla,Cons. Discretionary,353.53,118614105
2022-04-13,AAPL,Apple,Technology,203.44,58835554
2022-04-13,AMD,AMD,Technology,128.5,62605520
2022-04-13,AMZN,Amazon,Cons. Discretionary,150.76,59403250
2022-04-13,AVGO,Broadcom,Technology,53.71,22718432
2022-04-13,CRM,Salesforce,Technology,246.44,4341249
2022-04-13,GOOGL,Alphabet,Communication Svcs.,161.94,26203263
2022-04-13,IBM,IBM,Technology,137.73,4418919
2022-04-13,INTC,Intel,Technology,50.41,70654244
2022-04-13,META,Meta Platforms,Communication Svcs.,212.82,19523198
2022-04-13,MSFT,Microsoft,Technology,270.49,15304501
2022-04-13,NFLX,Netflix,Communication Svcs.,477.23,6078798
2022-04-13,NVDA,NVIDIA,Technology,32.3,433072186
2022-04-13,ORCL,Oracle,Technology,112.44,7596741
2022-04-13,QCOM,Qualcomm,Technology,177.31,5701926
2022-04-13,TSLA,Tesla,Cons. Discretionary,356.48,175265127
2022-04-14,AAPL,Apple,Technology,202.01,47549884
2022-04-14,AMD,AMD,Technology,123.2,50401480
2022-04-14,AMZN,Amazon,Cons. Discretionary,148.84,44996686
2022-04-14,AVGO,Broadcom,Technology,54.85,27619681
2022-04-14,CRM,Salesforce,Technology,247.5,6173444
2022-04-14,GOOGL,Alphabet,Communication Svcs.,158.7,15518447
2022-04-14,IBM,IBM,Technology,139.89,4109841
2022-04-14,INTC,Intel,Technology,49.63,38232998
2022-04-14,META,Meta Platforms,Communication Svcs.,225.97,19600084
2022-04-14,MSFT,Microsoft,Technology,270.67,19998586
2022-04-14,NFLX,Netflix,Communication Svcs.,460.81,5050769
2022-04-14,NVDA,NVIDIA,Technology,32.71,632332496
2022-04-14,ORCL,Oracle,Technology,112.81,8955937
2022-04-14,QCOM,Qualcomm,Technology,173.17,9757606
2022-04-14,TSLA,Tesla,Cons. Discretionary,370.41,146008362
2022-04-15,AAPL,Apple,Technology,202.56,51313773
2022-04-15,AMD,AMD,Technology,115.69,69938712
2022-04-15,AMZN,Amazon,Cons. Discretionary,143.7,43331342
2022-04-15,AVGO,Broadcom,Technology,56.72,26632617
2022-04-15,CRM,Salesforce,Technology,240.51,6571424
2022-04-15,GOOGL,Alphabet,Communication Svcs.,158.92,15550988
2022-04-15,IBM,IBM,Technology,140.59,3652014
2022-04-15,INTC,Intel,Technology,49.02,33045081
2022-04-15,META,Meta Platforms,Communication Svcs.,213.54,20259759
2022-04-15,MSFT,Microsoft,Technology,277.49,18344326
2022-04-15,NFLX,Netflix,Communication Svcs.,475.28,4187354
2022-04-15,NVDA,NVIDIA,Technology,32.6,467953772
2022-04-15,ORCL,Oracle,Technology,116.07,7213481
2022-04-15,QCOM,Qualcomm,Technology,168.51,6984836
2022-04-15,TSLA,Tesla,Cons. Discretionary,374.63,133404327
2022-04-18,AAPL,Apple,Technology,198.71,58349363
2022-04-18,AMD,AMD,Technology,114.13,40894151
2022-04-18,AMZN,Amazon,Cons. Discretionary,146.75,46357681
2022-04-18,AVGO,Broadcom,Technology,57.46,25843074
2022-04-18,CRM,Salesforce,Technology,237.17,3783091
2022-04-18,GOOGL,Alphabet,Communication Svcs.,158.85,25758202
2022-04-18,IBM,IBM,Technology,137.98,4438147
2022-04-18,INTC,Intel,Technology,48.06,40260229
2022-04-18,META,Meta Platforms,Communication Svcs.,211.16,23222799
2022-04-18,MSFT,Microsoft,Technology,285.09,32812998
2022-04-18,NFLX,Netflix,Communication Svcs.,487.21,2824390
2022-04-18,NVDA,NVIDIA,Technology,32.24,380093655
2022-04-18,ORCL,Oracle,Technology,114.47,10806832
2022-04-18,QCOM,Qualcomm,Technology,167.35,11049459
2022-04-18,TSLA,Tesla,Cons. Discretionary,373.74,87509887
2022-04-19,AAPL,Apple,Technology,203.12,56412469
2022-04-19,AMD,AMD,Technology,117.54,68989363
2022-04-19,AMZN,Amazon,Cons. Discretionary,144.33,73631620
2022-04-19,AVGO,Broadcom,Technology,57.88,14449111
2022-04-19,CRM,Salesforce,Technology,230.42,5629458
2022-04-19,GOOGL,Alphabet,Communication Svcs.,159.19,15196973
2022-04-19,IBM,IBM,Technology,137.1,4193229
2022-04-19,INTC,Intel,Technology,48.03,30707892
2022-04-19,META,Meta Platforms,Communication Svcs.,205.76,21552134
2022-04-19,MSFT,Microsoft,Technology,281.43,31425267
2022-04-19,NFLX,Netflix,Communication Svcs.,472.89,2448652
2022-04-19,NVDA,NVIDIA,Technology,31.32,355797302
2022-04-19,ORCL,Oracle,Technology,114.01,11696684
2022-04-19,QCOM,Qualcomm,Technology,169.4,11395764
2022-04-19,TSLA,Tesla,Cons. Discretionary,367.59,98502253
2022-04-20,AAPL,Apple,Technology,208.72,51960556
2022-04-20,AMD,AMD,Technology,114.77,55748708
2022-04-20,AMZN,Amazon,Cons. Discretionary,144.72,51474974
2022-04-20,AVGO,Broadcom,Technology,55.5,20459606
2022-04-20,CRM,Salesforce,Technology,229.43,4641041
2022-04-20,GOOGL,Alphabet,Communication Svcs.,160.59,29243798
2022-04-20,IBM,IBM,Technology,139.11,4683776
2022-04-20,INTC,Intel,Technology,47.26,32155931
2022-04-20,META,Meta Platforms,Communication Svcs.,207.84,24162437
2022-04-20,MSFT,Microsoft,Technology,280.82,16805021
2022-04-20,NFLX,Netflix,Communication Svcs.,451.57,5787386
2022-04-20,NVDA,NVIDIA,Technology,32.63,489438358
2022-04-20,ORCL,Oracle,Technology,108.58,20177960
2022-04-20,QCOM,Qualcomm,Technology,173.83,6295003
2022-04-20,TSLA,Tesla,Cons. Discretionary,383.04,89596157
2022-04-21,AAPL,Apple,Technology,208.3,45660829
2022-04-21,AMD,AMD,Technology,111.78,62907449
2022-04-21,AMZN,Amazon,Cons. Discretionary,146.15,52301727
2022-04-21,AVGO,Broadcom,Technology,57.15,29711715
2022-04-21,CRM,Salesforce,Technology,233.99,3804718
2022-04-21,GOOGL,Alphabet,Communication Svcs.,153.04,21162109
2022-04-21,IBM,IBM,Technology,138.36,3647189
2022-04-21,INTC,Intel,Technology,48.24,30524061
2022-04-21,META,Meta Platforms,Communication Svcs.,206.47,15228880
2022-04-21,MSFT,Microsoft,Technology,276.54,27000910
2022-04-21,NFLX,Netflix,Communication Svcs.,461.76,5906035
2022-04-21,NVDA,NVIDIA,Technology,33.34,306551091
2022-04-21,ORCL,Oracle,Technology,103.06,10123081
2022-04-21,QCOM,Qualcomm,Technology,175.73,11829394
2022-04-21,TSLA,Tesla,Cons. Discretionary,396.97,152916556
2022-04-22,AAPL,Apple,Technology,208.08,38038877
2022-04-22,AMD,AMD,Technology,110.19,56015867
2022-04-22,AMZN,Amazon,Cons. Discretionary,143.67,40457410
2022-04-22,AVGO,Broadcom,Technology,58.42,18389737
2022-04-22,CRM,Salesforce,Technology,238.71,5975154
2022-04-22,GOOGL,Alphabet,Communication Svcs.,151.38,18644495
2022-04-22,IBM,IBM,Technology,137.1,5769398
2022-04-22,INTC,Intel,Technology,48.41,38893948
2022-04-22,META,Meta Platforms,Communication Svcs.,204.46,21603911
2022-04-22,MSFT,Microsoft,Technology,273.8,22950978
2022-04-22,NFLX,Netflix,Communication Svcs.,471.96,4686074
2022-04-22,NVDA,NVIDIA,Technology,33.29,619913467
2022-04-22,ORCL,Oracle,Technology,101.66,11988819
2022-04-22,QCOM,Qualcomm,Technology,167.84,8186019
2022-04-22,TSLA,Tesla,Cons. Discretionary,404.61,75940945
2022-04-25,AAPL,Apple,Technology,210.01,76545932
2022-04-25,AMD,AMD,Technology,112.65,48460811
2022-04-25,AMZN,Amazon,Cons. Discretionary,146.19,62314920
2022-04-25,AVGO,Broadcom,Technology,58.37,16259722
2022-04-25,CRM,Salesforce,Technology,243.23,5635744
2022-04-25,GOOGL,Alphabet,Communication Svcs.,152.86,17141862
2022-04-25,IBM,IBM,Technology,138.42,5053349
2022-04-25,INTC,Intel,Technology,47.73,23421342
2022-04-25,META,Meta Platforms,Communication Svcs.,199.9,21105910
2022-04-25,MSFT,Microsoft,Technology,270.47,32261849
2022-04-25,NFLX,Netflix,Communication Svcs.,464.89,4761048
2022-04-25,NVDA,NVIDIA,Technology,34.23,567434066
2022-04-25,ORCL,Oracle,Technology,102.31,13238681
2022-04-25,QCOM,Qualcomm,Technology,162.97,7714293
2022-04-25,TSLA,Tesla,Cons. Discretionary,416.82,74045956
2022-04-26,AAPL,Apple,Technology,212.87,28678714
2022-04-26,AMD,AMD,Technology,113.19,28353968
2022-04-26,AMZN,Amazon,Cons. Discretionary,147.06,65707378
2022-04-26,AVGO,Broadcom,Technology,59.43,25617790
2022-04-26,CRM,Salesforce,Technology,241.95,4932798
2022-04-26,GOOGL,Alphabet,Communication Svcs.,156.09,25747438
2022-04-26,IBM,IBM,Technology,140.61,4195616
2022-04-26,INTC,Intel,Technology,46.34,25418682
2022-04-26,META,Meta Platforms,Communication Svcs.,198.36,11174272
2022-04-26,MSFT,Microsoft,Technology,266.22,32800364
2022-04-26,NFLX,Netflix,Communication Svcs.,460.91,2619171
2022-04-26,NVDA,NVIDIA,Technology,34.0,614499796
2022-04-26,ORCL,Oracle,Technology,104.21,7891289
2022-04-26,QCOM,Qualcomm,Technology,163.12,8840562
2022-04-26,TSLA,Tesla,Cons. Discretionary,415.63,59428608
2022-04-27,AAPL,Apple,Technology,212.02,76412510
2022-04-27,AMD,AMD,Technology,106.97,37154074
2022-04-27,AMZN,Amazon,Cons. Discretionary,158.12,49094417
2022-04-27,AVGO,Broadcom,Technology,59.76,11688980
2022-04-27,CRM,Salesforce,Technology,236.36,4655423
2022-04-27,GOOGL,Alphabet,Communication Svcs.,153.06,23582331
2022-04-27,IBM,IBM,Technology,140.21,3623850
2022-04-27,INTC,Intel,Technology,46.85,26364496
2022-04-27,META,Meta Platforms,Communication Svcs.,196.33,19333386
2022-04-27,MSFT,Microsoft,Technology,267.57,18058114
2022-04-27,NFLX,Netflix,Communication Svcs.,440.27,5203299
2022-04-27,NVDA,NVIDIA,Technology,35.06,354428778
2022-04-27,ORCL,Oracle,Technology,102.82,8167836
2022-04-27,QCOM,Qualcomm,Technology,162.51,8693757
2022-04-27,TSLA,Tesla,Cons. Discretionary,411.4,111403392
2022-04-28,AAPL,Apple,Technology,207.66,81947806
2022-04-28,AMD,AMD,Technology,108.72,52022635
2022-04-28,AMZN,Amazon,Cons. Discretionary,154.76,39567402
2022-04-28,AVGO,Broadcom,Technology,57.82,14281853
2022-04-28,CRM,Salesforce,Technology,231.34,6235052
2022-04-28,GOOGL,Alphabet,Communication Svcs.,155.48,23266401
2022-04-28,IBM,IBM,Technology,140.81,5835311
2022-04-28,INTC,Intel,Technology,46.17,50853018
2022-04-28,META,Meta Platforms,Communication Svcs.,190.34,20060290
2022-04-28,MSFT,Microsoft,Technology,269.26,23915331
2022-04-28,NFLX,Netflix,Communication Svcs.,427.65,2626789
2022-04-28,NVDA,NVIDIA,Technology,32.58,519444957
2022-04-28,ORCL,Oracle,Technology,100.23,8741814
2022-04-28,QCOM,Qualcomm,Technology,158.99,10873532
2022-04-28,TSLA,Tesla,Cons. Discretionary,433.84,139537954
2022-04-29,AAPL,Apple,Technology,208.38,63499257
2022-04-29,AMD,AMD,Technology,109.72,58606988
2022-04-29,AMZN,Amazon,Cons. Discretionary,151.84,50155873
2022-04-29,AVGO,Broadcom,Technology,58.46,28153540
2022-04-29,CRM,Salesforce,Technology,226.77,4436074
2022-04-29,GOOGL,Alphabet,Communication Svcs.,162.2,23472465
2022-04-29,IBM,IBM,Technology,140.6,5196616
2022-04-29,INTC,Intel,Technology,47.28,26279393
2022-04-29,META,Meta Platforms,Communication Svcs.,194.47,17346679
2022-04-29,MSFT,Microsoft,Technology,263.8,31506703
2022-04-29,NFLX,Netflix,Communication Svcs.,424.99,5236844
2022-04-29,NVDA,NVIDIA,Technology,33.44,499891618
2022-04-29,ORCL,Oracle,Technology,100.18,9304328
2022-04-29,QCOM,Qualcomm,Technology,158.35,7736357
2022-04-29,TSLA,Tesla,Cons. Discretionary,488.32,130311185
2022-05-02,AAPL,Apple,Technology,202.42,59152126
2022-05-02,AMD,AMD,Technology,107.36,52970473
2022-05-02,AMZN,Amazon,Cons. Discretionary,149.42,37193937
2022-05-02,AVGO,Broadcom,Technology,57.25,21375847
2022-05-02,CRM,Salesforce,Technology,224.97,5326551
2022-05-02,GOOGL,Alphabet,Communication Svcs.,158.96,33922210
2022-05-02,IBM,IBM,Technology,140.31,4058935
2022-05-02,INTC,Intel,Technology,47.34,34244652
2022-05-02,META,Meta Platforms,Communication Svcs.,192.66,19866636
2022-05-02,MSFT,Microsoft,Technology,268.36,17269292
2022-05-02,NFLX,Netflix,Communication Svcs.,433.9,4253006
2022-05-02,NVDA,NVIDIA,Technology,33.43,372152653
2022-05-02,ORCL,Oracle,Technology,101.3,6596635
2022-05-02,QCOM,Qualcomm,Technology,157.55,8472793
2022-05-02,TSLA,Tesla,Cons. Discretionary,507.24,96746202
2022-05-03,AAPL,Apple,Technology,206.03,57960912
2022-05-03,AMD,AMD,Technology,99.25,67275106
2022-05-03,AMZN,Amazon,Cons. Discretionary,149.6,41255952
2022-05-03,AVGO,Broadcom,Technology,58.66,20138599
2022-05-03,CRM,Salesforce,Technology,226.68,7301486
2022-05-03,GOOGL,Alphabet,Communication Svcs.,155.12,30535863
2022-05-03,IBM,IBM,Technology,141.79,3141866
2022-05-03,INTC,Intel,Technology,45.65,53640347
2022-05-03,META,Meta Platforms,Communication Svcs.,181.34,17674156
2022-05-03,MSFT,Microsoft,Technology,269.59,21716395
2022-05-03,NFLX,Netflix,Communication Svcs.,438.45,5549447
2022-05-03,NVDA,NVIDIA,Technology,33.65,399159272
2022-05-03,ORCL,Oracle,Technology,102.49,13078358
2022-05-03,QCOM,Qualcomm,Technology,157.54,12161802
2022-05-03,TSLA,Tesla,Cons. Discretionary,497.95,112494651
2022-05-04,AAPL,Apple,Technology,208.16,93316996
2022-05-04,AMD,AMD,Technology,93.54,49168080
2022-05-04,AMZN,Amazon,Cons. Discretionary,142.33,46502044
2022-05-04,AVGO,Broadcom,Technology,59.72,23280557
2022-05-04,CRM,Salesforce,Technology,232.47,5759963
2022-05-04,GOOGL,Alphabet,Communication Svcs.,154.81,35407208
2022-05-04,IBM,IBM,Technology,141.46,4546921
2022-05-04,INTC,Intel,Technology,46.43,38827487
2022-05-04,META,Meta Platforms,Communication Svcs.,181.22,20770614
2022-05-04,MSFT,Microsoft,Technology,267.64,27381464
2022-05-04,NFLX,Netflix,Communication Svcs.,437.29,6440408
2022-05-04,NVDA,NVIDIA,Technology,33.37,394922580
2022-05-04,ORCL,Oracle,Technology,102.46,8825127
2022-05-04,QCOM,Qualcomm,Technology,153.64,5912927
2022-05-04,TSLA,Tesla,Cons. Discretionary,496.31,90758912
2022-05-05,AAPL,Apple,Technology,204.1,35331280
2022-05-05,AMD,AMD,Technology,92.27,56463711
2022-05-05,AMZN,Amazon,Cons. Discretionary,141.56,52806699
2022-05-05,AVGO,Broadcom,Technology,59.75,19647977
2022-05-05,CRM,Salesforce,Technology,229.96,6461236
2022-05-05,GOOGL,Alphabet,Communication Svcs.,157.37,24525718
2022-05-05,IBM,IBM,Technology,142.16,3298821
2022-05-05,INTC,Intel,Technology,46.58,26062902
2022-05-05,META,Meta Platforms,Communication Svcs.,178.23,18956639
2022-05-05,MSFT,Microsoft,Technology,264.65,29286132
2022-05-05,NFLX,Netflix,Communication Svcs.,445.45,6500586
2022-05-05,NVDA,NVIDIA,Technology,33.73,696925599
2022-05-05,ORCL,Oracle,Technology,104.32,7259552
2022-05-05,QCOM,Qualcomm,Technology,154.4,13294258
2022-05-05,TSLA,Tesla,Cons. Discretionary,490.43,80252204
2022-05-06,AAPL,Apple,Technology,200.89,82229420
2022-05-06,AMD,AMD,Technology,93.75,42680636
2022-05-06,AMZN,Amazon,Cons. Discretionary,139.36,49121921
2022-05-06,AVGO,Broadcom,Technology,61.66,47698548
2022-05-06,CRM,Salesforce,Technology,229.43,4278040
2022-05-06,GOOGL,Alphabet,Communication Svcs.,158.11,18484576
2022-05-06,IBM,IBM,Technology,140.43,6991784
2022-05-06,INTC,Intel,Technology,47.71,29925663
2022-05-06,META,Meta Platforms,Communication Svcs.,180.56,20805693
2022-05-06,MSFT,Microsoft,Technology,263.73,24444721
2022-05-06,NFLX,Netflix,Communication Svcs.,445.84,7589551
2022-05-06,NVDA,NVIDIA,Technology,33.23,559082017
2022-05-06,ORCL,Oracle,Technology,105.48,7646615
2022-05-06,QCOM,Qualcomm,Technology,151.12,9948735
2022-05-06,TSLA,Tesla,Cons. Discretionary,486.32,58501539
2022-05-09,AAPL,Apple,Technology,200.22,35585874
2022-05-09,AMD,AMD,Technology,92.5,39963458
2022-05-09,AMZN,Amazon,Cons. Discretionary,135.08,51624213
2022-05-09,AVGO,Broadcom,Technology,61.39,21470110
2022-05-09,CRM,Salesforce,Technology,230.46,6172164
2022-05-09,GOOGL,Alphabet,Communication Svcs.,157.58,24278528
2022-05-09,IBM,IBM,Technology,140.51,4235998
2022-05-09,INTC,Intel,Technology,46.34,35449786
2022-05-09,META,Meta Platforms,Communication Svcs.,176.79,23880336
2022-05-09,MSFT,Microsoft,Technology,258.22,24206308
2022-05-09,NFLX,Netflix,Communication Svcs.,435.18,5799049
2022-05-09,NVDA,NVIDIA,Technology,32.51,441078245
2022-05-09,ORCL,Oracle,Technology,107.96,6612556
2022-05-09,QCOM,Qualcomm,Technology,151.72,8563681
2022-05-09,TSLA,Tesla,Cons. Discretionary,465.38,106904919
2022-05-10,AAPL,Apple,Technology,202.88,62038646
2022-05-10,AMD,AMD,Technology,88.92,47646028
2022-05-10,AMZN,Amazon,Cons. Discretionary,137.68,49243589
2022-05-10,AVGO,Broadcom,Technology,62.45,13067646
2022-05-10,CRM,Salesforce,Technology,232.76,8709864
2022-05-10,GOOGL,Alphabet,Communication Svcs.,154.93,18436229
2022-05-10,IBM,IBM,Technology,140.5,4453348
2022-05-10,INTC,Intel,Technology,44.15,38089315
2022-05-10,META,Meta Platforms,Communication Svcs.,177.58,13561503
2022-05-10,MSFT,Microsoft,Technology,253.91,27310636
2022-05-10,NFLX,Netflix,Communication Svcs.,424.08,5032033
2022-05-10,NVDA,NVIDIA,Technology,32.91,469731611
2022-05-10,ORCL,Oracle,Technology,105.81,8031175
2022-05-10,QCOM,Qualcomm,Technology,148.56,5093767
2022-05-10,TSLA,Tesla,Cons. Discretionary,457.7,48460473
2022-05-11,AAPL,Apple,Technology,199.79,87511788
2022-05-11,AMD,AMD,Technology,84.95,40499174
2022-05-11,AMZN,Amazon,Cons. Discretionary,140.96,79586738
2022-05-11,AVGO,Broadcom,Technology,63.65,24485278
2022-05-11,CRM,Salesforce,Technology,232.57,7445932
2022-05-11,GOOGL,Alphabet,Communication Svcs.,158.08,29036829
2022-05-11,IBM,IBM,Technology,142.67,3604488
2022-05-11,INTC,Intel,Technology,45.21,51217168
2022-05-11,META,Meta Platforms,Communication Svcs.,181.19,32571443
2022-05-11,MSFT,Microsoft,Technology,252.58,30796917
2022-05-11,NFLX,Netflix,Communication Svcs.,425.4,3110020
2022-05-11,NVDA,NVIDIA,Technology,33.18,400570713
2022-05-11,ORCL,Oracle,Technology,105.24,9823574
2022-05-11,QCOM,Qualcomm,Technology,151.71,7568935
2022-05-11,TSLA,Tesla,Cons. Discretionary,448.96,96940230
2022-05-12,AAPL,Apple,Technology,198.31,75178648
2022-05-12,AMD,AMD,Technology,86.74,61702319
2022-05-12,AMZN,Amazon,Cons. Discretionary,143.47,46462285
2022-05-12,AVGO,Broadcom,Technology,62.49,27782699
2022-05-12,CRM,Salesforce,Technology,245.91,4459728
2022-05-12,GOOGL,Alphabet,Communication Svcs.,154.47,23076221
2022-05-12,IBM,IBM,Technology,144.38,4820740
2022-05-12,INTC,Intel,Technology,45.71,27663655
2022-05-12,META,Meta Platforms,Communication Svcs.,179.67,15750043
2022-05-12,MSFT,Microsoft,Technology,248.48,33734330
2022-05-12,NFLX,Netflix,Communication Svcs.,420.7,4087943
2022-05-12,NVDA,NVIDIA,Technology,33.38,521954921
2022-05-12,ORCL,Oracle,Technology,101.91,8021128
2022-05-12,QCOM,Qualcomm,Technology,147.92,10454550
2022-05-12,TSLA,Tesla,Cons. Discretionary,451.1,88374215
2022-05-13,AAPL,Apple,Technology,200.92,90054487
2022-05-13,AMD,AMD,Technology,84.44,44927617
2022-05-13,AMZN,Amazon,Cons. Discretionary,147.88,57853864
2022-05-13,AVGO,Broadcom,Technology,62.3,13043630
2022-05-13,CRM,Salesforce,Technology,253.91,5693063
2022-05-13,GOOGL,Alphabet,Communication Svcs.,157.65,20467207
2022-05-13,IBM,IBM,Technology,143.84,3429885
2022-05-13,INTC,Intel,Technology,44.68,37524709
2022-05-13,META,Meta Platforms,Communication Svcs.,181.09,26377645
2022-05-13,MSFT,Microsoft,Technology,252.93,18116819
2022-05-13,NFLX,Netflix,Communication Svcs.,411.36,6589402
2022-05-13,NVDA,NVIDIA,Technology,34.15,357830412
2022-05-13,ORCL,Oracle,Technology,100.25,14244836
2022-05-13,QCOM,Qualcomm,Technology,145.07,6068548
2022-05-13,TSLA,Tesla,Cons. Discretionary,469.4,117746479
2022-05-16,AAPL,Apple,Technology,197.59,65348879
2022-05-16,AMD,AMD,Technology,82.2,56182698
2022-05-16,AMZN,Amazon,Cons. Discretionary,142.19,43295698
2022-05-16,AVGO,Broadcom,Technology,60.73,25972987
2022-05-16,CRM,Salesforce,Technology,261.2,8204183
2022-05-16,GOOGL,Alphabet,Communication Svcs.,156.61,28056291
2022-05-16,IBM,IBM,Technology,144.25,4511168
2022-05-16,INTC,Intel,Technology,44.07,39944984
2022-05-16,META,Meta Platforms,Communication Svcs.,176.44,20815718
2022-05-16,MSFT,Microsoft,Technology,255.4,33758356
2022-05-16,NFLX,Netflix,Communication Svcs.,411.53,6481758
2022-05-16,NVDA,NVIDIA,Technology,33.35,359062319
2022-05-16,ORCL,Oracle,Technology,98.82,12592067
2022-05-16,QCOM,Qualcomm,Technology,137.76,9621689
2022-05-16,TSLA,Tesla,Cons. Discretionary,438.75,116197691
2022-05-17,AAPL,Apple,Technology,193.36,61922780
2022-05-17,AMD,AMD,Technology,79.84,48694227
2022-05-17,AMZN,Amazon,Cons. Discretionary,147.21,48573055
2022-05-17,AVGO,Broadcom,Technology,58.57,21968757
2022-05-17,CRM,Salesforce,Technology,263.46,4414515
2022-05-17,GOOGL,Alphabet,Communication Svcs.,154.7,24186485
2022-05-17,IBM,IBM,Technology,146.33,3405705
2022-05-17,INTC,Intel,Technology,43.37,37550692
2022-05-17,META,Meta Platforms,Communication Svcs.,173.42,20531014
2022-05-17,MSFT,Microsoft,Technology,252.23,22375819
2022-05-17,NFLX,Netflix,Communication Svcs.,413.43,5246885
2022-05-17,NVDA,NVIDIA,Technology,33.16,640592057
2022-05-17,ORCL,Oracle,Technology,99.7,10582739
2022-05-17,QCOM,Qualcomm,Technology,134.77,6894204
2022-05-17,TSLA,Tesla,Cons. Discretionary,446.25,133385019
2022-05-18,AAPL,Apple,Technology,192.34,42762900
2022-05-18,AMD,AMD,Technology,80.82,25623802
2022-05-18,AMZN,Amazon,Cons. Discretionary,137.08,38589589
2022-05-18,AVGO,Broadcom,Technology,61.5,18092408
2022-05-18,CRM,Salesforce,Technology,265.1,5374229
2022-05-18,GOOGL,Alphabet,Communication Svcs.,155.21,24879220
2022-05-18,IBM,IBM,Technology,144.34,7105812
2022-05-18,INTC,Intel,Technology,43.49,31184562
2022-05-18,META,Meta Platforms,Communication Svcs.,172.71,21644856
2022-05-18,MSFT,Microsoft,Technology,256.16,19871694
2022-05-18,NFLX,Netflix,Communication Svcs.,407.69,5486427
2022-05-18,NVDA,NVIDIA,Technology,32.16,445526516
2022-05-18,ORCL,Oracle,Technology,97.41,7903833
2022-05-18,QCOM,Qualcomm,Technology,134.7,9049538
2022-05-18,TSLA,Tesla,Cons. Discretionary,427.71,105137092
2022-05-19,AAPL,Apple,Technology,188.6,77386632
2022-05-19,AMD,AMD,Technology,85.88,54723468
2022-05-19,AMZN,Amazon,Cons. Discretionary,133.31,64344404
2022-05-19,AVGO,Broadcom,Technology,62.43,18733625
2022-05-19,CRM,Salesforce,Technology,261.31,4414669
2022-05-19,GOOGL,Alphabet,Communication Svcs.,153.53,27510135
2022-05-19,IBM,IBM,Technology,142.12,4030981
2022-05-19,INTC,Intel,Technology,43.52,26439637
2022-05-19,META,Meta Platforms,Communication Svcs.,172.67,15980498
2022-05-19,MSFT,Microsoft,Technology,254.6,31615610
2022-05-19,NFLX,Netflix,Communication Svcs.,410.38,4512695
2022-05-19,NVDA,NVIDIA,Technology,33.18,725600129
2022-05-19,ORCL,Oracle,Technology,97.95,12867593
2022-05-19,QCOM,Qualcomm,Technology,141.14,8595865
2022-05-19,TSLA,Tesla,Cons. Discretionary,438.98,88166427
2022-05-20,AAPL,Apple,Technology,193.11,25404404
2022-05-20,AMD,AMD,Technology,87.96,37098483
2022-05-20,AMZN,Amazon,Cons. Discretionary,129.26,37389634
2022-05-20,AVGO,Broadcom,Technology,61.59,27978449
2022-05-20,CRM,Salesforce,Technology,255.34,4602841
2022-05-20,GOOGL,Alphabet,Communication Svcs.,154.53,25459207
2022-05-20,IBM,IBM,Technology,143.1,4895994
2022-05-20,INTC,Intel,Technology,43.51,36485929
2022-05-20,META,Meta Platforms,Communication Svcs.,164.57,20073338
2022-05-20,MSFT,Microsoft,Technology,251.36,17160917
2022-05-20,NFLX,Netflix,Communication Svcs.,405.62,4404367
2022-05-20,NVDA,NVIDIA,Technology,33.45,410027014
2022-05-20,ORCL,Oracle,Technology,97.91,9106563
2022-05-20,QCOM,Qualcomm,Technology,142.73,10168224
2022-05-20,TSLA,Tesla,Cons. Discretionary,412.32,90590476
2022-05-23,AAPL,Apple,Technology,192.63,40032924
2022-05-23,AMD,AMD,Technology,92.13,29071218
2022-05-23,AMZN,Amazon,Cons. Discretionary,129.1,44823715
2022-05-23,AVGO,Broadcom,Technology,63.53,34986779
2022-05-23,CRM,Salesforce,Technology,257.02,4447100
2022-05-23,GOOGL,Alphabet,Communication Svcs.,154.69,39091506
2022-05-23,IBM,IBM,Technology,141.22,2713954
2022-05-23,INTC,Intel,Technology,44.32,26761407
2022-05-23,META,Meta Platforms,Communication Svcs.,165.76,17661104
2022-05-23,MSFT,Microsoft,Technology,251.58,26257370
2022-05-23,NFLX,Netflix,Communication Svcs.,403.16,3778863
2022-05-23,NVDA,NVIDIA,Technology,32.16,388245157
2022-05-23,ORCL,Oracle,Technology,99.38,8249889
2022-05-23,QCOM,Qualcomm,Technology,139.47,9468749
2022-05-23,TSLA,Tesla,Cons. Discretionary,399.08,144189194
2022-05-24,AAPL,Apple,Technology,192.2,104947609
2022-05-24,AMD,AMD,Technology,90.92,51054127
2022-05-24,AMZN,Amazon,Cons. Discretionary,131.53,87666199
2022-05-24,AVGO,Broadcom,Technology,64.1,21407294
2022-05-24,CRM,Salesforce,Technology,250.39,5613470
2022-05-24,GOOGL,Alphabet,Communication Svcs.,155.62,20214547
2022-05-24,IBM,IBM,Technology,137.96,5075244
2022-05-24,INTC,Intel,Technology,45.15,23961344
2022-05-24,META,Meta Platforms,Communication Svcs.,164.28,25338040
2022-05-24,MSFT,Microsoft,Technology,253.67,30733381
2022-05-24,NFLX,Netflix,Communication Svcs.,412.84,4415883
2022-05-24,NVDA,NVIDIA,Technology,33.1,579732962
2022-05-24,ORCL,Oracle,Technology,99.25,9999682
2022-05-24,QCOM,Qualcomm,Technology,141.05,9270355
2022-05-24,TSLA,Tesla,Cons. Discretionary,398.21,149013897
2022-05-25,AAPL,Apple,Technology,190.72,72993515
2022-05-25,AMD,AMD,Technology,91.18,42472648
2022-05-25,AMZN,Amazon,Cons. Discretionary,128.38,68783563
2022-05-25,AVGO,Broadcom,Technology,64.36,23430359
2022-05-25,CRM,Salesforce,Technology,252.03,7040944
2022-05-25,GOOGL,Alphabet,Communication Svcs.,151.95,26071790
2022-05-25,IBM,IBM,Technology,138.59,4258362
2022-05-25,INTC,Intel,Technology,45.58,29037959
2022-05-25,META,Meta Platforms,Communication Svcs.,162.51,19960152
2022-05-25,MSFT,Microsoft,Technology,255.64,16619843
2022-05-25,NFLX,Netflix,Communication Svcs.,406.34,4719313
2022-05-25,NVDA,NVIDIA,Technology,32.5,518247263
2022-05-25,ORCL,Oracle,Technology,98.21,7900028
2022-05-25,QCOM,Qualcomm,Technology,141.0,4474121
2022-05-25,TSLA,Tesla,Cons. Discretionary,368.11,80579680
2022-05-26,AAPL,Apple,Technology,192.04,51957755
2022-05-26,AMD,AMD,Technology,88.4,39521074
2022-05-26,AMZN,Amazon,Cons. Discretionary,123.25,50958618
2022-05-26,AVGO,Broadcom,Technology,65.78,34126378
2022-05-26,CRM,Salesforce,Technology,248.46,5040265
2022-05-26,GOOGL,Alphabet,Communication Svcs.,153.52,14922644
2022-05-26,IBM,IBM,Technology,140.03,3671689
2022-05-26,INTC,Intel,Technology,45.8,39164751
2022-05-26,META,Meta Platforms,Communication Svcs.,159.72,21370625
2022-05-26,MSFT,Microsoft,Technology,256.81,18377405
2022-05-26,NFLX,Netflix,Communication Svcs.,403.77,4040083
2022-05-26,NVDA,NVIDIA,Technology,33.76,381762519
2022-05-26,ORCL,Oracle,Technology,98.01,10425017
2022-05-26,QCOM,Qualcomm,Technology,142.78,4102076
2022-05-26,TSLA,Tesla,Cons. Discretionary,360.99,111446808
2022-05-27,AAPL,Apple,Technology,187.22,82298685
2022-05-27,AMD,AMD,Technology,87.28,45622531
2022-05-27,AMZN,Amazon,Cons. Discretionary,127.19,76787373
2022-05-27,AVGO,Broadcom,Technology,68.66,16279258
2022-05-27,CRM,Salesforce,Technology,245.05,6341477
2022-05-27,GOOGL,Alphabet,Communication Svcs.,155.44,19165058
2022-05-27,IBM,IBM,Technology,140.97,3755874
2022-05-27,INTC,Intel,Technology,46.22,47005515
2022-05-27,META,Meta Platforms,Communication Svcs.,156.83,19437237
2022-05-27,MSFT,Microsoft,Technology,252.55,50106009
2022-05-27,NFLX,Netflix,Communication Svcs.,417.09,5577824
2022-05-27,NVDA,NVIDIA,Technology,33.04,439355992
2022-05-27,ORCL,Oracle,Technology,98.17,9419015
2022-05-27,QCOM,Qualcomm,Technology,138.94,9525683
2022-05-27,TSLA,Tesla,Cons. Discretionary,351.95,101546847
2022-05-30,AAPL,Apple,Technology,188.82,69952290
2022-05-30,AMD,AMD,Technology,88.29,51902711
2022-05-30,AMZN,Amazon,Cons. Discretionary,133.11,49410304
2022-05-30,AVGO,Broadcom,Technology,66.74,12974404
2022-05-30,CRM,Salesforce,Technology,250.22,7454618
2022-05-30,GOOGL,Alphabet,Communication Svcs.,155.7,36388614
2022-05-30,IBM,IBM,Technology,141.9,3398305
2022-05-30,INTC,Intel,Technology,45.37,20570964
2022-05-30,META,Meta Platforms,Communication Svcs.,157.26,21366102
2022-05-30,MSFT,Microsoft,Technology,254.35,22552926
2022-05-30,NFLX,Netflix,Communication Svcs.,398.8,3998135
2022-05-30,NVDA,NVIDIA,Technology,32.61,503333572
2022-05-30,ORCL,Oracle,Technology,100.51,10298857
2022-05-30,QCOM,Qualcomm,Technology,141.8,8560840
2022-05-30,TSLA,Tesla,Cons. Discretionary,368.1,138633038
2022-05-31,AAPL,Apple,Technology,187.12,54001636
2022-05-31,AMD,AMD,Technology,89.16,58704959
2022-05-31,AMZN,Amazon,Cons. Discretionary,130.2,58111231
2022-05-31,AVGO,Broadcom,Technology,63.99,21828442
2022-05-31,CRM,Salesforce,Technology,250.02,5852790
2022-05-31,GOOGL,Alphabet,Communication Svcs.,163.77,31818148
2022-05-31,IBM,IBM,Technology,142.74,2599813
2022-05-31,INTC,Intel,Technology,47.54,40621934
2022-05-31,META,Meta Platforms,Communication Svcs.,158.15,16718687
2022-05-31,MSFT,Microsoft,Technology,255.7,29834586
2022-05-31,NFLX,Netflix,Communication Svcs.,410.04,5342142
2022-05-31,NVDA,NVIDIA,Technology,32.15,440135410
2022-05-31,ORCL,Oracle,Technology,99.94,6949915
2022-05-31,QCOM,Qualcomm,Technology,137.65,9373699
2022-05-31,TSLA,Tesla,Cons. Discretionary,365.17,78735531
2022-06-01,AAPL,Apple,Technology,186.98,63633944
2022-06-01,AMD,AMD,Technology,87.61,61947660
2022-06-01,AMZN,Amazon,Cons. Discretionary,129.45,40711558
2022-06-01,AVGO,Broadcom,Technology,63.45,18702536
2022-06-01,CRM,Salesforce,Technology,240.33,5296316
2022-06-01,GOOGL,Alphabet,Communication Svcs.,164.69,28224305
2022-06-01,IBM,IBM,Technology,138.76,3502342
2022-06-01,INTC,Intel,Technology,48.58,34887165
2022-06-01,META,Meta Platforms,Communication Svcs.,159.97,15757855
2022-06-01,MSFT,Microsoft,Technology,256.94,19840551
2022-06-01,NFLX,Netflix,Communication Svcs.,388.54,3576681
2022-06-01,NVDA,NVIDIA,Technology,32.48,323333743
2022-06-01,ORCL,Oracle,Technology,98.96,10742201
2022-06-01,QCOM,Qualcomm,Technology,142.78,6647213
2022-06-01,TSLA,Tesla,Cons. Discretionary,355.43,72503322
2022-06-02,AAPL,Apple,Technology,182.37,78860244
2022-06-02,AMD,AMD,Technology,87.59,45128842
2022-06-02,AMZN,Amazon,Cons. Discretionary,130.55,57426548
2022-06-02,AVGO,Broadcom,Technology,62.81,17870380
2022-06-02,CRM,Salesforce,Technology,242.26,5127295
2022-06-02,GOOGL,Alphabet,Communication Svcs.,162.81,19793518
2022-06-02,IBM,IBM,Technology,140.05,5705885
2022-06-02,INTC,Intel,Technology,48.08,35704967
2022-06-02,META,Meta Platforms,Communication Svcs.,168.63,19114242
2022-06-02,MSFT,Microsoft,Technology,254.04,25384944
2022-06-02,NFLX,Netflix,Communication Svcs.,377.29,3441435
2022-06-02,NVDA,NVIDIA,Technology,32.52,277912283
2022-06-02,ORCL,Oracle,Technology,95.09,7924869
2022-06-02,QCOM,Qualcomm,Technology,140.6,5070998
2022-06-02,TSLA,Tesla,Cons. Discretionary,353.5,110621773
2022-06-03,AAPL,Apple,Technology,181.57,41691429
2022-06-03,AMD,AMD,Technology,84.0,71056709
2022-06-03,AMZN,Amazon,Cons. Discretionary,128.83,49538897
2022-06-03,AVGO,Broadcom,Technology,61.24,16230314
2022-06-03,CRM,Salesforce,Technology,236.52,3668531
2022-06-03,GOOGL,Alphabet,Communication Svcs.,165.98,17477027
2022-06-03,IBM,IBM,Technology,141.02,5201631
2022-06-03,INTC,Intel,Technology,46.85,51675087
2022-06-03,META,Meta Platforms,Communication Svcs.,163.83,16140631
2022-06-03,MSFT,Microsoft,Technology,249.37,21987124
2022-06-03,NFLX,Netflix,Communication Svcs.,389.9,4335515
2022-06-03,NVDA,NVIDIA,Technology,33.38,450675914
2022-06-03,ORCL,Oracle,Technology,94.21,6515428
2022-06-03,QCOM,Qualcomm,Technology,143.75,16209906
2022-06-03,TSLA,Tesla,Cons. Discretionary,361.57,98016862
2022-06-06,AAPL,Apple,Technology,181.33,54098134
2022-06-06,AMD,AMD,Technology,80.66,51457445
2022-06-06,AMZN,Amazon,Cons. Discretionary,127.36,52730133
2022-06-06,AVGO,Broadcom,Technology,62.46,12214997
2022-06-06,CRM,Salesforce,Technology,238.08,3028713
2022-06-06,GOOGL,Alphabet,Communication Svcs.,160.56,23217031
2022-06-06,IBM,IBM,Technology,141.85,3390171
2022-06-06,INTC,Intel,Technology,46.34,42128703
2022-06-06,META,Meta Platforms,Communication Svcs.,164.97,14025365
2022-06-06,MSFT,Microsoft,Technology,244.35,21318835
2022-06-06,NFLX,Netflix,Communication Svcs.,381.78,5102356
2022-06-06,NVDA,NVIDIA,Technology,31.5,470926673
2022-06-06,ORCL,Oracle,Technology,93.31,11670112
2022-06-06,QCOM,Qualcomm,Technology,141.06,9009288
2022-06-06,TSLA,Tesla,Cons. Discretionary,347.3,108823753
2022-06-07,AAPL,Apple,Technology,179.6,53468289
2022-06-07,AMD,AMD,Technology,81.79,67148209
2022-06-07,AMZN,Amazon,Cons. Discretionary,127.17,39024426
2022-06-07,AVGO,Broadcom,Technology,66.5,12378799
2022-06-07,CRM,Salesforce,Technology,228.47,4480552
2022-06-07,GOOGL,Alphabet,Communication Svcs.,162.07,27021548
2022-06-07,IBM,IBM,Technology,142.06,4752716
2022-06-07,INTC,Intel,Technology,45.89,34979723
2022-06-07,META,Meta Platforms,Communication Svcs.,160.72,23798144
2022-06-07,MSFT,Microsoft,Technology,241.04,19909753
2022-06-07,NFLX,Netflix,Communication Svcs.,382.38,3521870
2022-06-07,NVDA,NVIDIA,Technology,31.1,715891813
2022-06-07,ORCL,Oracle,Technology,95.16,7765418
2022-06-07,QCOM,Qualcomm,Technology,139.57,12995083
2022-06-07,TSLA,Tesla,Cons. Discretionary,344.59,134255087
2022-06-08,AAPL,Apple,Technology,178.53,43970881
2022-06-08,AMD,AMD,Technology,81.75,49350729
2022-06-08,AMZN,Amazon,Cons. Discretionary,128.76,67864517
2022-06-08,AVGO,Broadcom,Technology,64.98,17422407
2022-06-08,CRM,Salesforce,Technology,228.41,3426466
2022-06-08,GOOGL,Alphabet,Communication Svcs.,155.46,30263468
2022-06-08,IBM,IBM,Technology,139.98,4028615
2022-06-08,INTC,Intel,Technology,45.2,30229539
2022-06-08,META,Meta Platforms,Communication Svcs.,164.87,14477241
2022-06-08,MSFT,Microsoft,Technology,247.67,23922706
2022-06-08,NFLX,Netflix,Communication Svcs.,385.63,6101095
2022-06-08,NVDA,NVIDIA,Technology,30.74,493258207
2022-06-08,ORCL,Oracle,Technology,97.9,9890115
2022-06-08,QCOM,Qualcomm,Technology,137.38,6858069
2022-06-08,TSLA,Tesla,Cons. Discretionary,343.56,75627011
2022-06-09,AAPL,Apple,Technology,181.82,54318218
2022-06-09,AMD,AMD,Technology,82.83,38901006
2022-06-09,AMZN,Amazon,Cons. Discretionary,126.85,67167371
2022-06-09,AVGO,Broadcom,Technology,63.19,21846733
2022-06-09,CRM,Salesforce,Technology,223.62,3809862
2022-06-09,GOOGL,Alphabet,Communication Svcs.,154.63,29908500
2022-06-09,IBM,IBM,Technology,139.42,3305870
2022-06-09,INTC,Intel,Technology,45.5,31776171
2022-06-09,META,Meta Platforms,Communication Svcs.,164.66,23635387
2022-06-09,MSFT,Microsoft,Technology,251.82,34493591
2022-06-09,NFLX,Netflix,Communication Svcs.,383.22,4270774
2022-06-09,NVDA,NVIDIA,Technology,30.0,533806923
2022-06-09,ORCL,Oracle,Technology,97.67,12111864
2022-06-09,QCOM,Qualcomm,Technology,136.15,8273254
2022-06-09,TSLA,Tesla,Cons. Discretionary,314.12,137586350
2022-06-10,AAPL,Apple,Technology,179.46,66006965
2022-06-10,AMD,AMD,Technology,82.76,51412947
2022-06-10,AMZN,Amazon,Cons. Discretionary,131.04,45560419
2022-06-10,AVGO,Broadcom,Technology,60.46,22426460
2022-06-10,CRM,Salesforce,Technology,217.31,7899094
2022-06-10,GOOGL,Alphabet,Communication Svcs.,157.07,50852387
2022-06-10,IBM,IBM,Technology,139.8,2696523
2022-06-10,INTC,Intel,Technology,44.05,40644993
2022-06-10,META,Meta Platforms,Communication Svcs.,156.48,17087880
2022-06-10,MSFT,Microsoft,Technology,249.93,27787152
2022-06-10,NFLX,Netflix,Communication Svcs.,392.43,4727455
2022-06-10,NVDA,NVIDIA,Technology,29.88,383233066
2022-06-10,ORCL,Oracle,Technology,97.07,6970215
2022-06-10,QCOM,Qualcomm,Technology,135.74,7322992
2022-06-10,TSLA,Tesla,Cons. Discretionary,317.18,132280491
2022-06-13,AAPL,Apple,Technology,183.33,49780917
2022-06-13,AMD,AMD,Technology,86.92,33793013
2022-06-13,AMZN,Amazon,Cons. Discretionary,129.75,36399126
2022-06-13,AVGO,Broadcom,Technology,59.35,16961087
2022-06-13,CRM,Salesforce,Technology,217.39,6368229
2022-06-13,GOOGL,Alphabet,Communication Svcs.,154.5,23576523
2022-06-13,IBM,IBM,Technology,139.57,3388705
2022-06-13,INTC,Intel,Technology,45.53,48338367
2022-06-13,META,Meta Platforms,Communication Svcs.,161.19,18865042
2022-06-13,MSFT,Microsoft,Technology,252.31,14410103
2022-06-13,NFLX,Netflix,Communication Svcs.,408.12,6221007
2022-06-13,NVDA,NVIDIA,Technology,28.61,460594064
2022-06-13,ORCL,Oracle,Technology,96.6,10906139
2022-06-13,QCOM,Qualcomm,Technology,137.95,9000330
2022-06-13,TSLA,Tesla,Cons. Discretionary,329.2,110884288
2022-06-14,AAPL,Apple,Technology,184.83,89824281
2022-06-14,AMD,AMD,Technology,86.24,44553903
2022-06-14,AMZN,Amazon,Cons. Discretionary,130.4,61988933
2022-06-14,AVGO,Broadcom,Technology,56.55,26432239
2022-06-14,CRM,Salesforce,Technology,215.78,6610228
2022-06-14,GOOGL,Alphabet,Communication Svcs.,152.08,23128385
2022-06-14,IBM,IBM,Technology,137.8,2459732
2022-06-14,INTC,Intel,Technology,46.33,39268662
2022-06-14,META,Meta Platforms,Communication Svcs.,163.74,27279436
2022-06-14,MSFT,Microsoft,Technology,251.88,26438306
2022-06-14,NFLX,Netflix,Communication Svcs.,411.42,4805004
2022-06-14,NVDA,NVIDIA,Technology,27.85,390647560
2022-06-14,ORCL,Oracle,Technology,95.79,10352322
2022-06-14,QCOM,Qualcomm,Technology,134.15,8820798
2022-06-14,TSLA,Tesla,Cons. Discretionary,322.77,76665977
2022-06-15,AAPL,Apple,Technology,178.32,49296224
2022-06-15,AMD,AMD,Technology,83.64,54361916
2022-06-15,AMZN,Amazon,Cons. Discretionary,127.96,47813358
2022-06-15,AVGO,Broadcom,Technology,57.16,18711539
2022-06-15,CRM,Salesforce,Technology,218.11,6987356
2022-06-15,GOOGL,Alphabet,Communication Svcs.,155.16,21318971
2022-06-15,IBM,IBM,Technology,137.51,3017097
2022-06-15,INTC,Intel,Technology,44.9,22736025
2022-06-15,META,Meta Platforms,Communication Svcs.,162.0,28778440
2022-06-15,MSFT,Microsoft,Technology,256.93,18101957
2022-06-15,NFLX,Netflix,Communication Svcs.,415.15,5004631
2022-06-15,NVDA,NVIDIA,Technology,27.96,430110332
2022-06-15,ORCL,Oracle,Technology,96.34,9119396
2022-06-15,QCOM,Qualcomm,Technology,130.62,8180634
2022-06-15,TSLA,Tesla,Cons. Discretionary,312.06,109453400
2022-06-16,AAPL,Apple,Technology,172.87,82389370
2022-06-16,AMD,AMD,Technology,79.46,52533683
2022-06-16,AMZN,Amazon,Cons. Discretionary,123.0,52303253
2022-06-16,AVGO,Broadcom,Technology,56.53,15231238
2022-06-16,CRM,Salesforce,Technology,218.56,5932524
2022-06-16,GOOGL,Alphabet,Communication Svcs.,154.2,30939540
2022-06-16,IBM,IBM,Technology,139.2,4338453
2022-06-16,INTC,Intel,Technology,45.39,38467021
2022-06-16,META,Meta Platforms,Communication Svcs.,163.18,17163658
2022-06-16,MSFT,Microsoft,Technology,255.26,25672803
2022-06-16,NFLX,Netflix,Communication Svcs.,416.4,4449052
2022-06-16,NVDA,NVIDIA,Technology,28.21,335020748
2022-06-16,ORCL,Oracle,Technology,96.93,14620222
2022-06-16,QCOM,Qualcomm,Technology,128.64,5370686
2022-06-16,TSLA,Tesla,Cons. Discretionary,305.82,121239098
2022-06-17,AAPL,Apple,Technology,170.41,39406682
2022-06-17,AMD,AMD,Technology,81.08,34352840
2022-06-17,AMZN,Amazon,Cons. Discretionary,124.08,46190819
2022-06-17,AVGO,Broadcom,Technology,56.06,13911449
2022-06-17,CRM,Salesforce,Technology,215.25,5176022
2022-06-17,GOOGL,Alphabet,Communication Svcs.,153.91,22957938
2022-06-17,IBM,IBM,Technology,139.37,3568458
2022-06-17,INTC,Intel,Technology,44.34,25809014
2022-06-17,META,Meta Platforms,Communication Svcs.,164.99,27699007
2022-06-17,MSFT,Microsoft,Technology,251.58,28122109
2022-06-17,NFLX,Netflix,Communication Svcs.,407.44,5317300
2022-06-17,NVDA,NVIDIA,Technology,29.67,368373871
2022-06-17,ORCL,Oracle,Technology,96.43,7107674
2022-06-17,QCOM,Qualcomm,Technology,131.72,7660985
2022-06-17,TSLA,Tesla,Cons. Discretionary,302.02,98045526
2022-06-20,AAPL,Apple,Technology,174.73,53388567
2022-06-20,AMD,AMD,Technology,79.43,50696263
2022-06-20,AMZN,Amazon,Cons. Discretionary,118.48,48540747
2022-06-20,AVGO,Broadcom,Technology,55.65,14760853
2022-06-20,CRM,Salesforce,Technology,214.65,5580634
2022-06-20,GOOGL,Alphabet,Communication Svcs.,147.93,21111300
2022-06-20,IBM,IBM,Technology,141.82,3169182
2022-06-20,INTC,Intel,Technology,44.55,38668600
2022-06-20,META,Meta Platforms,Communication Svcs.,165.64,16935333
2022-06-20,MSFT,Microsoft,Technology,243.67,44334481
2022-06-20,NFLX,Netflix,Communication Svcs.,407.32,4206182
2022-06-20,NVDA,NVIDIA,Technology,30.81,530259920
2022-06-20,ORCL,Oracle,Technology,95.94,10181401
2022-06-20,QCOM,Qualcomm,Technology,130.96,5886914
2022-06-20,TSLA,Tesla,Cons. Discretionary,301.65,143839794
2022-06-21,AAPL,Apple,Technology,172.7,51797053
2022-06-21,AMD,AMD,Technology,77.98,68090877
2022-06-21,AMZN,Amazon,Cons. Discretionary,117.96,37525653
2022-06-21,AVGO,Broadcom,Technology,54.18,9750978
2022-06-21,CRM,Salesforce,Technology,213.93,5395426
2022-06-21,GOOGL,Alphabet,Communication Svcs.,149.96,23035687
2022-06-21,IBM,IBM,Technology,139.18,5286904
2022-06-21,INTC,Intel,Technology,43.99,28760689
2022-06-21,META,Meta Platforms,Communication Svcs.,163.88,11728122
2022-06-21,MSFT,Microsoft,Technology,248.37,32255060
2022-06-21,NFLX,Netflix,Communication Svcs.,396.99,6139991
2022-06-21,NVDA,NVIDIA,Technology,28.2,380837537
2022-06-21,ORCL,Oracle,Technology,96.01,6270145
2022-06-21,QCOM,Qualcomm,Technology,131.7,10511050
2022-06-21,TSLA,Tesla,Cons. Discretionary,295.55,71615813
2022-06-22,AAPL,Apple,Technology,176.88,68851439
2022-06-22,AMD,AMD,Technology,77.39,62716497
2022-06-22,AMZN,Amazon,Cons. Discretionary,117.77,44451008
2022-06-22,AVGO,Broadcom,Technology,53.11,11531893
2022-06-22,CRM,Salesforce,Technology,209.73,4632839
2022-06-22,GOOGL,Alphabet,Communication Svcs.,149.36,25351993
2022-06-22,IBM,IBM,Technology,138.43,4671304
2022-06-22,INTC,Intel,Technology,45.03,32582486
2022-06-22,META,Meta Platforms,Communication Svcs.,163.9,18567800
2022-06-22,MSFT,Microsoft,Technology,246.52,24873454
2022-06-22,NFLX,Netflix,Communication Svcs.,395.35,5777655
2022-06-22,NVDA,NVIDIA,Technology,27.14,488049367
2022-06-22,ORCL,Oracle,Technology,94.49,8919494
2022-06-22,QCOM,Qualcomm,Technology,130.25,5596009
2022-06-22,TSLA,Tesla,Cons. Discretionary,300.01,99725595
2022-06-23,AAPL,Apple,Technology,181.24,61511450
2022-06-23,AMD,AMD,Technology,81.04,43291394
2022-06-23,AMZN,Amazon,Cons. Discretionary,114.66,58277166
2022-06-23,AVGO,Broadcom,Technology,52.28,16897069
2022-06-23,CRM,Salesforce,Technology,203.82,4158910
2022-06-23,GOOGL,Alphabet,Communication Svcs.,149.32,29691294
2022-06-23,IBM,IBM,Technology,140.42,4172668
2022-06-23,INTC,Intel,Technology,44.1,23393668
2022-06-23,META,Meta Platforms,Communication Svcs.,161.41,12231397
2022-06-23,MSFT,Microsoft,Technology,251.47,22451385
2022-06-23,NFLX,Netflix,Communication Svcs.,393.4,3420310
2022-06-23,NVDA,NVIDIA,Technology,26.35,344262486
2022-06-23,ORCL,Oracle,Technology,94.26,8080442
2022-06-23,QCOM,Qualcomm,Technology,134.23,7350266
2022-06-23,TSLA,Tesla,Cons. Discretionary,300.83,86067413
2022-06-24,AAPL,Apple,Technology,179.43,61836707
2022-06-24,AMD,AMD,Technology,81.57,34092346
2022-06-24,AMZN,Amazon,Cons. Discretionary,118.58,46919933
2022-06-24,AVGO,Broadcom,Technology,53.98,25341023
2022-06-24,CRM,Salesforce,Technology,202.21,4971441
2022-06-24,GOOGL,Alphabet,Communication Svcs.,148.28,21125010
2022-06-24,IBM,IBM,Technology,139.22,3000807
2022-06-24,INTC,Intel,Technology,43.91,54643825
2022-06-24,META,Meta Platforms,Communication Svcs.,160.98,22695653
2022-06-24,MSFT,Microsoft,Technology,255.18,26495138
2022-06-24,NFLX,Netflix,Communication Svcs.,387.34,2596861
2022-06-24,NVDA,NVIDIA,Technology,25.53,321620795
2022-06-24,ORCL,Oracle,Technology,94.76,10676326
2022-06-24,QCOM,Qualcomm,Technology,134.88,5853028
2022-06-24,TSLA,Tesla,Cons. Discretionary,310.81,103452250
2022-06-27,AAPL,Apple,Technology,180.38,63225467
2022-06-27,AMD,AMD,Technology,75.53,44713794
2022-06-27,AMZN,Amazon,Cons. Discretionary,117.66,50528077
2022-06-27,AVGO,Broadcom,Technology,54.37,15012879
2022-06-27,CRM,Salesforce,Technology,200.09,4488714
2022-06-27,GOOGL,Alphabet,Communication Svcs.,144.4,38248293
2022-06-27,IBM,IBM,Technology,140.55,5139851
2022-06-27,INTC,Intel,Technology,44.03,26097447
2022-06-27,META,Meta Platforms,Communication Svcs.,161.72,16120436
2022-06-27,MSFT,Microsoft,Technology,252.62,27157741
2022-06-27,NFLX,Netflix,Communication Svcs.,375.97,4914314
2022-06-27,NVDA,NVIDIA,Technology,24.61,559619012
2022-06-27,ORCL,Oracle,Technology,94.8,9368601
2022-06-27,QCOM,Qualcomm,Technology,134.86,9665200
2022-06-27,TSLA,Tesla,Cons. Discretionary,313.03,159567007
2022-06-28,AAPL,Apple,Technology,181.7,55563435
2022-06-28,AMD,AMD,Technology,72.86,46865629
2022-06-28,AMZN,Amazon,Cons. Discretionary,116.18,74786446
2022-06-28,AVGO,Broadcom,Technology,55.21,19135527
2022-06-28,CRM,Salesforce,Technology,199.31,9699304
2022-06-28,GOOGL,Alphabet,Communication Svcs.,141.31,28809203
2022-06-28,IBM,IBM,Technology,141.3,4621135
2022-06-28,INTC,Intel,Technology,43.45,28462068
2022-06-28,META,Meta Platforms,Communication Svcs.,161.74,30884290
2022-06-28,MSFT,Microsoft,Technology,252.84,19211229
2022-06-28,NFLX,Netflix,Communication Svcs.,380.37,5503514
2022-06-28,NVDA,NVIDIA,Technology,24.2,616714100
2022-06-28,ORCL,Oracle,Technology,94.51,9800594
2022-06-28,QCOM,Qualcomm,Technology,133.96,9672472
2022-06-28,TSLA,Tesla,Cons. Discretionary,311.04,135929965
2022-06-29,AAPL,Apple,Technology,178.19,60090608
2022-06-29,AMD,AMD,Technology,70.01,35916559
2022-06-29,AMZN,Amazon,Cons. Discretionary,116.26,50115132
2022-06-29,AVGO,Broadcom,Technology,55.24,14942317
2022-06-29,CRM,Salesforce,Technology,201.96,4678176
2022-06-29,GOOGL,Alphabet,Communication Svcs.,140.71,24215862
2022-06-29,IBM,IBM,Technology,142.52,3889000
2022-06-29,INTC,Intel,Technology,43.82,35409461
2022-06-29,META,Meta Platforms,Communication Svcs.,158.65,20067851
2022-06-29,MSFT,Microsoft,Technology,254.03,39904063
2022-06-29,NFLX,Netflix,Communication Svcs.,379.38,5431641
2022-06-29,NVDA,NVIDIA,Technology,23.98,399963352
2022-06-29,ORCL,Oracle,Technology,93.81,10017576
2022-06-29,QCOM,Qualcomm,Technology,131.49,9835929
2022-06-29,TSLA,Tesla,Cons. Discretionary,306.37,108939144
2022-06-30,AAPL,Apple,Technology,178.01,75604829
2022-06-30,AMD,AMD,Technology,70.48,48926996
2022-06-30,AMZN,Amazon,Cons. Discretionary,116.49,35171656
2022-06-30,AVGO,Broadcom,Technology,55.38,18207296
2022-06-30,CRM,Salesforce,Technology,200.83,5627534
2022-06-30,GOOGL,Alphabet,Communication Svcs.,139.73,25222372
2022-06-30,IBM,IBM,Technology,143.42,3277775
2022-06-30,INTC,Intel,Technology,43.25,36345058
2022-06-30,META,Meta Platforms,Communication Svcs.,148.18,26484997
2022-06-30,MSFT,Microsoft,Technology,251.56,34562986
2022-06-30,NFLX,Netflix,Communication Svcs.,384.83,4354629
2022-06-30,NVDA,NVIDIA,Technology,24.21,383112490
2022-06-30,ORCL,Oracle,Technology,95.18,9119639
2022-06-30,QCOM,Qualcomm,Technology,136.06,7117633
2022-06-30,TSLA,Tesla,Cons. Discretionary,287.06,114852195
2022-07-01,AAPL,Apple,Technology,177.31,55584318
2022-07-01,AMD,AMD,Technology,65.17,58676505
2022-07-01,AMZN,Amazon,Cons. Discretionary,114.71,29839536
2022-07-01,AVGO,Broadcom,Technology,57.0,19655906
2022-07-01,CRM,Salesforce,Technology,203.2,5396218
2022-07-01,GOOGL,Alphabet,Communication Svcs.,138.41,19465407
2022-07-01,IBM,IBM,Technology,143.54,5559843
2022-07-01,INTC,Intel,Technology,43.07,29814327
2022-07-01,META,Meta Platforms,Communication Svcs.,139.96,17780281
2022-07-01,MSFT,Microsoft,Technology,248.07,27226796
2022-07-01,NFLX,Netflix,Communication Svcs.,380.28,5671633
2022-07-01,NVDA,NVIDIA,Technology,24.36,764377314
2022-07-01,ORCL,Oracle,Technology,97.01,15026602
2022-07-01,QCOM,Qualcomm,Technology,134.54,6880073
2022-07-01,TSLA,Tesla,Cons. Discretionary,290.7,145061800
2022-07-04,AAPL,Apple,Technology,179.27,57929285
2022-07-04,AMD,AMD,Technology,62.51,46450193
2022-07-04,AMZN,Amazon,Cons. Discretionary,114.71,45427315
2022-07-04,AVGO,Broadcom,Technology,58.08,29657321
2022-07-04,CRM,Salesforce,Technology,198.41,7654882
2022-07-04,GOOGL,Alphabet,Communication Svcs.,137.08,13689808
2022-07-04,IBM,IBM,Technology,142.39,6699811
2022-07-04,INTC,Intel,Technology,42.29,28883208
2022-07-04,META,Meta Platforms,Communication Svcs.,132.32,22537656
2022-07-04,MSFT,Microsoft,Technology,245.54,26139136
2022-07-04,NFLX,Netflix,Communication Svcs.,390.12,4346359
2022-07-04,NVDA,NVIDIA,Technology,24.32,304510919
2022-07-04,ORCL,Oracle,Technology,97.37,7411996
2022-07-04,QCOM,Qualcomm,Technology,132.16,8788787
2022-07-04,TSLA,Tesla,Cons. Discretionary,275.72,155535750
2022-07-05,AAPL,Apple,Technology,179.76,42772058
2022-07-05,AMD,AMD,Technology,62.36,45229159
2022-07-05,AMZN,Amazon,Cons. Discretionary,112.86,45867075
2022-07-05,AVGO,Broadcom,Technology,56.42,23871037
2022-07-05,CRM,Salesforce,Technology,196.05,3206876
2022-07-05,GOOGL,Alphabet,Communication Svcs.,136.22,26997482
2022-07-05,IBM,IBM,Technology,143.44,4458504
2022-07-05,INTC,Intel,Technology,41.84,25931263
2022-07-05,META,Meta Platforms,Communication Svcs.,127.54,29716406
2022-07-05,MSFT,Microsoft,Technology,245.65,19036412
2022-07-05,NFLX,Netflix,Communication Svcs.,397.96,4265256
2022-07-05,NVDA,NVIDIA,Technology,23.6,178007943
2022-07-05,ORCL,Oracle,Technology,98.75,6809069
2022-07-05,QCOM,Qualcomm,Technology,129.76,6647143
2022-07-05,TSLA,Tesla,Cons. Discretionary,274.9,72957463
2022-07-06,AAPL,Apple,Technology,181.11,51326650
2022-07-06,AMD,AMD,Technology,62.03,50494991
2022-07-06,AMZN,Amazon,Cons. Discretionary,111.2,43108551
2022-07-06,AVGO,Broadcom,Technology,55.71,21140510
2022-07-06,CRM,Salesforce,Technology,198.29,7085788
2022-07-06,GOOGL,Alphabet,Communication Svcs.,138.96,33494089
2022-07-06,IBM,IBM,Technology,145.09,2939676
2022-07-06,INTC,Intel,Technology,41.37,65788482
2022-07-06,META,Meta Platforms,Communication Svcs.,126.49,13460653
2022-07-06,MSFT,Microsoft,Technology,244.6,39754248
2022-07-06,NFLX,Netflix,Communication Svcs.,382.33,6679358
2022-07-06,NVDA,NVIDIA,Technology,22.83,391189607
2022-07-06,ORCL,Oracle,Technology,97.57,11801366
2022-07-06,QCOM,Qualcomm,Technology,130.23,7018985
2022-07-06,TSLA,Tesla,Cons. Discretionary,284.35,99332945
2022-07-07,AAPL,Apple,Technology,182.6,78106747
2022-07-07,AMD,AMD,Technology,63.45,51428049
2022-07-07,AMZN,Amazon,Cons. Discretionary,112.15,55748772
2022-07-07,AVGO,Broadcom,Technology,56.44,23351962
2022-07-07,CRM,Salesforce,Technology,201.61,6242958
2022-07-07,GOOGL,Alphabet,Communication Svcs.,143.72,29052342
2022-07-07,IBM,IBM,Technology,147.34,3873582
2022-07-07,INTC,Intel,Technology,40.57,34980293
2022-07-07,META,Meta Platforms,Communication Svcs.,126.76,21812363
2022-07-07,MSFT,Microsoft,Technology,239.91,25901555
2022-07-07,NFLX,Netflix,Communication Svcs.,384.25,3637875
2022-07-07,NVDA,NVIDIA,Technology,22.42,292908896
2022-07-07,ORCL,Oracle,Technology,97.21,6508719
2022-07-07,QCOM,Qualcomm,Technology,126.42,7729679
2022-07-07,TSLA,Tesla,Cons. Discretionary,271.63,138673651
2022-07-08,AAPL,Apple,Technology,177.64,49420356
2022-07-08,AMD,AMD,Technology,63.41,40655536
2022-07-08,AMZN,Amazon,Cons. Discretionary,112.17,41527078
2022-07-08,AVGO,Broadcom,Technology,59.36,22452231
2022-07-08,CRM,Salesforce,Technology,195.06,3563461
2022-07-08,GOOGL,Alphabet,Communication Svcs.,150.8,24008788
2022-07-08,IBM,IBM,Technology,146.27,3735456
2022-07-08,INTC,Intel,Technology,41.36,34238836
2022-07-08,META,Meta Platforms,Communication Svcs.,132.38,14193623
2022-07-08,MSFT,Microsoft,Technology,243.17,15440768
2022-07-08,NFLX,Netflix,Communication Svcs.,376.0,3823939
2022-07-08,NVDA,NVIDIA,Technology,22.05,470914825
2022-07-08,ORCL,Oracle,Technology,97.94,13268097
2022-07-08,QCOM,Qualcomm,Technology,122.28,6566940
2022-07-08,TSLA,Tesla,Cons. Discretionary,276.35,113036286
2022-07-11,AAPL,Apple,Technology,182.01,43298000
2022-07-11,AMD,AMD,Technology,65.34,39105694
2022-07-11,AMZN,Amazon,Cons. Discretionary,114.09,52367759
2022-07-11,AVGO,Broadcom,Technology,60.87,28191014
2022-07-11,CRM,Salesforce,Technology,193.74,3578208
2022-07-11,GOOGL,Alphabet,Communication Svcs.,151.07,26562578
2022-07-11,IBM,IBM,Technology,145.43,3921615
2022-07-11,INTC,Intel,Technology,40.02,55936810
2022-07-11,META,Meta Platforms,Communication Svcs.,132.3,20524354
2022-07-11,MSFT,Microsoft,Technology,249.4,19895817
2022-07-11,NFLX,Netflix,Communication Svcs.,380.72,5001339
2022-07-11,NVDA,NVIDIA,Technology,22.07,580794741
2022-07-11,ORCL,Oracle,Technology,98.77,11648920
2022-07-11,QCOM,Qualcomm,Technology,120.06,8566705
2022-07-11,TSLA,Tesla,Cons. Discretionary,277.92,112958590
2022-07-12,AAPL,Apple,Technology,176.56,87446729
2022-07-12,AMD,AMD,Technology,64.57,53840913
2022-07-12,AMZN,Amazon,Cons. Discretionary,116.55,53498891
2022-07-12,AVGO,Broadcom,Technology,59.76,19968456
2022-07-12,CRM,Salesforce,Technology,193.41,4127133
2022-07-12,GOOGL,Alphabet,Communication Svcs.,149.31,20064820
2022-07-12,IBM,IBM,Technology,146.44,5255344
2022-07-12,INTC,Intel,Technology,38.33,31901342
2022-07-12,META,Meta Platforms,Communication Svcs.,131.92,20118304
2022-07-12,MSFT,Microsoft,Technology,245.13,24438202
2022-07-12,NFLX,Netflix,Communication Svcs.,397.42,6703069
2022-07-12,NVDA,NVIDIA,Technology,22.39,362155044
2022-07-12,ORCL,Oracle,Technology,97.81,13057061
2022-07-12,QCOM,Qualcomm,Technology,121.98,13482357
2022-07-12,TSLA,Tesla,Cons. Discretionary,287.63,138223162
2022-07-13,AAPL,Apple,Technology,181.38,40163563
2022-07-13,AMD,AMD,Technology,65.91,41989387
2022-07-13,AMZN,Amazon,Cons. Discretionary,119.41,46895570
2022-07-13,AVGO,Broadcom,Technology,58.23,16833703
2022-07-13,CRM,Salesforce,Technology,197.76,4089965
2022-07-13,GOOGL,Alphabet,Communication Svcs.,156.29,26776013
2022-07-13,IBM,IBM,Technology,146.1,3513527
2022-07-13,INTC,Intel,Technology,38.08,37518053
2022-07-13,META,Meta Platforms,Communication Svcs.,129.98,17376285
2022-07-13,MSFT,Microsoft,Technology,242.67,19279638
2022-07-13,NFLX,Netflix,Communication Svcs.,390.09,3178977
2022-07-13,NVDA,NVIDIA,Technology,22.52,368770471
2022-07-13,ORCL,Oracle,Technology,100.21,11777919
2022-07-13,QCOM,Qualcomm,Technology,124.13,18044007
2022-07-13,TSLA,Tesla,Cons. Discretionary,282.49,117753686
2022-07-14,AAPL,Apple,Technology,181.17,66011363
2022-07-14,AMD,AMD,Technology,67.05,61878405
2022-07-14,AMZN,Amazon,Cons. Discretionary,115.16,52442095
2022-07-14,AVGO,Broadcom,Technology,57.84,26063747
2022-07-14,CRM,Salesforce,Technology,198.78,4872969
2022-07-14,GOOGL,Alphabet,Communication Svcs.,153.88,20004521
2022-07-14,IBM,IBM,Technology,146.04,5314448
2022-07-14,INTC,Intel,Technology,37.99,21744150
2022-07-14,META,Meta Platforms,Communication Svcs.,132.45,22139507
2022-07-14,MSFT,Microsoft,Technology,240.76,22330102
2022-07-14,NFLX,Netflix,Communication Svcs.,387.42,3770824
2022-07-14,NVDA,NVIDIA,Technology,22.95,289605600
2022-07-14,ORCL,Oracle,Technology,100.66,10078643
2022-07-14,QCOM,Qualcomm,Technology,123.43,6670225
2022-07-14,TSLA,Tesla,Cons. Discretionary,289.03,109987180
2022-07-15,AAPL,Apple,Technology,178.02,32720962
2022-07-15,AMD,AMD,Technology,64.59,51494269
2022-07-15,AMZN,Amazon,Cons. Discretionary,111.72,66811831
2022-07-15,AVGO,Broadcom,Technology,58.47,21264013
2022-07-15,CRM,Salesforce,Technology,198.77,2892151
2022-07-15,GOOGL,Alphabet,Communication Svcs.,153.75,28252886
2022-07-15,IBM,IBM,Technology,145.45,4092472
2022-07-15,INTC,Intel,Technology,37.35,30136201
2022-07-15,META,Meta Platforms,Communication Svcs.,130.13,23841967
2022-07-15,MSFT,Microsoft,Technology,240.91,18957086
2022-07-15,NFLX,Netflix,Communication Svcs.,376.89,4774006
2022-07-15,NVDA,NVIDIA,Technology,22.77,428220477
2022-07-15,ORCL,Oracle,Technology,98.52,4748227
2022-07-15,QCOM,Qualcomm,Technology,122.06,7575282
2022-07-15,TSLA,Tesla,Cons. Discretionary,284.87,139806665
2022-07-18,AAPL,Apple,Technology,178.42,27535618
2022-07-18,AMD,AMD,Technology,65.87,43867319
2022-07-18,AMZN,Amazon,Cons. Discretionary,113.03,64441513
2022-07-18,AVGO,Broadcom,Technology,59.99,19422670
2022-07-18,CRM,Salesforce,Technology,200.88,4877776
2022-07-18,GOOGL,Alphabet,Communication Svcs.,155.64,17246477
2022-07-18,IBM,IBM,Technology,142.5,3410171
2022-07-18,INTC,Intel,Technology,37.96,38167622
2022-07-18,META,Meta Platforms,Communication Svcs.,139.93,31096934
2022-07-18,MSFT,Microsoft,Technology,240.35,30199725
2022-07-18,NFLX,Netflix,Communication Svcs.,379.84,5894676
2022-07-18,NVDA,NVIDIA,Technology,21.8,622865610
2022-07-18,ORCL,Oracle,Technology,98.91,13697170
2022-07-18,QCOM,Qualcomm,Technology,120.45,8480083
2022-07-18,TSLA,Tesla,Cons. Discretionary,268.25,74134850
2022-07-19,AAPL,Apple,Technology,176.68,55174982
2022-07-19,AMD,AMD,Technology,65.95,40875758
2022-07-19,AMZN,Amazon,Cons. Discretionary,113.05,65713172
2022-07-19,AVGO,Broadcom,Technology,62.0,19326265
2022-07-19,CRM,Salesforce,Technology,204.84,6093825
2022-07-19,GOOGL,Alphabet,Communication Svcs.,157.68,21671652
2022-07-19,IBM,IBM,Technology,145.81,5196003
2022-07-19,INTC,Intel,Technology,37.27,43853234
2022-07-19,META,Meta Platforms,Communication Svcs.,140.87,20824216
2022-07-19,MSFT,Microsoft,Technology,241.3,20166040
2022-07-19,NFLX,Netflix,Communication Svcs.,377.55,5132668
2022-07-19,NVDA,NVIDIA,Technology,22.29,534807175
2022-07-19,ORCL,Oracle,Technology,95.7,13030150
2022-07-19,QCOM,Qualcomm,Technology,118.48,6956041
2022-07-19,TSLA,Tesla,Cons. Discretionary,262.25,150823434
2022-07-20,AAPL,Apple,Technology,175.56,53867449
2022-07-20,AMD,AMD,Technology,63.18,46519958
2022-07-20,AMZN,Amazon,Cons. Discretionary,110.35,60887455
2022-07-20,AVGO,Broadcom,Technology,61.45,20334117
2022-07-20,CRM,Salesforce,Technology,207.52,3982005
2022-07-20,GOOGL,Alphabet,Communication Svcs.,156.53,32827229
2022-07-20,IBM,IBM,Technology,148.05,6209991
2022-07-20,INTC,Intel,Technology,38.01,20524734
2022-07-20,META,Meta Platforms,Communication Svcs.,136.91,20448643
2022-07-20,MSFT,Microsoft,Technology,240.6,22136869
2022-07-20,NFLX,Netflix,Communication Svcs.,372.83,5309914
2022-07-20,NVDA,NVIDIA,Technology,21.25,483633414
2022-07-20,ORCL,Oracle,Technology,95.11,8636972
2022-07-20,QCOM,Qualcomm,Technology,114.35,7943670
2022-07-20,TSLA,Tesla,Cons. Discretionary,269.4,122246418
2022-07-21,AAPL,Apple,Technology,179.3,60763973
2022-07-21,AMD,AMD,Technology,64.78,35382272
2022-07-21,AMZN,Amazon,Cons. Discretionary,104.97,70289502
2022-07-21,AVGO,Broadcom,Technology,63.84,22559170
2022-07-21,CRM,Salesforce,Technology,213.05,3632670
2022-07-21,GOOGL,Alphabet,Communication Svcs.,157.75,22540386
2022-07-21,IBM,IBM,Technology,147.84,3656770
2022-07-21,INTC,Intel,Technology,38.63,43624703
2022-07-21,META,Meta Platforms,Communication Svcs.,127.9,24777528
2022-07-21,MSFT,Microsoft,Technology,247.2,17477374
2022-07-21,NFLX,Netflix,Communication Svcs.,367.31,3787264
2022-07-21,NVDA,NVIDIA,Technology,21.33,738758835
2022-07-21,ORCL,Oracle,Technology,98.4,8627840
2022-07-21,QCOM,Qualcomm,Technology,115.43,4905182
2022-07-21,TSLA,Tesla,Cons. Discretionary,267.45,79994412
2022-07-22,AAPL,Apple,Technology,178.15,62449789
2022-07-22,AMD,AMD,Technology,61.5,39432945
2022-07-22,AMZN,Amazon,Cons. Discretionary,106.84,32729024
2022-07-22,AVGO,Broadcom,Technology,63.97,14202944
2022-07-22,CRM,Salesforce,Technology,223.54,4740626
2022-07-22,GOOGL,Alphabet,Communication Svcs.,160.91,26702703
2022-07-22,IBM,IBM,Technology,147.75,3669087
2022-07-22,INTC,Intel,Technology,37.17,39727728
2022-07-22,META,Meta Platforms,Communication Svcs.,126.41,17038447
2022-07-22,MSFT,Microsoft,Technology,248.17,32090041
2022-07-22,NFLX,Netflix,Communication Svcs.,365.34,6829583
2022-07-22,NVDA,NVIDIA,Technology,22.05,334080801
2022-07-22,ORCL,Oracle,Technology,97.27,9792472
2022-07-22,QCOM,Qualcomm,Technology,118.52,13861699
2022-07-22,TSLA,Tesla,Cons. Discretionary,273.97,120110577
2022-07-25,AAPL,Apple,Technology,176.58,69508170
2022-07-25,AMD,AMD,Technology,62.13,60619126
2022-07-25,AMZN,Amazon,Cons. Discretionary,106.65,54718011
2022-07-25,AVGO,Broadcom,Technology,66.38,24788390
2022-07-25,CRM,Salesforce,Technology,222.97,6337212
2022-07-25,GOOGL,Alphabet,Communication Svcs.,162.96,28986788
2022-07-25,IBM,IBM,Technology,146.93,2605572
2022-07-25,INTC,Intel,Technology,37.01,32757998
2022-07-25,META,Meta Platforms,Communication Svcs.,127.85,17329465
2022-07-25,MSFT,Microsoft,Technology,248.48,19354010
2022-07-25,NFLX,Netflix,Communication Svcs.,361.14,4271056
2022-07-25,NVDA,NVIDIA,Technology,21.37,397273729
2022-07-25,ORCL,Oracle,Technology,97.25,10614421
2022-07-25,QCOM,Qualcomm,Technology,118.38,7017478
2022-07-25,TSLA,Tesla,Cons. Discretionary,264.03,87300528
2022-07-26,AAPL,Apple,Technology,174.53,73331781
2022-07-26,AMD,AMD,Technology,64.55,55340447
2022-07-26,AMZN,Amazon,Cons. Discretionary,107.7,44053852
2022-07-26,AVGO,Broadcom,Technology,66.49,12800191
2022-07-26,CRM,Salesforce,Technology,223.94,6682330
2022-07-26,GOOGL,Alphabet,Communication Svcs.,162.06,18864331
2022-07-26,IBM,IBM,Technology,148.29,4295269
2022-07-26,INTC,Intel,Technology,38.85,31198262
2022-07-26,META,Meta Platforms,Communication Svcs.,129.44,25215497
2022-07-26,MSFT,Microsoft,Technology,248.63,32133065
2022-07-26,NFLX,Netflix,Communication Svcs.,365.55,5526181
2022-07-26,NVDA,NVIDIA,Technology,21.49,456707620
2022-07-26,ORCL,Oracle,Technology,94.93,7740158
2022-07-26,QCOM,Qualcomm,Technology,117.6,8024123
2022-07-26,TSLA,Tesla,Cons. Discretionary,254.11,74942935
2022-07-27,AAPL,Apple,Technology,174.26,56070683
2022-07-27,AMD,AMD,Technology,64.3,42502243
2022-07-27,AMZN,Amazon,Cons. Discretionary,104.2,47466474
2022-07-27,AVGO,Broadcom,Technology,65.18,20633744
2022-07-27,CRM,Salesforce,Technology,222.33,5808775
2022-07-27,GOOGL,Alphabet,Communication Svcs.,159.64,30985872
2022-07-27,IBM,IBM,Technology,147.04,4366756
2022-07-27,INTC,Intel,Technology,39.67,20989176
2022-07-27,META,Meta Platforms,Communication Svcs.,132.43,30312093
2022-07-27,MSFT,Microsoft,Technology,247.51,33432454
2022-07-27,NFLX,Netflix,Communication Svcs.,356.8,3951086
2022-07-27,NVDA,NVIDIA,Technology,21.05,554973043
2022-07-27,ORCL,Oracle,Technology,95.35,7955753
2022-07-27,QCOM,Qualcomm,Technology,121.07,12737105
2022-07-27,TSLA,Tesla,Cons. Discretionary,244.83,96255991
2022-07-28,AAPL,Apple,Technology,177.11,58947535
2022-07-28,AMD,AMD,Technology,63.97,50648100
2022-07-28,AMZN,Amazon,Cons. Discretionary,103.66,42935097
2022-07-28,AVGO,Broadcom,Technology,66.51,27752901
2022-07-28,CRM,Salesforce,Technology,225.65,5221939
2022-07-28,GOOGL,Alphabet,Communication Svcs.,158.71,27166521
2022-07-28,IBM,IBM,Technology,145.43,3286734
2022-07-28,INTC,Intel,Technology,39.87,41611387
2022-07-28,META,Meta Platforms,Communication Svcs.,132.47,24899245
2022-07-28,MSFT,Microsoft,Technology,243.18,33820902
2022-07-28,NFLX,Netflix,Communication Svcs.,371.21,3469176
2022-07-28,NVDA,NVIDIA,Technology,19.83,386210758
2022-07-28,ORCL,Oracle,Technology,92.62,12200246
2022-07-28,QCOM,Qualcomm,Technology,121.11,13080345
2022-07-28,TSLA,Tesla,Cons. Discretionary,239.56,94396547
2022-07-29,AAPL,Apple,Technology,177.54,64783689
2022-07-29,AMD,AMD,Technology,65.29,45376100
2022-07-29,AMZN,Amazon,Cons. Discretionary,107.75,67967999
2022-07-29,AVGO,Broadcom,Technology,66.9,15595620
2022-07-29,CRM,Salesforce,Technology,227.95,4258477
2022-07-29,GOOGL,Alphabet,Communication Svcs.,159.34,33472781
2022-07-29,IBM,IBM,Technology,144.35,3950407
2022-07-29,INTC,Intel,Technology,40.3,27141597
2022-07-29,META,Meta Platforms,Communication Svcs.,128.01,14644700
2022-07-29,MSFT,Microsoft,Technology,243.74,34613425
2022-07-29,NFLX,Netflix,Communication Svcs.,363.44,6270306
2022-07-29,NVDA,NVIDIA,Technology,20.06,549046259
2022-07-29,ORCL,Oracle,Technology,93.51,9010355
2022-07-29,QCOM,Qualcomm,Technology,116.49,10039109
2022-07-29,TSLA,Tesla,Cons. Discretionary,225.02,126883303
2022-08-01,AAPL,Apple,Technology,174.11,62098798
2022-08-01,AMD,AMD,Technology,66.8,55726796
2022-08-01,AMZN,Amazon,Cons. Discretionary,110.87,31041148
2022-08-01,AVGO,Broadcom,Technology,68.93,14961175
2022-08-01,CRM,Salesforce,Technology,230.02,4380626
2022-08-01,GOOGL,Alphabet,Communication Svcs.,157.6,25320242
2022-08-01,IBM,IBM,Technology,146.22,3923739
2022-08-01,INTC,Intel,Technology,40.1,20369635
2022-08-01,META,Meta Platforms,Communication Svcs.,130.07,25702776
2022-08-01,MSFT,Microsoft,Technology,250.95,31860513
2022-08-01,NFLX,Netflix,Communication Svcs.,345.77,6901718
2022-08-01,NVDA,NVIDIA,Technology,20.47,460290788
2022-08-01,ORCL,Oracle,Technology,94.57,12918355
2022-08-01,QCOM,Qualcomm,Technology,113.39,8392582
2022-08-01,TSLA,Tesla,Cons. Discretionary,225.72,84826556
2022-08-02,AAPL,Apple,Technology,175.55,37726225
2022-08-02,AMD,AMD,Technology,66.35,38057929
2022-08-02,AMZN,Amazon,Cons. Discretionary,111.19,35945349
2022-08-02,AVGO,Broadcom,Technology,67.03,41919682
2022-08-02,CRM,Salesforce,Technology,226.33,4228476
2022-08-02,GOOGL,Alphabet,Communication Svcs.,157.5,21478066
2022-08-02,IBM,IBM,Technology,146.73,4016187
2022-08-02,INTC,Intel,Technology,40.02,26724735
2022-08-02,META,Meta Platforms,Communication Svcs.,128.24,20142463
2022-08-02,MSFT,Microsoft,Technology,250.91,18603587
2022-08-02,NFLX,Netflix,Communication Svcs.,345.1,3681637
2022-08-02,NVDA,NVIDIA,Technology,20.41,524155969
2022-08-02,ORCL,Oracle,Technology,93.72,11461248
2022-08-02,QCOM,Qualcomm,Technology,117.32,7272734
2022-08-02,TSLA,Tesla,Cons. Discretionary,225.4,112634126
2022-08-03,AAPL,Apple,Technology,176.52,53136684
2022-08-03,AMD,AMD,Technology,64.0,54507581
2022-08-03,AMZN,Amazon,Cons. Discretionary,110.93,62626249
2022-08-03,AVGO,Broadcom,Technology,65.13,22675251
2022-08-03,CRM,Salesforce,Technology,223.42,6039686
2022-08-03,GOOGL,Alphabet,Communication Svcs.,157.17,28486433
2022-08-03,IBM,IBM,Technology,144.49,3724522
2022-08-03,INTC,Intel,Technology,40.22,35443246
2022-08-03,META,Meta Platforms,Communication Svcs.,128.09,14052742
2022-08-03,MSFT,Microsoft,Technology,250.02,32113523
2022-08-03,NFLX,Netflix,Communication Svcs.,337.18,5064852
2022-08-03,NVDA,NVIDIA,Technology,19.8,371983826
2022-08-03,ORCL,Oracle,Technology,93.31,8605940
2022-08-03,QCOM,Qualcomm,Technology,116.19,6705524
2022-08-03,TSLA,Tesla,Cons. Discretionary,217.56,87281634
2022-08-04,AAPL,Apple,Technology,178.2,52757336
2022-08-04,AMD,AMD,Technology,65.64,48528924
2022-08-04,AMZN,Amazon,Cons. Discretionary,110.63,33720581
2022-08-04,AVGO,Broadcom,Technology,68.14,14146416
2022-08-04,CRM,Salesforce,Technology,216.25,3651079
2022-08-04,GOOGL,Alphabet,Communication Svcs.,156.29,31881681
2022-08-04,IBM,IBM,Technology,144.9,3878531
2022-08-04,INTC,Intel,Technology,39.96,32756790
2022-08-04,META,Meta Platforms,Communication Svcs.,125.94,24747792
2022-08-04,MSFT,Microsoft,Technology,251.07,22337464
2022-08-04,NFLX,Netflix,Communication Svcs.,332.63,3719028
2022-08-04,NVDA,NVIDIA,Technology,19.62,491717997
2022-08-04,ORCL,Oracle,Technology,93.18,7805219
2022-08-04,QCOM,Qualcomm,Technology,114.89,4855903
2022-08-04,TSLA,Tesla,Cons. Discretionary,217.67,127826233
2022-08-05,AAPL,Apple,Technology,176.21,55305697
2022-08-05,AMD,AMD,Technology,62.14,46895775
2022-08-05,AMZN,Amazon,Cons. Discretionary,111.87,37374872
2022-08-05,AVGO,Broadcom,Technology,65.64,20689035
2022-08-05,CRM,Salesforce,Technology,218.76,5473754
2022-08-05,GOOGL,Alphabet,Communication Svcs.,154.73,21891454
2022-08-05,IBM,IBM,Technology,145.75,4081992
2022-08-05,INTC,Intel,Technology,38.78,18300533
2022-08-05,META,Meta Platforms,Communication Svcs.,121.84,16932725
2022-08-05,MSFT,Microsoft,Technology,252.76,36958013
2022-08-05,NFLX,Netflix,Communication Svcs.,332.8,3858153
2022-08-05,NVDA,NVIDIA,Technology,19.29,415648666
2022-08-05,ORCL,Oracle,Technology,94.94,13667553
2022-08-05,QCOM,Qualcomm,Technology,112.63,4663025
2022-08-05,TSLA,Tesla,Cons. Discretionary,213.83,111906088
2022-08-08,AAPL,Apple,Technology,171.78,50172215
2022-08-08,AMD,AMD,Technology,65.07,69799260
2022-08-08,AMZN,Amazon,Cons. Discretionary,112.94,71249885
2022-08-08,AVGO,Broadcom,Technology,66.12,22549190
2022-08-08,CRM,Salesforce,Technology,214.71,7363843
2022-08-08,GOOGL,Alphabet,Communication Svcs.,153.45,24316073
2022-08-08,IBM,IBM,Technology,146.06,4242611
2022-08-08,INTC,Intel,Technology,38.62,40349342
2022-08-08,META,Meta Platforms,Communication Svcs.,121.06,20572274
2022-08-08,MSFT,Microsoft,Technology,263.82,36565385
2022-08-08,NFLX,Netflix,Communication Svcs.,334.37,7744920
2022-08-08,NVDA,NVIDIA,Technology,18.8,414735426
2022-08-08,ORCL,Oracle,Technology,95.34,8815432
2022-08-08,QCOM,Qualcomm,Technology,114.17,7045082
2022-08-08,TSLA,Tesla,Cons. Discretionary,215.49,134208765
2022-08-09,AAPL,Apple,Technology,173.31,44720004
2022-08-09,AMD,AMD,Technology,67.66,52185681
2022-08-09,AMZN,Amazon,Cons. Discretionary,113.28,60051922
2022-08-09,AVGO,Broadcom,Technology,65.33,17508237
2022-08-09,CRM,Salesforce,Technology,214.02,4925347
2022-08-09,GOOGL,Alphabet,Communication Svcs.,154.94,31411335
2022-08-09,IBM,IBM,Technology,146.9,6589481
2022-08-09,INTC,Intel,Technology,38.49,24914374
2022-08-09,META,Meta Platforms,Communication Svcs.,119.55,34280856
2022-08-09,MSFT,Microsoft,Technology,264.65,27642885
2022-08-09,NFLX,Netflix,Communication Svcs.,330.9,8480394
2022-08-09,NVDA,NVIDIA,Technology,17.94,477694265
2022-08-09,ORCL,Oracle,Technology,93.11,6520575
2022-08-09,QCOM,Qualcomm,Technology,114.68,9321426
2022-08-09,TSLA,Tesla,Cons. Discretionary,214.5,93238146
2022-08-10,AAPL,Apple,Technology,174.92,42747855
2022-08-10,AMD,AMD,Technology,66.04,72573662
2022-08-10,AMZN,Amazon,Cons. Discretionary,108.94,40357943
2022-08-10,AVGO,Broadcom,Technology,66.77,23271327
2022-08-10,CRM,Salesforce,Technology,215.61,7373143
2022-08-10,GOOGL,Alphabet,Communication Svcs.,152.11,26015714
2022-08-10,IBM,IBM,Technology,149.14,5848792
2022-08-10,INTC,Intel,Technology,38.66,45991777
2022-08-10,META,Meta Platforms,Communication Svcs.,118.14,21179965
2022-08-10,MSFT,Microsoft,Technology,265.26,28381066
2022-08-10,NFLX,Netflix,Communication Svcs.,324.74,5371145
2022-08-10,NVDA,NVIDIA,Technology,17.88,401677757
2022-08-10,ORCL,Oracle,Technology,91.7,13613585
2022-08-10,QCOM,Qualcomm,Technology,116.0,10898290
2022-08-10,TSLA,Tesla,Cons. Discretionary,227.52,111956358
2022-08-11,AAPL,Apple,Technology,175.04,93924482
2022-08-11,AMD,AMD,Technology,64.97,35047899
2022-08-11,AMZN,Amazon,Cons. Discretionary,108.65,59471422
2022-08-11,AVGO,Broadcom,Technology,66.86,18136738
2022-08-11,CRM,Salesforce,Technology,215.73,5245412
2022-08-11,GOOGL,Alphabet,Communication Svcs.,150.84,36287314
2022-08-11,IBM,IBM,Technology,149.3,4037833
2022-08-11,INTC,Intel,Technology,39.97,32211101
2022-08-11,META,Meta Platforms,Communication Svcs.,110.67,25168409
2022-08-11,MSFT,Microsoft,Technology,265.87,23678547
2022-08-11,NFLX,Netflix,Communication Svcs.,319.41,7096903
2022-08-11,NVDA,NVIDIA,Technology,17.29,439597279
2022-08-11,ORCL,Oracle,Technology,92.22,11050684
2022-08-11,QCOM,Qualcomm,Technology,119.83,5725133
2022-08-11,TSLA,Tesla,Cons. Discretionary,233.9,70934025
2022-08-12,AAPL,Apple,Technology,175.34,50033551
2022-08-12,AMD,AMD,Technology,66.68,43658321
2022-08-12,AMZN,Amazon,Cons. Discretionary,107.99,37696170
2022-08-12,AVGO,Broadcom,Technology,66.21,14886989
2022-08-12,CRM,Salesforce,Technology,223.11,4923406
2022-08-12,GOOGL,Alphabet,Communication Svcs.,150.6,13636811
2022-08-12,IBM,IBM,Technology,147.08,2969058
2022-08-12,INTC,Intel,Technology,40.09,34314555
2022-08-12,META,Meta Platforms,Communication Svcs.,115.34,16222983
2022-08-12,MSFT,Microsoft,Technology,266.9,31503321
2022-08-12,NFLX,Netflix,Communication Svcs.,332.48,7023693
2022-08-12,NVDA,NVIDIA,Technology,17.57,409998454
2022-08-12,ORCL,Oracle,Technology,94.72,8256216
2022-08-12,QCOM,Qualcomm,Technology,120.48,11567749
2022-08-12,TSLA,Tesla,Cons. Discretionary,231.3,85336026
2022-08-15,AAPL,Apple,Technology,174.0,45843413
2022-08-15,AMD,AMD,Technology,66.1,40637310
2022-08-15,AMZN,Amazon,Cons. Discretionary,105.92,36815247
2022-08-15,AVGO,Broadcom,Technology,66.93,22429164
2022-08-15,CRM,Salesforce,Technology,226.74,5434802
2022-08-15,GOOGL,Alphabet,Communication Svcs.,145.82,23349284
2022-08-15,IBM,IBM,Technology,147.47,4065164
2022-08-15,INTC,Intel,Technology,40.59,33460175
2022-08-15,META,Meta Platforms,Communication Svcs.,116.91,14417958
2022-08-15,MSFT,Microsoft,Technology,268.15,26544132
2022-08-15,NFLX,Netflix,Communication Svcs.,318.43,3215922
2022-08-15,NVDA,NVIDIA,Technology,17.45,314169916
2022-08-15,ORCL,Oracle,Technology,96.19,13217189
2022-08-15,QCOM,Qualcomm,Technology,115.73,5171338
2022-08-15,TSLA,Tesla,Cons. Discretionary,221.15,98839483
2022-08-16,AAPL,Apple,Technology,177.28,58279659
2022-08-16,AMD,AMD,Technology,65.3,26690859
2022-08-16,AMZN,Amazon,Cons. Discretionary,103.68,44349886
2022-08-16,AVGO,Broadcom,Technology,66.16,20604401
2022-08-16,CRM,Salesforce,Technology,216.19,5902554
2022-08-16,GOOGL,Alphabet,Communication Svcs.,140.16,17523172
2022-08-16,IBM,IBM,Technology,147.03,3185842
2022-08-16,INTC,Intel,Technology,41.15,30413885
2022-08-16,META,Meta Platforms,Communication Svcs.,111.51,13046955
2022-08-16,MSFT,Microsoft,Technology,274.33,22614399
2022-08-16,NFLX,Netflix,Communication Svcs.,308.9,5796278
2022-08-16,NVDA,NVIDIA,Technology,16.84,410002528
2022-08-16,ORCL,Oracle,Technology,95.28,9264086
2022-08-16,QCOM,Qualcomm,Technology,117.73,5974549
2022-08-16,TSLA,Tesla,Cons. Discretionary,230.49,98390250
2022-08-17,AAPL,Apple,Technology,176.25,68506194
2022-08-17,AMD,AMD,Technology,63.61,47115351
2022-08-17,AMZN,Amazon,Cons. Discretionary,103.49,45298642
2022-08-17,AVGO,Broadcom,Technology,65.04,25029658
2022-08-17,CRM,Salesforce,Technology,217.57,3109839
2022-08-17,GOOGL,Alphabet,Communication Svcs.,140.03,36406935
2022-08-17,IBM,IBM,Technology,149.75,4483083
2022-08-17,INTC,Intel,Technology,41.18,32064696
2022-08-17,META,Meta Platforms,Communication Svcs.,108.68,18715418
2022-08-17,MSFT,Microsoft,Technology,276.92,32472724
2022-08-17,NFLX,Netflix,Communication Svcs.,302.64,7473982
2022-08-17,NVDA,NVIDIA,Technology,16.9,344186714
2022-08-17,ORCL,Oracle,Technology,94.89,11773434
2022-08-17,QCOM,Qualcomm,Technology,117.1,6509437
2022-08-17,TSLA,Tesla,Cons. Discretionary,229.35,66266417
2022-08-18,AAPL,Apple,Technology,174.6,30455045
2022-08-18,AMD,AMD,Technology,60.98,55129535
2022-08-18,AMZN,Amazon,Cons. Discretionary,106.25,46667212
2022-08-18,AVGO,Broadcom,Technology,65.08,13704065
2022-08-18,CRM,Salesforce,Technology,212.21,3619042
2022-08-18,GOOGL,Alphabet,Communication Svcs.,140.63,21392721
2022-08-18,IBM,IBM,Technology,151.27,3676380
2022-08-18,INTC,Intel,Technology,40.25,62222173
2022-08-18,META,Meta Platforms,Communication Svcs.,106.23,15476210
2022-08-18,MSFT,Microsoft,Technology,269.58,31339006
2022-08-18,NFLX,Netflix,Communication Svcs.,297.06,6233734
2022-08-18,NVDA,NVIDIA,Technology,17.01,376712520
2022-08-18,ORCL,Oracle,Technology,94.12,8423232
2022-08-18,QCOM,Qualcomm,Technology,115.34,8121623
2022-08-18,TSLA,Tesla,Cons. Discretionary,221.33,106115738
2022-08-19,AAPL,Apple,Technology,174.14,87044322
2022-08-19,AMD,AMD,Technology,59.36,45758724
2022-08-19,AMZN,Amazon,Cons. Discretionary,108.88,28766145
2022-08-19,AVGO,Broadcom,Technology,64.41,24031532
2022-08-19,CRM,Salesforce,Technology,213.12,5515391
2022-08-19,GOOGL,Alphabet,Communication Svcs.,139.55,30185368
2022-08-19,IBM,IBM,Technology,151.14,3101332
2022-08-19,INTC,Intel,Technology,41.62,31530274
2022-08-19,META,Meta Platforms,Communication Svcs.,107.37,22687535
2022-08-19,MSFT,Microsoft,Technology,275.74,28329177
2022-08-19,NFLX,Netflix,Communication Svcs.,286.25,4066041
2022-08-19,NVDA,NVIDIA,Technology,16.48,449607075
2022-08-19,ORCL,Oracle,Technology,95.42,12886431
2022-08-19,QCOM,Qualcomm,Technology,115.53,7709966
2022-08-19,TSLA,Tesla,Cons. Discretionary,206.65,106444589
2022-08-22,AAPL,Apple,Technology,176.59,97077432
2022-08-22,AMD,AMD,Technology,59.12,50506850
2022-08-22,AMZN,Amazon,Cons. Discretionary,110.56,67945852
2022-08-22,AVGO,Broadcom,Technology,61.49,14850757
2022-08-22,CRM,Salesforce,Technology,208.48,5225962
2022-08-22,GOOGL,Alphabet,Communication Svcs.,142.22,30318083
2022-08-22,IBM,IBM,Technology,152.06,4487844
2022-08-22,INTC,Intel,Technology,42.01,56016693
2022-08-22,META,Meta Platforms,Communication Svcs.,103.76,19992906
2022-08-22,MSFT,Microsoft,Technology,271.56,16407122
2022-08-22,NFLX,Netflix,Communication Svcs.,287.52,4966641
2022-08-22,NVDA,NVIDIA,Technology,16.85,319378230
2022-08-22,ORCL,Oracle,Technology,92.67,12100567
2022-08-22,QCOM,Qualcomm,Technology,114.41,7433426
2022-08-22,TSLA,Tesla,Cons. Discretionary,213.22,122383001
2022-08-23,AAPL,Apple,Technology,179.42,50466535
2022-08-23,AMD,AMD,Technology,60.23,51300380
2022-08-23,AMZN,Amazon,Cons. Discretionary,109.65,32728299
2022-08-23,AVGO,Broadcom,Technology,61.73,18096078
2022-08-23,CRM,Salesforce,Technology,200.91,5101080
2022-08-23,GOOGL,Alphabet,Communication Svcs.,145.38,18457611
2022-08-23,IBM,IBM,Technology,152.62,3262370
2022-08-23,INTC,Intel,Technology,41.97,42753647
2022-08-23,META,Meta Platforms,Communication Svcs.,101.39,19009503
2022-08-23,MSFT,Microsoft,Technology,274.75,32014717
2022-08-23,NFLX,Netflix,Communication Svcs.,295.27,3435166
2022-08-23,NVDA,NVIDIA,Technology,16.81,615136088
2022-08-23,ORCL,Oracle,Technology,93.5,11418269
2022-08-23,QCOM,Qualcomm,Technology,110.5,5704704
2022-08-23,TSLA,Tesla,Cons. Discretionary,222.29,85334434
2022-08-24,AAPL,Apple,Technology,176.9,68432175
2022-08-24,AMD,AMD,Technology,62.95,49404145
2022-08-24,AMZN,Amazon,Cons. Discretionary,108.3,52711035
2022-08-24,AVGO,Broadcom,Technology,62.65,20360579
2022-08-24,CRM,Salesforce,Technology,199.06,3570418
2022-08-24,GOOGL,Alphabet,Communication Svcs.,147.71,16978565
2022-08-24,IBM,IBM,Technology,152.6,4662506
2022-08-24,INTC,Intel,Technology,40.59,28974732
2022-08-24,META,Meta Platforms,Communication Svcs.,99.64,16641266
2022-08-24,MSFT,Microsoft,Technology,269.3,34312338
2022-08-24,NFLX,Netflix,Communication Svcs.,306.71,5220095
2022-08-24,NVDA,NVIDIA,Technology,17.9,541830261
2022-08-24,ORCL,Oracle,Technology,95.84,10880138
2022-08-24,QCOM,Qualcomm,Technology,110.07,7709121
2022-08-24,TSLA,Tesla,Cons. Discretionary,224.21,118271662
2022-08-25,AAPL,Apple,Technology,176.82,53314122
2022-08-25,AMD,AMD,Technology,61.85,56749424
2022-08-25,AMZN,Amazon,Cons. Discretionary,110.29,52381620
2022-08-25,AVGO,Broadcom,Technology,62.71,13905136
2022-08-25,CRM,Salesforce,Technology,194.86,3808734
2022-08-25,GOOGL,Alphabet,Communication Svcs.,150.98,20210271
2022-08-25,IBM,IBM,Technology,150.03,3725839
2022-08-25,INTC,Intel,Technology,40.96,35451370
2022-08-25,META,Meta Platforms,Communication Svcs.,102.26,35678663
2022-08-25,MSFT,Microsoft,Technology,261.07,28996081
2022-08-25,NFLX,Netflix,Communication Svcs.,305.55,3990214
2022-08-25,NVDA,NVIDIA,Technology,17.63,393645763
2022-08-25,ORCL,Oracle,Technology,96.4,9764379
2022-08-25,QCOM,Qualcomm,Technology,110.49,7505939
2022-08-25,TSLA,Tesla,Cons. Discretionary,215.95,123161476
2022-08-26,AAPL,Apple,Technology,173.56,75988734
2022-08-26,AMD,AMD,Technology,63.73,52855243
2022-08-26,AMZN,Amazon,Cons. Discretionary,110.09,42712903
2022-08-26,AVGO,Broadcom,Technology,61.88,18637344
2022-08-26,CRM,Salesforce,Technology,191.78,7578164
2022-08-26,GOOGL,Alphabet,Communication Svcs.,149.89,21031472
2022-08-26,IBM,IBM,Technology,150.08,6126598
2022-08-26,INTC,Intel,Technology,41.78,37239798
2022-08-26,META,Meta Platforms,Communication Svcs.,97.36,18475561
2022-08-26,MSFT,Microsoft,Technology,260.06,33668835
2022-08-26,NFLX,Netflix,Communication Svcs.,296.47,4061791
2022-08-26,NVDA,NVIDIA,Technology,17.54,302356375
2022-08-26,ORCL,Oracle,Technology,96.9,12353777
2022-08-26,QCOM,Qualcomm,Technology,110.23,6492543
2022-08-26,TSLA,Tesla,Cons. Discretionary,212.19,84074741
2022-08-29,AAPL,Apple,Technology,171.91,51225406
2022-08-29,AMD,AMD,Technology,64.66,93488504
2022-08-29,AMZN,Amazon,Cons. Discretionary,108.87,44048793
2022-08-29,AVGO,Broadcom,Technology,62.69,17141469
2022-08-29,CRM,Salesforce,Technology,190.61,5576304
2022-08-29,GOOGL,Alphabet,Communication Svcs.,151.7,28901121
2022-08-29,IBM,IBM,Technology,148.52,4069345
2022-08-29,INTC,Intel,Technology,43.25,38070212
2022-08-29,META,Meta Platforms,Communication Svcs.,99.13,15327447
2022-08-29,MSFT,Microsoft,Technology,258.75,23484069
2022-08-29,NFLX,Netflix,Communication Svcs.,298.63,4492804
2022-08-29,NVDA,NVIDIA,Technology,18.3,481004124
2022-08-29,ORCL,Oracle,Technology,93.84,14086047
2022-08-29,QCOM,Qualcomm,Technology,111.09,6632027
2022-08-29,TSLA,Tesla,Cons. Discretionary,203.46,78784489
2022-08-30,AAPL,Apple,Technology,171.31,58859724
2022-08-30,AMD,AMD,Technology,64.57,85153883
2022-08-30,AMZN,Amazon,Cons. Discretionary,103.47,46285848
2022-08-30,AVGO,Broadcom,Technology,61.37,20958520
2022-08-30,CRM,Salesforce,Technology,187.48,3544127
2022-08-30,GOOGL,Alphabet,Communication Svcs.,149.73,37729418
2022-08-30,IBM,IBM,Technology,145.46,2859296
2022-08-30,INTC,Intel,Technology,43.81,36827107
2022-08-30,META,Meta Platforms,Communication Svcs.,99.65,19164708
2022-08-30,MSFT,Microsoft,Technology,262.29,24812449
2022-08-30,NFLX,Netflix,Communication Svcs.,310.12,5860712
2022-08-30,NVDA,NVIDIA,Technology,18.45,477614343
2022-08-30,ORCL,Oracle,Technology,92.66,10116644
2022-08-30,QCOM,Qualcomm,Technology,113.79,9393418
2022-08-30,TSLA,Tesla,Cons. Discretionary,200.45,157924275
2022-08-31,AAPL,Apple,Technology,170.76,62758469
2022-08-31,AMD,AMD,Technology,65.55,41446783
2022-08-31,AMZN,Amazon,Cons. Discretionary,103.08,53049282
2022-08-31,AVGO,Broadcom,Technology,61.28,15658883
2022-08-31,CRM,Salesforce,Technology,184.63,7857845
2022-08-31,GOOGL,Alphabet,Communication Svcs.,145.09,17578653
2022-08-31,IBM,IBM,Technology,144.86,4239621
2022-08-31,INTC,Intel,Technology,44.12,40649925
2022-08-31,META,Meta Platforms,Communication Svcs.,99.87,15275777
2022-08-31,MSFT,Microsoft,Technology,260.3,37196117
2022-08-31,NFLX,Netflix,Communication Svcs.,314.98,4760167
2022-08-31,NVDA,NVIDIA,Technology,19.79,401710047
2022-08-31,ORCL,Oracle,Technology,94.62,10991812
2022-08-31,QCOM,Qualcomm,Technology,111.84,6186781
2022-08-31,TSLA,Tesla,Cons. Discretionary,211.05,92612899
2022-09-01,AAPL,Apple,Technology,172.69,49861837
2022-09-01,AMD,AMD,Technology,67.11,50617170
2022-09-01,AMZN,Amazon,Cons. Discretionary,105.18,32747947
2022-09-01,AVGO,Broadcom,Technology,60.7,18503755
2022-09-01,CRM,Salesforce,Technology,183.11,3974912
2022-09-01,GOOGL,Alphabet,Communication Svcs.,143.76,36608117
2022-09-01,IBM,IBM,Technology,144.83,4344698
2022-09-01,INTC,Intel,Technology,43.63,38592167
2022-09-01,META,Meta Platforms,Communication Svcs.,95.56,25488495
2022-09-01,MSFT,Microsoft,Technology,262.19,20844472
2022-09-01,NFLX,Netflix,Communication Svcs.,329.99,6066825
2022-09-01,NVDA,NVIDIA,Technology,20.22,428697003
2022-09-01,ORCL,Oracle,Technology,93.62,10284947
2022-09-01,QCOM,Qualcomm,Technology,110.94,8794767
2022-09-01,TSLA,Tesla,Cons. Discretionary,206.5,164003397
2022-09-02,AAPL,Apple,Technology,173.37,63608420
2022-09-02,AMD,AMD,Technology,68.33,70275182
2022-09-02,AMZN,Amazon,Cons. Discretionary,103.31,44137349
2022-09-02,AVGO,Broadcom,Technology,59.95,26560162
2022-09-02,CRM,Salesforce,Technology,183.37,4978886
2022-09-02,GOOGL,Alphabet,Communication Svcs.,145.31,39621451
2022-09-02,IBM,IBM,Technology,144.08,3942918
2022-09-02,INTC,Intel,Technology,43.75,37005784
2022-09-02,META,Meta Platforms,Communication Svcs.,95.61,19509098
2022-09-02,MSFT,Microsoft,Technology,261.95,24159821
2022-09-02,NFLX,Netflix,Communication Svcs.,336.31,8400544
2022-09-02,NVDA,NVIDIA,Technology,19.19,361515802
2022-09-02,ORCL,Oracle,Technology,93.56,12764350
2022-09-02,QCOM,Qualcomm,Technology,111.24,9844875
2022-09-02,TSLA,Tesla,Cons. Discretionary,194.9,109946148
2022-09-05,AAPL,Apple,Technology,172.69,75840434
2022-09-05,AMD,AMD,Technology,64.32,36563101
2022-09-05,AMZN,Amazon,Cons. Discretionary,103.44,58763024
2022-09-05,AVGO,Broadcom,Technology,60.2,40494922
2022-09-05,CRM,Salesforce,Technology,183.13,5149931
2022-09-05,GOOGL,Alphabet,Communication Svcs.,138.59,18803552
2022-09-05,IBM,IBM,Technology,144.54,3034238
2022-09-05,INTC,Intel,Technology,44.33,44799415
2022-09-05,META,Meta Platforms,Communication Svcs.,93.98,23063793
2022-09-05,MSFT,Microsoft,Technology,266.38,20002235
2022-09-05,NFLX,Netflix,Communication Svcs.,339.2,7900801
2022-09-05,NVDA,NVIDIA,Technology,20.17,359241245
2022-09-05,ORCL,Oracle,Technology,94.0,6114348
2022-09-05,QCOM,Qualcomm,Technology,113.8,5562449
2022-09-05,TSLA,Tesla,Cons. Discretionary,193.83,79800977
2022-09-06,AAPL,Apple,Technology,167.91,41986346
2022-09-06,AMD,AMD,Technology,63.53,82400996
2022-09-06,AMZN,Amazon,Cons. Discretionary,99.23,40240442
2022-09-06,AVGO,Broadcom,Technology,58.46,24009672
2022-09-06,CRM,Salesforce,Technology,176.74,4250474
2022-09-06,GOOGL,Alphabet,Communication Svcs.,137.35,17175198
2022-09-06,IBM,IBM,Technology,144.1,3083685
2022-09-06,INTC,Intel,Technology,43.27,37607549
2022-09-06,META,Meta Platforms,Communication Svcs.,92.62,35290072
2022-09-06,MSFT,Microsoft,Technology,265.75,26650279
2022-09-06,NFLX,Netflix,Communication Svcs.,344.57,4085007
2022-09-06,NVDA,NVIDIA,Technology,20.59,265034037
2022-09-06,ORCL,Oracle,Technology,92.56,14941597
2022-09-06,QCOM,Qualcomm,Technology,110.1,9439461
2022-09-06,TSLA,Tesla,Cons. Discretionary,195.28,108684272
2022-09-07,AAPL,Apple,Technology,163.98,57995667
2022-09-07,AMD,AMD,Technology,64.47,44294532
2022-09-07,AMZN,Amazon,Cons. Discretionary,99.44,61658038
2022-09-07,AVGO,Broadcom,Technology,57.47,16093942
2022-09-07,CRM,Salesforce,Technology,181.62,4613423
2022-09-07,GOOGL,Alphabet,Communication Svcs.,133.83,21377317
2022-09-07,IBM,IBM,Technology,144.25,5050076
2022-09-07,INTC,Intel,Technology,42.68,59790978
2022-09-07,META,Meta Platforms,Communication Svcs.,92.64,27896557
2022-09-07,MSFT,Microsoft,Technology,263.27,22927778
2022-09-07,NFLX,Netflix,Communication Svcs.,347.9,5973178
2022-09-07,NVDA,NVIDIA,Technology,21.05,344184189
2022-09-07,ORCL,Oracle,Technology,92.35,9193263
2022-09-07,QCOM,Qualcomm,Technology,109.05,7689055
2022-09-07,TSLA,Tesla,Cons. Discretionary,195.82,74410775
2022-09-08,AAPL,Apple,Technology,165.9,58854857
2022-09-08,AMD,AMD,Technology,59.9,47841489
2022-09-08,AMZN,Amazon,Cons. Discretionary,100.96,48280726
2022-09-08,AVGO,Broadcom,Technology,56.71,18747523
2022-09-08,CRM,Salesforce,Technology,178.17,4391387
2022-09-08,GOOGL,Alphabet,Communication Svcs.,131.51,30251390
2022-09-08,IBM,IBM,Technology,145.3,3890464
2022-09-08,INTC,Intel,Technology,43.51,29271982
2022-09-08,META,Meta Platforms,Communication Svcs.,89.3,15934289
2022-09-08,MSFT,Microsoft,Technology,264.11,21251794
2022-09-08,NFLX,Netflix,Communication Svcs.,350.81,5671478
2022-09-08,NVDA,NVIDIA,Technology,22.05,578087001
2022-09-08,ORCL,Oracle,Technology,92.19,8935373
2022-09-08,QCOM,Qualcomm,Technology,110.44,7991206
2022-09-08,TSLA,Tesla,Cons. Discretionary,207.72,76974764
2022-09-09,AAPL,Apple,Technology,165.45,41143322
2022-09-09,AMD,AMD,Technology,59.33,57745678
2022-09-09,AMZN,Amazon,Cons. Discretionary,97.71,63059883
2022-09-09,AVGO,Broadcom,Technology,55.65,22634736
2022-09-09,CRM,Salesforce,Technology,175.35,2335247
2022-09-09,GOOGL,Alphabet,Communication Svcs.,128.07,27943512
2022-09-09,IBM,IBM,Technology,146.15,4214275
2022-09-09,INTC,Intel,Technology,45.03,41183282
2022-09-09,META,Meta Platforms,Communication Svcs.,93.08,21536988
2022-09-09,MSFT,Microsoft,Technology,266.3,27191440
2022-09-09,NFLX,Netflix,Communication Svcs.,356.93,7061295
2022-09-09,NVDA,NVIDIA,Technology,21.49,489898060
2022-09-09,ORCL,Oracle,Technology,92.24,10432756
2022-09-09,QCOM,Qualcomm,Technology,111.19,9089671
2022-09-09,TSLA,Tesla,Cons. Discretionary,202.52,67227351
2022-09-12,AAPL,Apple,Technology,162.61,94808862
2022-09-12,AMD,AMD,Technology,58.67,44579903
2022-09-12,AMZN,Amazon,Cons. Discretionary,94.99,75141595
2022-09-12,AVGO,Broadcom,Technology,55.49,16713209
2022-09-12,CRM,Salesforce,Technology,176.75,6058715
2022-09-12,GOOGL,Alphabet,Communication Svcs.,132.6,12552528
2022-09-12,IBM,IBM,Technology,143.82,3982514
2022-09-12,INTC,Intel,Technology,43.51,32396889
2022-09-12,META,Meta Platforms,Communication Svcs.,94.1,14969953
2022-09-12,MSFT,Microsoft,Technology,263.22,28911933
2022-09-12,NFLX,Netflix,Communication Svcs.,350.26,4058707
2022-09-12,NVDA,NVIDIA,Technology,22.71,351774379
2022-09-12,ORCL,Oracle,Technology,93.95,10892562
2022-09-12,QCOM,Qualcomm,Technology,110.4,7738003
2022-09-12,TSLA,Tesla,Cons. Discretionary,203.53,126187894
2022-09-13,AAPL,Apple,Technology,163.64,65457037
2022-09-13,AMD,AMD,Technology,56.88,44448022
2022-09-13,AMZN,Amazon,Cons. Discretionary,92.35,54722757
2022-09-13,AVGO,Broadcom,Technology,57.85,23446448
2022-09-13,CRM,Salesforce,Technology,174.06,3772239
2022-09-13,GOOGL,Alphabet,Communication Svcs.,131.25,21748664
2022-09-13,IBM,IBM,Technology,143.17,3301585
2022-09-13,INTC,Intel,Technology,42.84,41157075
2022-09-13,META,Meta Platforms,Communication Svcs.,93.51,19185785
2022-09-13,MSFT,Microsoft,Technology,260.61,30830731
2022-09-13,NFLX,Netflix,Communication Svcs.,358.19,5188228
2022-09-13,NVDA,NVIDIA,Technology,22.03,471841666
2022-09-13,ORCL,Oracle,Technology,91.99,7952341
2022-09-13,QCOM,Qualcomm,Technology,113.05,5989241
2022-09-13,TSLA,Tesla,Cons. Discretionary,194.92,120163005
2022-09-14,AAPL,Apple,Technology,162.23,54312101
2022-09-14,AMD,AMD,Technology,55.77,36258649
2022-09-14,AMZN,Amazon,Cons. Discretionary,92.06,26857930
2022-09-14,AVGO,Broadcom,Technology,55.86,18340845
2022-09-14,CRM,Salesforce,Technology,169.9,4481238
2022-09-14,GOOGL,Alphabet,Communication Svcs.,127.93,22813074
2022-09-14,IBM,IBM,Technology,143.54,4818388
2022-09-14,INTC,Intel,Technology,43.23,42231162
2022-09-14,META,Meta Platforms,Communication Svcs.,90.79,23305050
2022-09-14,MSFT,Microsoft,Technology,258.63,17284820
2022-09-14,NFLX,Netflix,Communication Svcs.,365.68,5137390
2022-09-14,NVDA,NVIDIA,Technology,21.97,644419983
2022-09-14,ORCL,Oracle,Technology,93.03,10775231
2022-09-14,QCOM,Qualcomm,Technology,111.55,5894735
2022-09-14,TSLA,Tesla,Cons. Discretionary,203.02,80400701
2022-09-15,AAPL,Apple,Technology,159.13,44992648
2022-09-15,AMD,AMD,Technology,56.05,43640826
2022-09-15,AMZN,Amazon,Cons. Discretionary,88.95,34504007
2022-09-15,AVGO,Broadcom,Technology,57.39,16274415
2022-09-15,CRM,Salesforce,Technology,166.73,5655524
2022-09-15,GOOGL,Alphabet,Communication Svcs.,128.88,20892822
2022-09-15,IBM,IBM,Technology,145.38,5683259
2022-09-15,INTC,Intel,Technology,43.15,36188492
2022-09-15,META,Meta Platforms,Communication Svcs.,91.0,14184582
2022-09-15,MSFT,Microsoft,Technology,261.38,22864204
2022-09-15,NFLX,Netflix,Communication Svcs.,367.82,3710765
2022-09-15,NVDA,NVIDIA,Technology,21.25,481127012
2022-09-15,ORCL,Oracle,Technology,92.75,9195987
2022-09-15,QCOM,Qualcomm,Technology,112.02,7500020
2022-09-15,TSLA,Tesla,Cons. Discretionary,206.47,77166095
2022-09-16,AAPL,Apple,Technology,157.99,63190136
2022-09-16,AMD,AMD,Technology,55.31,56258735
2022-09-16,AMZN,Amazon,Cons. Discretionary,89.01,59933442
2022-09-16,AVGO,Broadcom,Technology,57.93,25065243
2022-09-16,CRM,Salesforce,Technology,165.05,4947511
2022-09-16,GOOGL,Alphabet,Communication Svcs.,124.57,41273177
2022-09-16,IBM,IBM,Technology,145.83,5253076
2022-09-16,INTC,Intel,Technology,43.3,31582399
2022-09-16,META,Meta Platforms,Communication Svcs.,91.67,17023367
2022-09-16,MSFT,Microsoft,Technology,259.11,33764225
2022-09-16,NFLX,Netflix,Communication Svcs.,356.18,6360982
2022-09-16,NVDA,NVIDIA,Technology,21.31,556860952
2022-09-16,ORCL,Oracle,Technology,95.31,14397335
2022-09-16,QCOM,Qualcomm,Technology,109.42,6269319
2022-09-16,TSLA,Tesla,Cons. Discretionary,204.18,94957110
2022-09-19,AAPL,Apple,Technology,152.77,72990850
2022-09-19,AMD,AMD,Technology,57.83,32041642
2022-09-19,AMZN,Amazon,Cons. Discretionary,89.32,48665628
2022-09-19,AVGO,Broadcom,Technology,59.16,16387559
2022-09-19,CRM,Salesforce,Technology,164.87,6044500
2022-09-19,GOOGL,Alphabet,Communication Svcs.,124.06,20826994
2022-09-19,IBM,IBM,Technology,144.44,5056654
2022-09-19,INTC,Intel,Technology,42.0,31054008
2022-09-19,META,Meta Platforms,Communication Svcs.,92.74,20918646
2022-09-19,MSFT,Microsoft,Technology,260.0,19881443
2022-09-19,NFLX,Netflix,Communication Svcs.,355.26,4927977
2022-09-19,NVDA,NVIDIA,Technology,20.7,366037594
2022-09-19,ORCL,Oracle,Technology,97.81,7020996
2022-09-19,QCOM,Qualcomm,Technology,106.31,9533888
2022-09-19,TSLA,Tesla,Cons. Discretionary,193.53,169823300
2022-09-20,AAPL,Apple,Technology,153.71,72330551
2022-09-20,AMD,AMD,Technology,58.16,46335893
2022-09-20,AMZN,Amazon,Cons. Discretionary,89.91,57993525
2022-09-20,AVGO,Broadcom,Technology,57.82,17620854
2022-09-20,CRM,Salesforce,Technology,172.59,4996669
2022-09-20,GOOGL,Alphabet,Communication Svcs.,123.37,67102483
2022-09-20,IBM,IBM,Technology,140.3,3486777
2022-09-20,INTC,Intel,Technology,40.48,22672641
2022-09-20,META,Meta Platforms,Communication Svcs.,93.0,12349642
2022-09-20,MSFT,Microsoft,Technology,250.68,20882836
2022-09-20,NFLX,Netflix,Communication Svcs.,353.76,5764019
2022-09-20,NVDA,NVIDIA,Technology,20.65,362206789
2022-09-20,ORCL,Oracle,Technology,97.05,11541470
2022-09-20,QCOM,Qualcomm,Technology,109.95,10191000
2022-09-20,TSLA,Tesla,Cons. Discretionary,187.25,98646087
2022-09-21,AAPL,Apple,Technology,153.21,53861872
2022-09-21,AMD,AMD,Technology,55.85,40639496
2022-09-21,AMZN,Amazon,Cons. Discretionary,88.1,41630597
2022-09-21,AVGO,Broadcom,Technology,60.38,20066951
2022-09-21,CRM,Salesforce,Technology,172.74,5042749
2022-09-21,GOOGL,Alphabet,Communication Svcs.,124.57,24028702
2022-09-21,IBM,IBM,Technology,141.52,3782840
2022-09-21,INTC,Intel,Technology,40.65,46239990
2022-09-21,META,Meta Platforms,Communication Svcs.,92.18,18017728
2022-09-21,MSFT,Microsoft,Technology,253.45,25792801
2022-09-21,NFLX,Netflix,Communication Svcs.,351.96,5376559
2022-09-21,NVDA,NVIDIA,Technology,20.87,336473261
2022-09-21,ORCL,Oracle,Technology,97.87,9643875
2022-09-21,QCOM,Qualcomm,Technology,114.98,7831105
2022-09-21,TSLA,Tesla,Cons. Discretionary,198.48,141295264
2022-09-22,AAPL,Apple,Technology,153.92,74592792
2022-09-22,AMD,AMD,Technology,57.71,36959559
2022-09-22,AMZN,Amazon,Cons. Discretionary,91.57,63168683
2022-09-22,AVGO,Broadcom,Technology,61.6,19525505
2022-09-22,CRM,Salesforce,Technology,176.93,5029306
2022-09-22,GOOGL,Alphabet,Communication Svcs.,126.94,28350122
2022-09-22,IBM,IBM,Technology,143.62,3914479
2022-09-22,INTC,Intel,Technology,40.28,26483573
2022-09-22,META,Meta Platforms,Communication Svcs.,92.25,14289013
2022-09-22,MSFT,Microsoft,Technology,252.74,22309873
2022-09-22,NFLX,Netflix,Communication Svcs.,345.86,5809758
2022-09-22,NVDA,NVIDIA,Technology,20.86,552775757
2022-09-22,ORCL,Oracle,Technology,99.74,15034055
2022-09-22,QCOM,Qualcomm,Technology,114.12,5498432
2022-09-22,TSLA,Tesla,Cons. Discretionary,191.45,104602454
2022-09-23,AAPL,Apple,Technology,157.57,78930002
2022-09-23,AMD,AMD,Technology,58.01,55368560
2022-09-23,AMZN,Amazon,Cons. Discretionary,91.78,84087776
2022-09-23,AVGO,Broadcom,Technology,60.96,14897912
2022-09-23,CRM,Salesforce,Technology,177.87,3750283
2022-09-23,GOOGL,Alphabet,Communication Svcs.,121.69,19064283
2022-09-23,IBM,IBM,Technology,146.68,4553593
2022-09-23,INTC,Intel,Technology,40.05,29735300
2022-09-23,META,Meta Platforms,Communication Svcs.,93.43,21014187
2022-09-23,MSFT,Microsoft,Technology,252.34,21495281
2022-09-23,NFLX,Netflix,Communication Svcs.,350.95,3988415
2022-09-23,NVDA,NVIDIA,Technology,20.25,400179663
2022-09-23,ORCL,Oracle,Technology,95.99,12957720
2022-09-23,QCOM,Qualcomm,Technology,112.62,8255466
2022-09-23,TSLA,Tesla,Cons. Discretionary,191.39,64567585
2022-09-26,AAPL,Apple,Technology,159.9,65541574
2022-09-26,AMD,AMD,Technology,57.11,53713121
2022-09-26,AMZN,Amazon,Cons. Discretionary,91.23,31163814
2022-09-26,AVGO,Broadcom,Technology,60.81,16412657
2022-09-26,CRM,Salesforce,Technology,178.97,6499758
2022-09-26,GOOGL,Alphabet,Communication Svcs.,118.66,18187696
2022-09-26,IBM,IBM,Technology,145.93,4599943
2022-09-26,INTC,Intel,Technology,40.33,26947135
2022-09-26,META,Meta Platforms,Communication Svcs.,93.24,19671062
2022-09-26,MSFT,Microsoft,Technology,254.75,18458251
2022-09-26,NFLX,Netflix,Communication Svcs.,353.2,5005444
2022-09-26,NVDA,NVIDIA,Technology,20.8,328429178
2022-09-26,ORCL,Oracle,Technology,94.61,7762604
2022-09-26,QCOM,Qualcomm,Technology,113.04,6402481
2022-09-26,TSLA,Tesla,Cons. Discretionary,188.89,98573036
2022-09-27,AAPL,Apple,Technology,160.65,55521796
2022-09-27,AMD,AMD,Technology,55.49,44307190
2022-09-27,AMZN,Amazon,Cons. Discretionary,90.72,76812330
2022-09-27,AVGO,Broadcom,Technology,59.49,23716652
2022-09-27,CRM,Salesforce,Technology,176.0,7187217
2022-09-27,GOOGL,Alphabet,Communication Svcs.,115.9,22637869
2022-09-27,IBM,IBM,Technology,147.54,2825307
2022-09-27,INTC,Intel,Technology,39.92,46036290
2022-09-27,META,Meta Platforms,Communication Svcs.,96.21,17953948
2022-09-27,MSFT,Microsoft,Technology,256.55,14422530
2022-09-27,NFLX,Netflix,Communication Svcs.,363.79,5584147
2022-09-27,NVDA,NVIDIA,Technology,21.11,542395705
2022-09-27,ORCL,Oracle,Technology,96.3,8552191
2022-09-27,QCOM,Qualcomm,Technology,111.29,7676964
2022-09-27,TSLA,Tesla,Cons. Discretionary,194.39,95218807
2022-09-28,AAPL,Apple,Technology,153.37,44803360
2022-09-28,AMD,AMD,Technology,55.94,54462815
2022-09-28,AMZN,Amazon,Cons. Discretionary,85.24,34132902
2022-09-28,AVGO,Broadcom,Technology,59.85,20756818
2022-09-28,CRM,Salesforce,Technology,171.05,6096743
2022-09-28,GOOGL,Alphabet,Communication Svcs.,114.66,27509143
2022-09-28,IBM,IBM,Technology,149.41,3820267
2022-09-28,INTC,Intel,Technology,42.17,36211937
2022-09-28,META,Meta Platforms,Communication Svcs.,95.13,18920257
2022-09-28,MSFT,Microsoft,Technology,254.31,27750086
2022-09-28,NFLX,Netflix,Communication Svcs.,369.36,4705332
2022-09-28,NVDA,NVIDIA,Technology,21.9,425777089
2022-09-28,ORCL,Oracle,Technology,97.67,14064898
2022-09-28,QCOM,Qualcomm,Technology,111.6,10829945
2022-09-28,TSLA,Tesla,Cons. Discretionary,194.94,132778861
2022-09-29,AAPL,Apple,Technology,155.71,63178067
2022-09-29,AMD,AMD,Technology,54.0,37734970
2022-09-29,AMZN,Amazon,Cons. Discretionary,87.03,82875128
2022-09-29,AVGO,Broadcom,Technology,58.55,16413999
2022-09-29,CRM,Salesforce,Technology,177.49,6864839
2022-09-29,GOOGL,Alphabet,Communication Svcs.,110.23,36340241
2022-09-29,IBM,IBM,Technology,151.79,3326747
2022-09-29,INTC,Intel,Technology,40.91,30512382
2022-09-29,META,Meta Platforms,Communication Svcs.,96.28,20865393
2022-09-29,MSFT,Microsoft,Technology,250.4,23663099
2022-09-29,NFLX,Netflix,Communication Svcs.,375.16,6530066
2022-09-29,NVDA,NVIDIA,Technology,22.45,430198179
2022-09-29,ORCL,Oracle,Technology,98.86,10064171
2022-09-29,QCOM,Qualcomm,Technology,110.19,6672909
2022-09-29,TSLA,Tesla,Cons. Discretionary,191.48,96927879
2022-09-30,AAPL,Apple,Technology,154.27,53448895
2022-09-30,AMD,AMD,Technology,54.12,30013759
2022-09-30,AMZN,Amazon,Cons. Discretionary,87.12,66478946
2022-09-30,AVGO,Broadcom,Technology,57.82,18634992
2022-09-30,CRM,Salesforce,Technology,171.49,6459558
2022-09-30,GOOGL,Alphabet,Communication Svcs.,107.38,30252570
2022-09-30,IBM,IBM,Technology,151.73,3583409
2022-09-30,INTC,Intel,Technology,40.31,39185437
2022-09-30,META,Meta Platforms,Communication Svcs.,97.73,20284004
2022-09-30,MSFT,Microsoft,Technology,251.9,27375197
2022-09-30,NFLX,Netflix,Communication Svcs.,373.61,3789109
2022-09-30,NVDA,NVIDIA,Technology,22.6,533914783
2022-09-30,ORCL,Oracle,Technology,96.19,11179042
2022-09-30,QCOM,Qualcomm,Technology,107.64,8806528
2022-09-30,TSLA,Tesla,Cons. Discretionary,196.51,102925224
2022-10-03,AAPL,Apple,Technology,151.77,68917734
2022-10-03,AMD,AMD,Technology,53.11,43982321
2022-10-03,AMZN,Amazon,Cons. Discretionary,89.09,59192697
2022-10-03,AVGO,Broadcom,Technology,56.4,19008820
2022-10-03,CRM,Salesforce,Technology,168.47,7004663
2022-10-03,GOOGL,Alphabet,Communication Svcs.,103.47,23955489
2022-10-03,IBM,IBM,Technology,154.54,6120009
2022-10-03,INTC,Intel,Technology,40.86,24327836
2022-10-03,META,Meta Platforms,Communication Svcs.,94.98,18444080
2022-10-03,MSFT,Microsoft,Technology,256.42,18351462
2022-10-03,NFLX,Netflix,Communication Svcs.,370.01,6131636
2022-10-03,NVDA,NVIDIA,Technology,23.95,570376526
2022-10-03,ORCL,Oracle,Technology,93.35,5276010
2022-10-03,QCOM,Qualcomm,Technology,107.11,9273973
2022-10-03,TSLA,Tesla,Cons. Discretionary,205.73,120208750
2022-10-04,AAPL,Apple,Technology,150.04,76004735
2022-10-04,AMD,AMD,Technology,52.22,72083182
2022-10-04,AMZN,Amazon,Cons. Discretionary,87.23,60742877
2022-10-04,AVGO,Broadcom,Technology,56.75,22376861
2022-10-04,CRM,Salesforce,Technology,171.2,4475171
2022-10-04,GOOGL,Alphabet,Communication Svcs.,105.74,31509913
2022-10-04,IBM,IBM,Technology,152.34,4542006
2022-10-04,INTC,Intel,Technology,41.16,24726815
2022-10-04,META,Meta Platforms,Communication Svcs.,90.38,14555700
2022-10-04,MSFT,Microsoft,Technology,254.08,16024597
2022-10-04,NFLX,Netflix,Communication Svcs.,379.79,4054501
2022-10-04,NVDA,NVIDIA,Technology,24.1,460595416
2022-10-04,ORCL,Oracle,Technology,95.15,7872610
2022-10-04,QCOM,Qualcomm,Technology,108.81,5827552
2022-10-04,TSLA,Tesla,Cons. Discretionary,217.13,81273026
2022-10-05,AAPL,Apple,Technology,149.13,76316533
2022-10-05,AMD,AMD,Technology,53.55,36029697
2022-10-05,AMZN,Amazon,Cons. Discretionary,89.27,62096971
2022-10-05,AVGO,Broadcom,Technology,56.01,14866662
2022-10-05,CRM,Salesforce,Technology,171.58,6261022
2022-10-05,GOOGL,Alphabet,Communication Svcs.,105.62,23059584
2022-10-05,IBM,IBM,Technology,152.75,2941006
2022-10-05,INTC,Intel,Technology,42.3,32831680
2022-10-05,META,Meta Platforms,Communication Svcs.,92.08,25765743
2022-10-05,MSFT,Microsoft,Technology,254.17,40509402
2022-10-05,NFLX,Netflix,Communication Svcs.,377.86,4674958
2022-10-05,NVDA,NVIDIA,Technology,24.48,559896695
2022-10-05,ORCL,Oracle,Technology,93.88,11902370
2022-10-05,QCOM,Qualcomm,Technology,105.17,5928836
2022-10-05,TSLA,Tesla,Cons. Discretionary,205.26,72344236
2022-10-06,AAPL,Apple,Technology,151.04,75791515
2022-10-06,AMD,AMD,Technology,55.77,45298657
2022-10-06,AMZN,Amazon,Cons. Discretionary,93.48,67359218
2022-10-06,AVGO,Broadcom,Technology,58.36,20448042
2022-10-06,CRM,Salesforce,Technology,173.11,4620893
2022-10-06,GOOGL,Alphabet,Communication Svcs.,105.13,26852298
2022-10-06,IBM,IBM,Technology,154.29,4679855
2022-10-06,INTC,Intel,Technology,42.18,50652002
2022-10-06,META,Meta Platforms,Communication Svcs.,91.52,17176402
2022-10-06,MSFT,Microsoft,Technology,257.56,19917835
2022-10-06,NFLX,Netflix,Communication Svcs.,382.91,5534115
2022-10-06,NVDA,NVIDIA,Technology,24.21,396209104
2022-10-06,ORCL,Oracle,Technology,96.31,11747351
2022-10-06,QCOM,Qualcomm,Technology,106.9,9544086
2022-10-06,TSLA,Tesla,Cons. Discretionary,196.41,85253799
2022-10-07,AAPL,Apple,Technology,150.78,71461896
2022-10-07,AMD,AMD,Technology,54.07,46951025
2022-10-07,AMZN,Amazon,Cons. Discretionary,96.08,52425971
2022-10-07,AVGO,Broadcom,Technology,58.88,26055197
2022-10-07,CRM,Salesforce,Technology,175.61,5648332
2022-10-07,GOOGL,Alphabet,Communication Svcs.,105.76,24867055
2022-10-07,IBM,IBM,Technology,153.04,5743621
2022-10-07,INTC,Intel,Technology,41.27,41264941
2022-10-07,META,Meta Platforms,Communication Svcs.,93.95,18424737
2022-10-07,MSFT,Microsoft,Technology,254.88,32892463
2022-10-07,NFLX,Netflix,Communication Svcs.,381.44,3645128
2022-10-07,NVDA,NVIDIA,Technology,23.56,759221311
2022-10-07,ORCL,Oracle,Technology,97.45,9640067
2022-10-07,QCOM,Qualcomm,Technology,105.65,5972235
2022-10-07,TSLA,Tesla,Cons. Discretionary,191.87,94530166
2022-10-10,AAPL,Apple,Technology,151.05,89373296
2022-10-10,AMD,AMD,Technology,52.83,55231732
2022-10-10,AMZN,Amazon,Cons. Discretionary,95.98,56827773
2022-10-10,AVGO,Broadcom,Technology,58.91,12419068
2022-10-10,CRM,Salesforce,Technology,176.67,4719904
2022-10-10,GOOGL,Alphabet,Communication Svcs.,109.93,21686838
2022-10-10,IBM,IBM,Technology,152.23,3194955
2022-10-10,INTC,Intel,Technology,40.58,35795231
2022-10-10,META,Meta Platforms,Communication Svcs.,91.32,15443751
2022-10-10,MSFT,Microsoft,Technology,254.97,25621180
2022-10-10,NFLX,Netflix,Communication Svcs.,378.9,6563597
2022-10-10,NVDA,NVIDIA,Technology,24.73,461251400
2022-10-10,ORCL,Oracle,Technology,95.11,10498824
2022-10-10,QCOM,Qualcomm,Technology,105.11,9281726
2022-10-10,TSLA,Tesla,Cons. Discretionary,183.28,152500723
2022-10-11,AAPL,Apple,Technology,148.93,73112024
2022-10-11,AMD,AMD,Technology,52.78,55448348
2022-10-11,AMZN,Amazon,Cons. Discretionary,94.46,68671696
2022-10-11,AVGO,Broadcom,Technology,59.05,23019447
2022-10-11,CRM,Salesforce,Technology,171.23,4581369
2022-10-11,GOOGL,Alphabet,Communication Svcs.,106.17,19247441
2022-10-11,IBM,IBM,Technology,152.4,4205716
2022-10-11,INTC,Intel,Technology,39.74,31208548
2022-10-11,META,Meta Platforms,Communication Svcs.,97.26,28603852
2022-10-11,MSFT,Microsoft,Technology,256.54,37171895
2022-10-11,NFLX,Netflix,Communication Svcs.,383.11,3258331
2022-10-11,NVDA,NVIDIA,Technology,25.23,510769325
2022-10-11,ORCL,Oracle,Technology,95.91,10763833
2022-10-11,QCOM,Qualcomm,Technology,104.71,6196979
2022-10-11,TSLA,Tesla,Cons. Discretionary,179.26,106930987
2022-10-12,AAPL,Apple,Technology,147.34,82625868
2022-10-12,AMD,AMD,Technology,49.78,54218281
2022-10-12,AMZN,Amazon,Cons. Discretionary,92.91,46201979
2022-10-12,AVGO,Broadcom,Technology,60.32,26606408
2022-10-12,CRM,Salesforce,Technology,172.28,4413948
2022-10-12,GOOGL,Alphabet,Communication Svcs.,106.1,28716073
2022-10-12,IBM,IBM,Technology,153.15,3607378
2022-10-12,INTC,Intel,Technology,39.61,47201256
2022-10-12,META,Meta Platforms,Communication Svcs.,98.83,27792095
2022-10-12,MSFT,Microsoft,Technology,260.36,13099654
2022-10-12,NFLX,Netflix,Communication Svcs.,379.03,6327900
2022-10-12,NVDA,NVIDIA,Technology,25.85,191896341
2022-10-12,ORCL,Oracle,Technology,95.44,14720869
2022-10-12,QCOM,Qualcomm,Technology,102.29,6797267
2022-10-12,TSLA,Tesla,Cons. Discretionary,169.08,91833639
2022-10-13,AAPL,Apple,Technology,147.2,67052957
2022-10-13,AMD,AMD,Technology,49.86,48267510
2022-10-13,AMZN,Amazon,Cons. Discretionary,95.03,49428239
2022-10-13,AVGO,Broadcom,Technology,60.47,21924104
2022-10-13,CRM,Salesforce,Technology,174.36,5473224
2022-10-13,GOOGL,Alphabet,Communication Svcs.,107.87,29557209
2022-10-13,IBM,IBM,Technology,150.18,2936849
2022-10-13,INTC,Intel,Technology,38.7,43127036
2022-10-13,META,Meta Platforms,Communication Svcs.,100.28,15364433
2022-10-13,MSFT,Microsoft,Technology,252.39,30640989
2022-10-13,NFLX,Netflix,Communication Svcs.,374.97,8641799
2022-10-13,NVDA,NVIDIA,Technology,26.03,545222711
2022-10-13,ORCL,Oracle,Technology,94.66,13839435
2022-10-13,QCOM,Qualcomm,Technology,104.75,8779938
2022-10-13,TSLA,Tesla,Cons. Discretionary,176.26,104409481
2022-10-14,AAPL,Apple,Technology,149.48,74951110
2022-10-14,AMD,AMD,Technology,52.51,75421751
2022-10-14,AMZN,Amazon,Cons. Discretionary,93.98,41323745
2022-10-14,AVGO,Broadcom,Technology,58.45,38662989
2022-10-14,CRM,Salesforce,Technology,169.41,3413379
2022-10-14,GOOGL,Alphabet,Communication Svcs.,107.76,19633670
2022-10-14,IBM,IBM,Technology,150.45,3327791
2022-10-14,INTC,Intel,Technology,37.31,42594939
2022-10-14,META,Meta Platforms,Communication Svcs.,97.73,23046279
2022-10-14,MSFT,Microsoft,Technology,249.24,23300097
2022-10-14,NFLX,Netflix,Communication Svcs.,349.44,5939320
2022-10-14,NVDA,NVIDIA,Technology,26.15,436833648
2022-10-14,ORCL,Oracle,Technology,94.77,8059945
2022-10-14,QCOM,Qualcomm,Technology,105.3,7295674
2022-10-14,TSLA,Tesla,Cons. Discretionary,184.27,148896645
2022-10-17,AAPL,Apple,Technology,150.01,54899790
2022-10-17,AMD,AMD,Technology,51.25,58415472
2022-10-17,AMZN,Amazon,Cons. Discretionary,93.94,44708849
2022-10-17,AVGO,Broadcom,Technology,56.98,16787751
2022-10-17,CRM,Salesforce,Technology,167.93,7761227
2022-10-17,GOOGL,Alphabet,Communication Svcs.,108.08,27471483
2022-10-17,IBM,IBM,Technology,148.9,3434148
2022-10-17,INTC,Intel,Technology,37.12,35657762
2022-10-17,META,Meta Platforms,Communication Svcs.,97.0,15420867
2022-10-17,MSFT,Microsoft,Technology,250.96,26432845
2022-10-17,NFLX,Netflix,Communication Svcs.,344.99,6259956
2022-10-17,NVDA,NVIDIA,Technology,25.14,444720886
2022-10-17,ORCL,Oracle,Technology,95.47,9601392
2022-10-17,QCOM,Qualcomm,Technology,103.78,7077805
2022-10-17,TSLA,Tesla,Cons. Discretionary,185.61,161038970
2022-10-18,AAPL,Apple,Technology,153.01,53078865
2022-10-18,AMD,AMD,Technology,52.46,37101368
2022-10-18,AMZN,Amazon,Cons. Discretionary,93.77,35035111
2022-10-18,AVGO,Broadcom,Technology,56.93,17237823
2022-10-18,CRM,Salesforce,Technology,168.18,4866051
2022-10-18,GOOGL,Alphabet,Communication Svcs.,109.55,23398482
2022-10-18,IBM,IBM,Technology,150.0,4668219
2022-10-18,INTC,Intel,Technology,36.64,29856157
2022-10-18,META,Meta Platforms,Communication Svcs.,94.45,23123517
2022-10-18,MSFT,Microsoft,Technology,254.24,19436877
2022-10-18,NFLX,Netflix,Communication Svcs.,338.59,5457452
2022-10-18,NVDA,NVIDIA,Technology,24.42,463953430
2022-10-18,ORCL,Oracle,Technology,94.19,12491238
2022-10-18,QCOM,Qualcomm,Technology,98.68,6105734
2022-10-18,TSLA,Tesla,Cons. Discretionary,175.45,115302087
2022-10-19,AAPL,Apple,Technology,156.71,63352161
2022-10-19,AMD,AMD,Technology,51.86,42592446
2022-10-19,AMZN,Amazon,Cons. Discretionary,92.9,71921316
2022-10-19,AVGO,Broadcom,Technology,56.3,19934321
2022-10-19,CRM,Salesforce,Technology,167.13,4858260
2022-10-19,GOOGL,Alphabet,Communication Svcs.,110.85,15537218
2022-10-19,IBM,IBM,Technology,149.82,4347635
2022-10-19,INTC,Intel,Technology,35.99,31690453
2022-10-19,META,Meta Platforms,Communication Svcs.,95.46,21557647
2022-10-19,MSFT,Microsoft,Technology,254.11,27602201
2022-10-19,NFLX,Netflix,Communication Svcs.,331.89,5828139
2022-10-19,NVDA,NVIDIA,Technology,23.96,346195048
2022-10-19,ORCL,Oracle,Technology,94.53,13060379
2022-10-19,QCOM,Qualcomm,Technology,99.18,6589717
2022-10-19,TSLA,Tesla,Cons. Discretionary,170.51,114903961
2022-10-20,AAPL,Apple,Technology,152.39,57331076
2022-10-20,AMD,AMD,Technology,49.57,55040631
2022-10-20,AMZN,Amazon,Cons. Discretionary,88.83,54795869
2022-10-20,AVGO,Broadcom,Technology,54.84,20922170
2022-10-20,CRM,Salesforce,Technology,166.63,3351278
2022-10-20,GOOGL,Alphabet,Communication Svcs.,111.74,26724496
2022-10-20,IBM,IBM,Technology,149.24,5573754
2022-10-20,INTC,Intel,Technology,34.6,29492068
2022-10-20,META,Meta Platforms,Communication Svcs.,96.27,22715603
2022-10-20,MSFT,Microsoft,Technology,251.31,22698711
2022-10-20,NFLX,Netflix,Communication Svcs.,335.08,5788724
2022-10-20,NVDA,NVIDIA,Technology,24.03,591551578
2022-10-20,ORCL,Oracle,Technology,92.67,11693870
2022-10-20,QCOM,Qualcomm,Technology,97.89,7163558
2022-10-20,TSLA,Tesla,Cons. Discretionary,165.44,92323502
2022-10-21,AAPL,Apple,Technology,151.52,71188036
2022-10-21,AMD,AMD,Technology,51.21,35008667
2022-10-21,AMZN,Amazon,Cons. Discretionary,88.53,54549086
2022-10-21,AVGO,Broadcom,Technology,53.69,17949498
2022-10-21,CRM,Salesforce,Technology,168.06,4736070
2022-10-21,GOOGL,Alphabet,Communication Svcs.,106.52,36471265
2022-10-21,IBM,IBM,Technology,147.38,2666664
2022-10-21,INTC,Intel,Technology,33.69,39060244
2022-10-21,META,Meta Platforms,Communication Svcs.,97.15,24843245
2022-10-21,MSFT,Microsoft,Technology,248.1,22846103
2022-10-21,NFLX,Netflix,Communication Svcs.,336.1,5766812
2022-10-21,NVDA,NVIDIA,Technology,23.95,488986395
2022-10-21,ORCL,Oracle,Technology,93.33,13304355
2022-10-21,QCOM,Qualcomm,Technology,97.47,5273760
2022-10-21,TSLA,Tesla,Cons. Discretionary,173.63,92631593
2022-10-24,AAPL,Apple,Technology,150.34,48140687
2022-10-24,AMD,AMD,Technology,49.47,66193789
2022-10-24,AMZN,Amazon,Cons. Discretionary,86.36,51740673
2022-10-24,AVGO,Broadcom,Technology,53.77,14129240
2022-10-24,CRM,Salesforce,Technology,169.92,4319184
2022-10-24,GOOGL,Alphabet,Communication Svcs.,105.66,25711263
2022-10-24,IBM,IBM,Technology,147.54,4573981
2022-10-24,INTC,Intel,Technology,34.02,41559758
2022-10-24,META,Meta Platforms,Communication Svcs.,95.86,17846446
2022-10-24,MSFT,Microsoft,Technology,250.8,25143154
2022-10-24,NFLX,Netflix,Communication Svcs.,336.99,5257353
2022-10-24,NVDA,NVIDIA,Technology,23.87,395532254
2022-10-24,ORCL,Oracle,Technology,91.28,9641078
2022-10-24,QCOM,Qualcomm,Technology,98.54,10599869
2022-10-24,TSLA,Tesla,Cons. Discretionary,166.6,103002416
2022-10-25,AAPL,Apple,Technology,148.89,86061535
2022-10-25,AMD,AMD,Technology,49.75,41358828
2022-10-25,AMZN,Amazon,Cons. Discretionary,84.29,52061096
2022-10-25,AVGO,Broadcom,Technology,52.87,16969699
2022-10-25,CRM,Salesforce,Technology,167.09,8092012
2022-10-25,GOOGL,Alphabet,Communication Svcs.,105.26,45065954
2022-10-25,IBM,IBM,Technology,147.77,3694175
2022-10-25,INTC,Intel,Technology,34.16,30731232
2022-10-25,META,Meta Platforms,Communication Svcs.,94.81,18892360
2022-10-25,MSFT,Microsoft,Technology,250.63,38691263
2022-10-25,NFLX,Netflix,Communication Svcs.,327.77,4904239
2022-10-25,NVDA,NVIDIA,Technology,24.25,369448880
2022-10-25,ORCL,Oracle,Technology,92.05,13014572
2022-10-25,QCOM,Qualcomm,Technology,96.8,5200648
2022-10-25,TSLA,Tesla,Cons. Discretionary,162.29,97943849
2022-10-26,AAPL,Apple,Technology,145.97,71058449
2022-10-26,AMD,AMD,Technology,50.56,38276490
2022-10-26,AMZN,Amazon,Cons. Discretionary,81.83,53039743
2022-10-26,AVGO,Broadcom,Technology,52.99,20557646
2022-10-26,CRM,Salesforce,Technology,165.02,6256947
2022-10-26,GOOGL,Alphabet,Communication Svcs.,105.99,20239369
2022-10-26,IBM,IBM,Technology,149.04,3916124
2022-10-26,INTC,Intel,Technology,34.58,27183930
2022-10-26,META,Meta Platforms,Communication Svcs.,93.82,15744594
2022-10-26,MSFT,Microsoft,Technology,249.15,26814489
2022-10-26,NFLX,Netflix,Communication Svcs.,311.89,5449792
2022-10-26,NVDA,NVIDIA,Technology,24.64,593657693
2022-10-26,ORCL,Oracle,Technology,92.79,7972048
2022-10-26,QCOM,Qualcomm,Technology,97.98,5821473
2022-10-26,TSLA,Tesla,Cons. Discretionary,160.19,164471742
2022-10-27,AAPL,Apple,Technology,146.84,66654802
2022-10-27,AMD,AMD,Technology,49.87,53378159
2022-10-27,AMZN,Amazon,Cons. Discretionary,81.47,41129002
2022-10-27,AVGO,Broadcom,Technology,53.82,29613710
2022-10-27,CRM,Salesforce,Technology,167.81,8087384
2022-10-27,GOOGL,Alphabet,Communication Svcs.,106.68,21692593
2022-10-27,IBM,IBM,Technology,146.3,3924934
2022-10-27,INTC,Intel,Technology,34.8,34317703
2022-10-27,META,Meta Platforms,Communication Svcs.,93.94,20662686
2022-10-27,MSFT,Microsoft,Technology,248.43,29548368
2022-10-27,NFLX,Netflix,Communication Svcs.,318.18,5092129
2022-10-27,NVDA,NVIDIA,Technology,23.88,379838110
2022-10-27,ORCL,Oracle,Technology,95.74,7281191
2022-10-27,QCOM,Qualcomm,Technology,100.57,6190913
2022-10-27,TSLA,Tesla,Cons. Discretionary,166.85,96123980
2022-10-28,AAPL,Apple,Technology,146.35,34361748
2022-10-28,AMD,AMD,Technology,49.11,52564046
2022-10-28,AMZN,Amazon,Cons. Discretionary,82.61,77807489
2022-10-28,AVGO,Broadcom,Technology,56.05,29673102
2022-10-28,CRM,Salesforce,Technology,170.15,6473428
2022-10-28,GOOGL,Alphabet,Communication Svcs.,102.48,15709110
2022-10-28,IBM,IBM,Technology,148.79,5451490
2022-10-28,INTC,Intel,Technology,34.61,24277285
2022-10-28,META,Meta Platforms,Communication Svcs.,91.86,26605257
2022-10-28,MSFT,Microsoft,Technology,243.36,36525930
2022-10-28,NFLX,Netflix,Communication Svcs.,314.4,5989142
2022-10-28,NVDA,NVIDIA,Technology,23.47,281471737
2022-10-28,ORCL,Oracle,Technology,96.04,9749073
2022-10-28,QCOM,Qualcomm,Technology,101.84,9335516
2022-10-28,TSLA,Tesla,Cons. Discretionary,173.23,118497036
2022-10-31,AAPL,Apple,Technology,144.59,61827427
2022-10-31,AMD,AMD,Technology,50.41,62383069
2022-10-31,AMZN,Amazon,Cons. Discretionary,83.08,42235780
2022-10-31,AVGO,Broadcom,Technology,57.79,17766472
2022-10-31,CRM,Salesforce,Technology,173.46,8562024
2022-10-31,GOOGL,Alphabet,Communication Svcs.,102.48,21496894
2022-10-31,IBM,IBM,Technology,150.16,5946068
2022-10-31,INTC,Intel,Technology,35.7,38893452
2022-10-31,META,Meta Platforms,Communication Svcs.,93.52,24410422
2022-10-31,MSFT,Microsoft,Technology,239.62,22422024
2022-10-31,NFLX,Netflix,Communication Svcs.,326.45,5643784
2022-10-31,NVDA,NVIDIA,Technology,23.69,500575295
2022-10-31,ORCL,Oracle,Technology,95.61,9924224
2022-10-31,QCOM,Qualcomm,Technology,101.87,7640911
2022-10-31,TSLA,Tesla,Cons. Discretionary,169.78,66984850
2022-11-01,AAPL,Apple,Technology,144.76,52581949
2022-11-01,AMD,AMD,Technology,49.64,72316933
2022-11-01,AMZN,Amazon,Cons. Discretionary,84.84,57033886
2022-11-01,AVGO,Broadcom,Technology,59.31,20804964
2022-11-01,CRM,Salesforce,Technology,164.22,6399011
2022-11-01,GOOGL,Alphabet,Communication Svcs.,102.12,28668570
2022-11-01,IBM,IBM,Technology,149.03,3156549
2022-11-01,INTC,Intel,Technology,35.28,29764666
2022-11-01,META,Meta Platforms,Communication Svcs.,94.29,25426036
2022-11-01,MSFT,Microsoft,Technology,240.45,19698321
2022-11-01,NFLX,Netflix,Communication Svcs.,325.19,5363379
2022-11-01,NVDA,NVIDIA,Technology,22.41,544794504
2022-11-01,ORCL,Oracle,Technology,95.41,8566528
2022-11-01,QCOM,Qualcomm,Technology,99.13,10350963
2022-11-01,TSLA,Tesla,Cons. Discretionary,169.26,106991098
2022-11-02,AAPL,Apple,Technology,145.63,42536191
2022-11-02,AMD,AMD,Technology,47.97,53207287
2022-11-02,AMZN,Amazon,Cons. Discretionary,82.89,48417476
2022-11-02,AVGO,Broadcom,Technology,60.23,32445113
2022-11-02,CRM,Salesforce,Technology,160.09,4995416
2022-11-02,GOOGL,Alphabet,Communication Svcs.,100.83,27503383
2022-11-02,IBM,IBM,Technology,149.81,5822690
2022-11-02,INTC,Intel,Technology,34.74,47464626
2022-11-02,META,Meta Platforms,Communication Svcs.,98.28,22297463
2022-11-02,MSFT,Microsoft,Technology,242.73,28812851
2022-11-02,NFLX,Netflix,Communication Svcs.,318.23,2815534
2022-11-02,NVDA,NVIDIA,Technology,23.05,447074433
2022-11-02,ORCL,Oracle,Technology,95.93,8663799
2022-11-02,QCOM,Qualcomm,Technology,101.52,5552110
2022-11-02,TSLA,Tesla,Cons. Discretionary,167.08,124317032
2022-11-03,AAPL,Apple,Technology,144.02,53228299
2022-11-03,AMD,AMD,Technology,45.71,41346641
2022-11-03,AMZN,Amazon,Cons. Discretionary,85.73,58992620
2022-11-03,AVGO,Broadcom,Technology,60.0,12100731
2022-11-03,CRM,Salesforce,Technology,160.04,4199634
2022-11-03,GOOGL,Alphabet,Communication Svcs.,100.54,36537518
2022-11-03,IBM,IBM,Technology,149.58,4353439
2022-11-03,INTC,Intel,Technology,33.3,31746715
2022-11-03,META,Meta Platforms,Communication Svcs.,99.08,19527980
2022-11-03,MSFT,Microsoft,Technology,246.23,20925468
2022-11-03,NFLX,Netflix,Communication Svcs.,318.34,3874256
2022-11-03,NVDA,NVIDIA,Technology,22.6,411862461
2022-11-03,ORCL,Oracle,Technology,95.55,12979072
2022-11-03,QCOM,Qualcomm,Technology,100.3,10175724
2022-11-03,TSLA,Tesla,Cons. Discretionary,162.47,108502878
2022-11-04,AAPL,Apple,Technology,146.06,56450691
2022-11-04,AMD,AMD,Technology,46.93,54782780
2022-11-04,AMZN,Amazon,Cons. Discretionary,87.53,41739733
2022-11-04,AVGO,Broadcom,Technology,57.69,20333206
2022-11-04,CRM,Salesforce,Technology,162.08,2581040
2022-11-04,GOOGL,Alphabet,Communication Svcs.,101.07,13214778
2022-11-04,IBM,IBM,Technology,149.1,4568270
2022-11-04,INTC,Intel,Technology,32.8,34193823
2022-11-04,META,Meta Platforms,Communication Svcs.,96.71,19294003
2022-11-04,MSFT,Microsoft,Technology,251.39,24937420
2022-11-04,NFLX,Netflix,Communication Svcs.,304.74,4234445
2022-11-04,NVDA,NVIDIA,Technology,22.65,395969700
2022-11-04,ORCL,Oracle,Technology,95.62,12959250
2022-11-04,QCOM,Qualcomm,Technology,99.76,5400230
2022-11-04,TSLA,Tesla,Cons. Discretionary,166.55,117198301
2022-11-07,AAPL,Apple,Technology,145.16,94908573
2022-11-07,AMD,AMD,Technology,46.86,35214670
2022-11-07,AMZN,Amazon,Cons. Discretionary,86.73,75961246
2022-11-07,AVGO,Broadcom,Technology,58.09,14132446
2022-11-07,CRM,Salesforce,Technology,157.45,4126613
2022-11-07,GOOGL,Alphabet,Communication Svcs.,105.08,20375459
2022-11-07,IBM,IBM,Technology,147.55,3743355
2022-11-07,INTC,Intel,Technology,33.02,40775487
2022-11-07,META,Meta Platforms,Communication Svcs.,91.67,15957805
2022-11-07,MSFT,Microsoft,Technology,251.43,21516261
2022-11-07,NFLX,Netflix,Communication Svcs.,315.63,6261422
2022-11-07,NVDA,NVIDIA,Technology,21.24,402102001
2022-11-07,ORCL,Oracle,Technology,95.68,17978761
2022-11-07,QCOM,Qualcomm,Technology,102.13,9509148
2022-11-07,TSLA,Tesla,Cons. Discretionary,169.8,70381574
2022-11-08,AAPL,Apple,Technology,143.68,36640062
2022-11-08,AMD,AMD,Technology,45.6,64707563
2022-11-08,AMZN,Amazon,Cons. Discretionary,88.91,70349577
2022-11-08,AVGO,Broadcom,Technology,58.97,20195955
2022-11-08,CRM,Salesforce,Technology,154.62,5686699
2022-11-08,GOOGL,Alphabet,Communication Svcs.,104.59,24886597
2022-11-08,IBM,IBM,Technology,148.12,4845160
2022-11-08,INTC,Intel,Technology,34.39,30566675
2022-11-08,META,Meta Platforms,Communication Svcs.,94.99,21773683
2022-11-08,MSFT,Microsoft,Technology,255.39,39120572
2022-11-08,NFLX,Netflix,Communication Svcs.,310.01,3753657
2022-11-08,NVDA,NVIDIA,Technology,21.07,371092834
2022-11-08,ORCL,Oracle,Technology,95.94,15434043
2022-11-08,QCOM,Qualcomm,Technology,101.28,8455104
2022-11-08,TSLA,Tesla,Cons. Discretionary,173.62,89757999
2022-11-09,AAPL,Apple,Technology,142.61,73728734
2022-11-09,AMD,AMD,Technology,48.52,35932606
2022-11-09,AMZN,Amazon,Cons. Discretionary,86.66,49622281
2022-11-09,AVGO,Broadcom,Technology,60.51,22143858
2022-11-09,CRM,Salesforce,Technology,156.82,3850793
2022-11-09,GOOGL,Alphabet,Communication Svcs.,104.49,26178766
2022-11-09,IBM,IBM,Technology,147.69,4143049
2022-11-09,INTC,Intel,Technology,33.42,26526601
2022-11-09,META,Meta Platforms,Communication Svcs.,91.63,17089344
2022-11-09,MSFT,Microsoft,Technology,248.72,29614170
2022-11-09,NFLX,Netflix,Communication Svcs.,303.69,6353137
2022-11-09,NVDA,NVIDIA,Technology,21.55,510125289
2022-11-09,ORCL,Oracle,Technology,94.19,9753659
2022-11-09,QCOM,Qualcomm,Technology,97.3,6440907
2022-11-09,TSLA,Tesla,Cons. Discretionary,175.67,55505404
2022-11-10,AAPL,Apple,Technology,137.93,78454446
2022-11-10,AMD,AMD,Technology,50.36,57460130
2022-11-10,AMZN,Amazon,Cons. Discretionary,85.64,57866609
2022-11-10,AVGO,Broadcom,Technology,62.24,16084242
2022-11-10,CRM,Salesforce,Technology,160.34,4903826
2022-11-10,GOOGL,Alphabet,Communication Svcs.,105.28,31133644
2022-11-10,IBM,IBM,Technology,146.24,4726875
2022-11-10,INTC,Intel,Technology,32.7,31058378
2022-11-10,META,Meta Platforms,Communication Svcs.,94.84,12940112
2022-11-10,MSFT,Microsoft,Technology,248.12,17854676
2022-11-10,NFLX,Netflix,Communication Svcs.,300.82,5749577
2022-11-10,NVDA,NVIDIA,Technology,21.08,532789358
2022-11-10,ORCL,Oracle,Technology,94.05,7472665
2022-11-10,QCOM,Qualcomm,Technology,98.95,8236047
2022-11-10,TSLA,Tesla,Cons. Discretionary,159.22,102621571
2022-11-11,AAPL,Apple,Technology,139.42,77976160
2022-11-11,AMD,AMD,Technology,51.11,61897872
2022-11-11,AMZN,Amazon,Cons. Discretionary,84.16,55786777
2022-11-11,AVGO,Broadcom,Technology,62.6,21574166
2022-11-11,CRM,Salesforce,Technology,156.62,6073553
2022-11-11,GOOGL,Alphabet,Communication Svcs.,106.52,19717030
2022-11-11,IBM,IBM,Technology,145.28,3237623
2022-11-11,INTC,Intel,Technology,31.99,30638310
2022-11-11,META,Meta Platforms,Communication Svcs.,89.58,24242032
2022-11-11,MSFT,Microsoft,Technology,246.08,22162938
2022-11-11,NFLX,Netflix,Communication Svcs.,305.94,5221457
2022-11-11,NVDA,NVIDIA,Technology,20.54,301539271
2022-11-11,ORCL,Oracle,Technology,95.53,5813648
2022-11-11,QCOM,Qualcomm,Technology,98.0,9719503
2022-11-11,TSLA,Tesla,Cons. Discretionary,154.31,81070037
2022-11-14,AAPL,Apple,Technology,136.26,71815473
2022-11-14,AMD,AMD,Technology,51.52,63216881
2022-11-14,AMZN,Amazon,Cons. Discretionary,84.82,39523292
2022-11-14,AVGO,Broadcom,Technology,63.4,24598420
2022-11-14,CRM,Salesforce,Technology,151.34,4268382
2022-11-14,GOOGL,Alphabet,Communication Svcs.,105.08,19998551
2022-11-14,IBM,IBM,Technology,147.18,2810564
2022-11-14,INTC,Intel,Technology,31.8,44281612
2022-11-14,META,Meta Platforms,Communication Svcs.,92.27,17081196
2022-11-14,MSFT,Microsoft,Technology,245.64,33603828
2022-11-14,NFLX,Netflix,Communication Svcs.,302.89,3805507
2022-11-14,NVDA,NVIDIA,Technology,20.5,510730138
2022-11-14,ORCL,Oracle,Technology,94.71,9584010
2022-11-14,QCOM,Qualcomm,Technology,99.92,10023201
2022-11-14,TSLA,Tesla,Cons. Discretionary,148.97,136143759
2022-11-15,AAPL,Apple,Technology,140.34,63306378
2022-11-15,AMD,AMD,Technology,51.45,65963866
2022-11-15,AMZN,Amazon,Cons. Discretionary,84.43,46271720
2022-11-15,AVGO,Broadcom,Technology,61.7,19255458
2022-11-15,CRM,Salesforce,Technology,144.0,3824621
2022-11-15,GOOGL,Alphabet,Communication Svcs.,102.5,20669090
2022-11-15,IBM,IBM,Technology,146.19,3196013
2022-11-15,INTC,Intel,Technology,31.8,22785885
2022-11-15,META,Meta Platforms,Communication Svcs.,94.98,19790822
2022-11-15,MSFT,Microsoft,Technology,240.03,21920679
2022-11-15,NFLX,Netflix,Communication Svcs.,298.79,5149379
2022-11-15,NVDA,NVIDIA,Technology,19.93,506419214
2022-11-15,ORCL,Oracle,Technology,94.85,11720347
2022-11-15,QCOM,Qualcomm,Technology,102.85,6625467
2022-11-15,TSLA,Tesla,Cons. Discretionary,148.45,95967230
2022-11-16,AAPL,Apple,Technology,142.42,79811144
2022-11-16,AMD,AMD,Technology,51.19,28217572
2022-11-16,AMZN,Amazon,Cons. Discretionary,83.11,47213095
2022-11-16,AVGO,Broadcom,Technology,60.19,19027012
2022-11-16,CRM,Salesforce,Technology,143.05,4424370
2022-11-16,GOOGL,Alphabet,Communication Svcs.,104.46,19903682
2022-11-16,IBM,IBM,Technology,146.66,3335000
2022-11-16,INTC,Intel,Technology,32.01,32887613
2022-11-16,META,Meta Platforms,Communication Svcs.,99.79,24487041
2022-11-16,MSFT,Microsoft,Technology,240.42,40057372
2022-11-16,NFLX,Netflix,Communication Svcs.,292.71,6832454
2022-11-16,NVDA,NVIDIA,Technology,19.45,622661332
2022-11-16,ORCL,Oracle,Technology,97.82,7511288
2022-11-16,QCOM,Qualcomm,Technology,99.42,9053248
2022-11-16,TSLA,Tesla,Cons. Discretionary,154.65,74540850
2022-11-17,AAPL,Apple,Technology,142.33,54481373
2022-11-17,AMD,AMD,Technology,50.11,57071950
2022-11-17,AMZN,Amazon,Cons. Discretionary,81.67,37624762
2022-11-17,AVGO,Broadcom,Technology,60.04,28198577
2022-11-17,CRM,Salesforce,Technology,147.1,5094630
2022-11-17,GOOGL,Alphabet,Communication Svcs.,103.93,39552121
2022-11-17,IBM,IBM,Technology,146.55,6038675
2022-11-17,INTC,Intel,Technology,31.65,43544886
2022-11-17,META,Meta Platforms,Communication Svcs.,105.86,16312722
2022-11-17,MSFT,Microsoft,Technology,239.52,27268693
2022-11-17,NFLX,Netflix,Communication Svcs.,285.63,6935087
2022-11-17,NVDA,NVIDIA,Technology,19.32,716372216
2022-11-17,ORCL,Oracle,Technology,99.05,10077325
2022-11-17,QCOM,Qualcomm,Technology,97.76,5704543
2022-11-17,TSLA,Tesla,Cons. Discretionary,161.61,105564795
2022-11-18,AAPL,Apple,Technology,137.68,51072677
2022-11-18,AMD,AMD,Technology,51.04,50844488
2022-11-18,AMZN,Amazon,Cons. Discretionary,82.72,40957716
2022-11-18,AVGO,Broadcom,Technology,60.67,19549961
2022-11-18,CRM,Salesforce,Technology,146.99,4822286
2022-11-18,GOOGL,Alphabet,Communication Svcs.,103.67,31465697
2022-11-18,IBM,IBM,Technology,147.72,4459299
2022-11-18,INTC,Intel,Technology,30.76,28650898
2022-11-18,META,Meta Platforms,Communication Svcs.,102.77,23909081
2022-11-18,MSFT,Microsoft,Technology,239.58,37699266
2022-11-18,NFLX,Netflix,Communication Svcs.,276.56,3831860
2022-11-18,NVDA,NVIDIA,Technology,19.35,405147213
2022-11-18,ORCL,Oracle,Technology,99.34,8682550
2022-11-18,QCOM,Qualcomm,Technology,96.97,8487010
2022-11-18,TSLA,Tesla,Cons. Discretionary,160.53,113333346
2022-11-21,AAPL,Apple,Technology,137.61,52120384
2022-11-21,AMD,AMD,Technology,51.68,68592888
2022-11-21,AMZN,Amazon,Cons. Discretionary,80.67,60720231
2022-11-21,AVGO,Broadcom,Technology,61.94,21104971
2022-11-21,CRM,Salesforce,Technology,143.68,5835290
2022-11-21,GOOGL,Alphabet,Communication Svcs.,104.59,29054603
2022-11-21,IBM,IBM,Technology,145.12,4375968
2022-11-21,INTC,Intel,Technology,30.8,29019507
2022-11-21,META,Meta Platforms,Communication Svcs.,99.66,27574764
2022-11-21,MSFT,Microsoft,Technology,235.56,42206471
2022-11-21,NFLX,Netflix,Communication Svcs.,279.68,8293233
2022-11-21,NVDA,NVIDIA,Technology,18.78,412473804
2022-11-21,ORCL,Oracle,Technology,99.63,13006094
2022-11-21,QCOM,Qualcomm,Technology,96.83,3657361
2022-11-21,TSLA,Tesla,Cons. Discretionary,161.52,74910455
2022-11-22,AAPL,Apple,Technology,136.66,71214557
2022-11-22,AMD,AMD,Technology,52.23,44768765
2022-11-22,AMZN,Amazon,Cons. Discretionary,79.92,45912242
2022-11-22,AVGO,Broadcom,Technology,62.93,22665861
2022-11-22,CRM,Salesforce,Technology,143.23,6585653
2022-11-22,GOOGL,Alphabet,Communication Svcs.,104.1,32028674
2022-11-22,IBM,IBM,Technology,147.6,5077522
2022-11-22,INTC,Intel,Technology,30.23,38857444
2022-11-22,META,Meta Platforms,Communication Svcs.,99.01,20988096
2022-11-22,MSFT,Microsoft,Technology,230.89,28010030
2022-11-22,NFLX,Netflix,Communication Svcs.,283.58,5229865
2022-11-22,NVDA,NVIDIA,Technology,18.19,306793158
2022-11-22,ORCL,Oracle,Technology,100.19,17374650
2022-11-22,QCOM,Qualcomm,Technology,100.86,9257165
2022-11-22,TSLA,Tesla,Cons. Discretionary,164.13,108752513
2022-11-23,AAPL,Apple,Technology,138.01,55808281
2022-11-23,AMD,AMD,Technology,55.59,38190538
2022-11-23,AMZN,Amazon,Cons. Discretionary,80.4,44603353
2022-11-23,AVGO,Broadcom,Technology,63.03,17761332
2022-11-23,CRM,Salesforce,Technology,145.87,3918433
2022-11-23,GOOGL,Alphabet,Communication Svcs.,104.63,20366795
2022-11-23,IBM,IBM,Technology,147.76,4944189
2022-11-23,INTC,Intel,Technology,29.96,24602766
2022-11-23,META,Meta Platforms,Communication Svcs.,95.56,22248980
2022-11-23,MSFT,Microsoft,Technology,231.26,27705540
2022-11-23,NFLX,Netflix,Communication Svcs.,284.71,3789664
2022-11-23,NVDA,NVIDIA,Technology,18.4,425649129
2022-11-23,ORCL,Oracle,Technology,99.43,6416087
2022-11-23,QCOM,Qualcomm,Technology,100.64,9161530
2022-11-23,TSLA,Tesla,Cons. Discretionary,163.63,104900140
2022-11-24,AAPL,Apple,Technology,137.64,78915229
2022-11-24,AMD,AMD,Technology,55.43,62362231
2022-11-24,AMZN,Amazon,Cons. Discretionary,78.72,39758409
2022-11-24,AVGO,Broadcom,Technology,63.19,16083716
2022-11-24,CRM,Salesforce,Technology,142.12,6294005
2022-11-24,GOOGL,Alphabet,Communication Svcs.,106.46,28178612
2022-11-24,IBM,IBM,Technology,148.07,3226127
2022-11-24,INTC,Intel,Technology,29.49,36654860
2022-11-24,META,Meta Platforms,Communication Svcs.,92.63,21242032
2022-11-24,MSFT,Microsoft,Technology,234.02,33885473
2022-11-24,NFLX,Netflix,Communication Svcs.,292.59,4340113
2022-11-24,NVDA,NVIDIA,Technology,17.87,596081170
2022-11-24,ORCL,Oracle,Technology,101.76,11233770
2022-11-24,QCOM,Qualcomm,Technology,103.44,11749286
2022-11-24,TSLA,Tesla,Cons. Discretionary,172.08,149763784
2022-11-25,AAPL,Apple,Technology,133.19,72054413
2022-11-25,AMD,AMD,Technology,54.33,41466514
2022-11-25,AMZN,Amazon,Cons. Discretionary,80.84,44784625
2022-11-25,AVGO,Broadcom,Technology,64.13,20231326
2022-11-25,CRM,Salesforce,Technology,141.87,3847321
2022-11-25,GOOGL,Alphabet,Communication Svcs.,103.96,22103081
2022-11-25,IBM,IBM,Technology,147.13,3302043
2022-11-25,INTC,Intel,Technology,28.79,36847531
2022-11-25,META,Meta Platforms,Communication Svcs.,95.84,14729996
2022-11-25,MSFT,Microsoft,Technology,234.11,21967224
2022-11-25,NFLX,Netflix,Communication Svcs.,288.63,4412759
2022-11-25,NVDA,NVIDIA,Technology,19.04,512670639
2022-11-25,ORCL,Oracle,Technology,101.32,7034851
2022-11-25,QCOM,Qualcomm,Technology,104.73,11068862
2022-11-25,TSLA,Tesla,Cons. Discretionary,169.26,89449674
2022-11-28,AAPL,Apple,Technology,131.27,64038813
2022-11-28,AMD,AMD,Technology,51.06,33814683
2022-11-28,AMZN,Amazon,Cons. Discretionary,80.8,80762169
2022-11-28,AVGO,Broadcom,Technology,64.3,16578919
2022-11-28,CRM,Salesforce,Technology,141.89,7494641
2022-11-28,GOOGL,Alphabet,Communication Svcs.,103.88,24961342
2022-11-28,IBM,IBM,Technology,150.08,4520410
2022-11-28,INTC,Intel,Technology,28.71,22836145
2022-11-28,META,Meta Platforms,Communication Svcs.,97.92,16822212
2022-11-28,MSFT,Microsoft,Technology,228.94,21801449
2022-11-28,NFLX,Netflix,Communication Svcs.,281.73,4723535
2022-11-28,NVDA,NVIDIA,Technology,18.83,363942701
2022-11-28,ORCL,Oracle,Technology,102.54,8285905
2022-11-28,QCOM,Qualcomm,Technology,103.95,6566318
2022-11-28,TSLA,Tesla,Cons. Discretionary,167.71,132866882
2022-11-29,AAPL,Apple,Technology,131.03,51122688
2022-11-29,AMD,AMD,Technology,51.05,59299619
2022-11-29,AMZN,Amazon,Cons. Discretionary,80.21,37324164
2022-11-29,AVGO,Broadcom,Technology,64.4,29492839
2022-11-29,CRM,Salesforce,Technology,142.73,5645064
2022-11-29,GOOGL,Alphabet,Communication Svcs.,102.79,39559438
2022-11-29,IBM,IBM,Technology,150.04,3861697
2022-11-29,INTC,Intel,Technology,26.93,41075660
2022-11-29,META,Meta Platforms,Communication Svcs.,101.61,28353535
2022-11-29,MSFT,Microsoft,Technology,221.84,33217336
2022-11-29,NFLX,Netflix,Communication Svcs.,288.05,4461174
2022-11-29,NVDA,NVIDIA,Technology,18.44,563789572
2022-11-29,ORCL,Oracle,Technology,102.46,11712196
2022-11-29,QCOM,Qualcomm,Technology,105.13,9073205
2022-11-29,TSLA,Tesla,Cons. Discretionary,176.95,103194762
2022-11-30,AAPL,Apple,Technology,130.7,43939966
2022-11-30,AMD,AMD,Technology,50.12,24837791
2022-11-30,AMZN,Amazon,Cons. Discretionary,84.76,48781143
2022-11-30,AVGO,Broadcom,Technology,64.83,18860970
2022-11-30,CRM,Salesforce,Technology,142.83,6724263
2022-11-30,GOOGL,Alphabet,Communication Svcs.,102.26,30699240
2022-11-30,IBM,IBM,Technology,152.51,3690576
2022-11-30,INTC,Intel,Technology,28.25,38276264
2022-11-30,META,Meta Platforms,Communication Svcs.,99.33,25126690
2022-11-30,MSFT,Microsoft,Technology,220.05,25375300
2022-11-30,NFLX,Netflix,Communication Svcs.,295.03,6639715
2022-11-30,NVDA,NVIDIA,Technology,18.27,393144104
2022-11-30,ORCL,Oracle,Technology,104.62,10815234
2022-11-30,QCOM,Qualcomm,Technology,104.6,7263547
2022-11-30,TSLA,Tesla,Cons. Discretionary,174.39,103313163
2022-12-01,AAPL,Apple,Technology,133.44,60841674
2022-12-01,AMD,AMD,Technology,49.51,47946839
2022-12-01,AMZN,Amazon,Cons. Discretionary,83.42,43170736
2022-12-01,AVGO,Broadcom,Technology,64.95,15553109
2022-12-01,CRM,Salesforce,Technology,142.37,4632274
2022-12-01,GOOGL,Alphabet,Communication Svcs.,101.46,35809887
2022-12-01,IBM,IBM,Technology,151.37,3200757
2022-12-01,INTC,Intel,Technology,28.34,26099714
2022-12-01,META,Meta Platforms,Communication Svcs.,98.43,19513300
2022-12-01,MSFT,Microsoft,Technology,219.35,23557318
2022-12-01,NFLX,Netflix,Communication Svcs.,298.39,5117126
2022-12-01,NVDA,NVIDIA,Technology,18.07,370371791
2022-12-01,ORCL,Oracle,Technology,102.51,11100271
2022-12-01,QCOM,Qualcomm,Technology,104.86,9754212
2022-12-01,TSLA,Tesla,Cons. Discretionary,174.29,103965036
2022-12-02,AAPL,Apple,Technology,135.98,48302329
2022-12-02,AMD,AMD,Technology,51.89,60338251
2022-12-02,AMZN,Amazon,Cons. Discretionary,82.13,40631188
2022-12-02,AVGO,Broadcom,Technology,65.88,24210447
2022-12-02,CRM,Salesforce,Technology,141.92,7989440
2022-12-02,GOOGL,Alphabet,Communication Svcs.,99.2,33565233
2022-12-02,IBM,IBM,Technology,152.46,2737289
2022-12-02,INTC,Intel,Technology,28.57,34354209
2022-12-02,META,Meta Platforms,Communication Svcs.,99.4,15509356
2022-12-02,MSFT,Microsoft,Technology,223.89,13954930
2022-12-02,NFLX,Netflix,Communication Svcs.,294.27,3801522
2022-12-02,NVDA,NVIDIA,Technology,17.47,405718221
2022-12-02,ORCL,Oracle,Technology,103.78,16303154
2022-12-02,QCOM,Qualcomm,Technology,105.52,7182879
2022-12-02,TSLA,Tesla,Cons. Discretionary,167.68,62124309
2022-12-05,AAPL,Apple,Technology,135.42,64268119
2022-12-05,AMD,AMD,Technology,52.29,46589798
2022-12-05,AMZN,Amazon,Cons. Discretionary,81.75,72705377
2022-12-05,AVGO,Broadcom,Technology,67.07,15002506
2022-12-05,CRM,Salesforce,Technology,142.08,6356198
2022-12-05,GOOGL,Alphabet,Communication Svcs.,101.13,19513889
2022-12-05,IBM,IBM,Technology,154.6,4104791
2022-12-05,INTC,Intel,Technology,28.42,44941580
2022-12-05,META,Meta Platforms,Communication Svcs.,99.03,29048741
2022-12-05,MSFT,Microsoft,Technology,227.81,14126016
2022-12-05,NFLX,Netflix,Communication Svcs.,290.21,5247522
2022-12-05,NVDA,NVIDIA,Technology,17.9,389375023
2022-12-05,ORCL,Oracle,Technology,104.16,11941364
2022-12-05,QCOM,Qualcomm,Technology,102.69,6722385
2022-12-05,TSLA,Tesla,Cons. Discretionary,165.94,100763015
2022-12-06,AAPL,Apple,Technology,132.26,55216597
2022-12-06,AMD,AMD,Technology,52.16,39673014
2022-12-06,AMZN,Amazon,Cons. Discretionary,83.99,43833487
2022-12-06,AVGO,Broadcom,Technology,68.46,18164780
2022-12-06,CRM,Salesforce,Technology,141.83,8069139
2022-12-06,GOOGL,Alphabet,Communication Svcs.,99.3,26659339
2022-12-06,IBM,IBM,Technology,152.91,5010879
2022-12-06,INTC,Intel,Technology,28.2,44715330
2022-12-06,META,Meta Platforms,Communication Svcs.,99.43,18832609
2022-12-06,MSFT,Microsoft,Technology,229.76,27565650
2022-12-06,NFLX,Netflix,Communication Svcs.,294.8,5424905
2022-12-06,NVDA,NVIDIA,Technology,17.79,451733561
2022-12-06,ORCL,Oracle,Technology,103.93,7773224
2022-12-06,QCOM,Qualcomm,Technology,100.63,6672840
2022-12-06,TSLA,Tesla,Cons. Discretionary,167.21,89674038
2022-12-07,AAPL,Apple,Technology,134.03,61302998
2022-12-07,AMD,AMD,Technology,50.17,41818985
2022-12-07,AMZN,Amazon,Cons. Discretionary,85.25,36513753
2022-12-07,AVGO,Broadcom,Technology,67.85,15699342
2022-12-07,CRM,Salesforce,Technology,140.42,4424620
2022-12-07,GOOGL,Alphabet,Communication Svcs.,98.58,24086847
2022-12-07,IBM,IBM,Technology,150.17,4002307
2022-12-07,INTC,Intel,Technology,28.13,54331749
2022-12-07,META,Meta Platforms,Communication Svcs.,101.03,24170456
2022-12-07,MSFT,Microsoft,Technology,231.34,23861013
2022-12-07,NFLX,Netflix,Communication Svcs.,297.22,5211263
2022-12-07,NVDA,NVIDIA,Technology,18.34,483262708
2022-12-07,ORCL,Oracle,Technology,102.07,16071464
2022-12-07,QCOM,Qualcomm,Technology,101.44,6340889
2022-12-07,TSLA,Tesla,Cons. Discretionary,163.57,97723636
2022-12-08,AAPL,Apple,Technology,134.66,90059610
2022-12-08,AMD,AMD,Technology,50.44,27997302
2022-12-08,AMZN,Amazon,Cons. Discretionary,85.6,50933151
2022-12-08,AVGO,Broadcom,Technology,66.48,14414220
2022-12-08,CRM,Salesforce,Technology,137.14,6882590
2022-12-08,GOOGL,Alphabet,Communication Svcs.,96.8,27735500
2022-12-08,IBM,IBM,Technology,154.37,3549324
2022-12-08,INTC,Intel,Technology,28.48,52922866
2022-12-08,META,Meta Platforms,Communication Svcs.,105.07,20011378
2022-12-08,MSFT,Microsoft,Technology,229.58,24134592
2022-12-08,NFLX,Netflix,Communication Svcs.,291.76,5989174
2022-12-08,NVDA,NVIDIA,Technology,18.03,310795125
2022-12-08,ORCL,Oracle,Technology,99.91,6655223
2022-12-08,QCOM,Qualcomm,Technology,104.56,5032431
2022-12-08,TSLA,Tesla,Cons. Discretionary,163.79,85803620
2022-12-09,AAPL,Apple,Technology,133.65,86030662
2022-12-09,AMD,AMD,Technology,51.78,40693568
2022-12-09,AMZN,Amazon,Cons. Discretionary,82.23,43766497
2022-12-09,AVGO,Broadcom,Technology,67.22,18153200
2022-12-09,CRM,Salesforce,Technology,135.91,6358130
2022-12-09,GOOGL,Alphabet,Communication Svcs.,96.43,18879709
2022-12-09,IBM,IBM,Technology,152.45,5067708
2022-12-09,INTC,Intel,Technology,28.17,30852568
2022-12-09,META,Meta Platforms,Communication Svcs.,108.67,16886600
2022-12-09,MSFT,Microsoft,Technology,222.85,21437844
2022-12-09,NFLX,Netflix,Communication Svcs.,287.34,3952642
2022-12-09,NVDA,NVIDIA,Technology,17.63,511795676
2022-12-09,ORCL,Oracle,Technology,99.38,12293840
2022-12-09,QCOM,Qualcomm,Technology,102.64,10335452
2022-12-09,TSLA,Tesla,Cons. Discretionary,167.32,82763739
2022-12-12,AAPL,Apple,Technology,134.08,74774097
2022-12-12,AMD,AMD,Technology,53.5,48028034
2022-12-12,AMZN,Amazon,Cons. Discretionary,84.62,47330539
2022-12-12,AVGO,Broadcom,Technology,64.28,16968349
2022-12-12,CRM,Salesforce,Technology,136.39,4958252
2022-12-12,GOOGL,Alphabet,Communication Svcs.,92.47,28831946
2022-12-12,IBM,IBM,Technology,148.83,3474801
2022-12-12,INTC,Intel,Technology,28.76,20076648
2022-12-12,META,Meta Platforms,Communication Svcs.,109.22,20232238
2022-12-12,MSFT,Microsoft,Technology,224.67,25458990
2022-12-12,NFLX,Netflix,Communication Svcs.,278.24,4817231
2022-12-12,NVDA,NVIDIA,Technology,16.44,354295161
2022-12-12,ORCL,Oracle,Technology,98.07,7580568
2022-12-12,QCOM,Qualcomm,Technology,103.77,6034231
2022-12-12,TSLA,Tesla,Cons. Discretionary,165.43,131259343
2022-12-13,AAPL,Apple,Technology,134.12,61399772
2022-12-13,AMD,AMD,Technology,55.87,42454680
2022-12-13,AMZN,Amazon,Cons. Discretionary,84.09,57764205
2022-12-13,AVGO,Broadcom,Technology,63.35,19507411
2022-12-13,CRM,Salesforce,Technology,140.05,3744593
2022-12-13,GOOGL,Alphabet,Communication Svcs.,89.49,24702988
2022-12-13,IBM,IBM,Technology,150.21,3979936
2022-12-13,INTC,Intel,Technology,28.45,26007094
2022-12-13,META,Meta Platforms,Communication Svcs.,109.32,22742273
2022-12-13,MSFT,Microsoft,Technology,223.19,29877322
2022-12-13,NFLX,Netflix,Communication Svcs.,284.67,3821804
2022-12-13,NVDA,NVIDIA,Technology,16.13,707113874
2022-12-13,ORCL,Oracle,Technology,97.8,14486115
2022-12-13,QCOM,Qualcomm,Technology,108.22,9825975
2022-12-13,TSLA,Tesla,Cons. Discretionary,166.26,76082806
2022-12-14,AAPL,Apple,Technology,132.2,80247827
2022-12-14,AMD,AMD,Technology,57.23,88166652
2022-12-14,AMZN,Amazon,Cons. Discretionary,84.72,43445587
2022-12-14,AVGO,Broadcom,Technology,62.93,19981431
2022-12-14,CRM,Salesforce,Technology,133.57,5435564
2022-12-14,GOOGL,Alphabet,Communication Svcs.,88.78,18972883
2022-12-14,IBM,IBM,Technology,149.52,4158710
2022-12-14,INTC,Intel,Technology,28.61,35885283
2022-12-14,META,Meta Platforms,Communication Svcs.,112.77,19605998
2022-12-14,MSFT,Microsoft,Technology,228.48,30738063
2022-12-14,NFLX,Netflix,Communication Svcs.,291.03,5468426
2022-12-14,NVDA,NVIDIA,Technology,16.12,680679502
2022-12-14,ORCL,Oracle,Technology,99.4,7896461
2022-12-14,QCOM,Qualcomm,Technology,111.52,7160594
2022-12-14,TSLA,Tesla,Cons. Discretionary,168.54,74209240
2022-12-15,AAPL,Apple,Technology,133.65,60734121
2022-12-15,AMD,AMD,Technology,56.27,30999017
2022-12-15,AMZN,Amazon,Cons. Discretionary,81.97,41231917
2022-12-15,AVGO,Broadcom,Technology,61.79,21868294
2022-12-15,CRM,Salesforce,Technology,131.72,5905689
2022-12-15,GOOGL,Alphabet,Communication Svcs.,89.19,22059467
2022-12-15,IBM,IBM,Technology,147.66,5544241
2022-12-15,INTC,Intel,Technology,29.42,38431596
2022-12-15,META,Meta Platforms,Communication Svcs.,111.52,20330136
2022-12-15,MSFT,Microsoft,Technology,232.72,23730777
2022-12-15,NFLX,Netflix,Communication Svcs.,283.6,4275253
2022-12-15,NVDA,NVIDIA,Technology,15.53,618055701
2022-12-15,ORCL,Oracle,Technology,99.27,15550311
2022-12-15,QCOM,Qualcomm,Technology,110.24,7838788
2022-12-15,TSLA,Tesla,Cons. Discretionary,168.53,106803692
2022-12-16,AAPL,Apple,Technology,134.81,91999395
2022-12-16,AMD,AMD,Technology,57.51,47022979
2022-12-16,AMZN,Amazon,Cons. Discretionary,80.54,58930938
2022-12-16,AVGO,Broadcom,Technology,61.52,24064805
2022-12-16,CRM,Salesforce,Technology,133.01,4798354
2022-12-16,GOOGL,Alphabet,Communication Svcs.,93.77,23656254
2022-12-16,IBM,IBM,Technology,142.71,2903851
2022-12-16,INTC,Intel,Technology,28.41,31646922
2022-12-16,META,Meta Platforms,Communication Svcs.,113.0,21596843
2022-12-16,MSFT,Microsoft,Technology,234.33,21423270
2022-12-16,NFLX,Netflix,Communication Svcs.,277.33,4759154
2022-12-16,NVDA,NVIDIA,Technology,15.13,440936087
2022-12-16,ORCL,Oracle,Technology,96.42,6986478
2022-12-16,QCOM,Qualcomm,Technology,112.22,12653410
2022-12-16,TSLA,Tesla,Cons. Discretionary,163.63,93202307
2022-12-19,AAPL,Apple,Technology,136.86,50443566
2022-12-19,AMD,AMD,Technology,53.48,50327933
2022-12-19,AMZN,Amazon,Cons. Discretionary,82.35,46764620
2022-12-19,AVGO,Broadcom,Technology,60.81,13817730
2022-12-19,CRM,Salesforce,Technology,136.17,5323405
2022-12-19,GOOGL,Alphabet,Communication Svcs.,94.48,17117047
2022-12-19,IBM,IBM,Technology,140.31,3273329
2022-12-19,INTC,Intel,Technology,27.5,28220728
2022-12-19,META,Meta Platforms,Communication Svcs.,111.4,18888549
2022-12-19,MSFT,Microsoft,Technology,232.65,26840442
2022-12-19,NFLX,Netflix,Communication Svcs.,268.6,7685822
2022-12-19,NVDA,NVIDIA,Technology,15.15,617163047
2022-12-19,ORCL,Oracle,Technology,97.12,8618453
2022-12-19,QCOM,Qualcomm,Technology,112.07,8222394
2022-12-19,TSLA,Tesla,Cons. Discretionary,167.12,92918038
2022-12-20,AAPL,Apple,Technology,136.55,71307141
2022-12-20,AMD,AMD,Technology,53.96,42794771
2022-12-20,AMZN,Amazon,Cons. Discretionary,83.35,47378175
2022-12-20,AVGO,Broadcom,Technology,59.66,25756342
2022-12-20,CRM,Salesforce,Technology,133.88,6175314
2022-12-20,GOOGL,Alphabet,Communication Svcs.,93.18,18262397
2022-12-20,IBM,IBM,Technology,141.71,2792468
2022-12-20,INTC,Intel,Technology,27.73,38162666
2022-12-20,META,Meta Platforms,Communication Svcs.,112.99,20195273
2022-12-20,MSFT,Microsoft,Technology,239.59,28377994
2022-12-20,NFLX,Netflix,Communication Svcs.,279.2,8747648
2022-12-20,NVDA,NVIDIA,Technology,15.11,367505592
2022-12-20,ORCL,Oracle,Technology,99.13,8547295
2022-12-20,QCOM,Qualcomm,Technology,112.92,8861031
2022-12-20,TSLA,Tesla,Cons. Discretionary,157.83,75923033
2022-12-21,AAPL,Apple,Technology,136.25,38120943
2022-12-21,AMD,AMD,Technology,57.83,59256340
2022-12-21,AMZN,Amazon,Cons. Discretionary,83.47,53837608
2022-12-21,AVGO,Broadcom,Technology,58.95,16880015
2022-12-21,CRM,Salesforce,Technology,136.75,4840465
2022-12-21,GOOGL,Alphabet,Communication Svcs.,94.44,33441406
2022-12-21,IBM,IBM,Technology,140.7,3729218
2022-12-21,INTC,Intel,Technology,28.4,34493729
2022-12-21,META,Meta Platforms,Communication Svcs.,113.96,32280439
2022-12-21,MSFT,Microsoft,Technology,235.53,31837621
2022-12-21,NFLX,Netflix,Communication Svcs.,285.72,4725222
2022-12-21,NVDA,NVIDIA,Technology,15.58,302873592
2022-12-21,ORCL,Oracle,Technology,98.43,13858836
2022-12-21,QCOM,Qualcomm,Technology,112.91,6901249
2022-12-21,TSLA,Tesla,Cons. Discretionary,160.15,98567146
2022-12-22,AAPL,Apple,Technology,132.14,78107446
2022-12-22,AMD,AMD,Technology,60.76,42629016
2022-12-22,AMZN,Amazon,Cons. Discretionary,83.53,42704637
2022-12-22,AVGO,Broadcom,Technology,60.52,33704405
2022-12-22,CRM,Salesforce,Technology,134.08,3819955
2022-12-22,GOOGL,Alphabet,Communication Svcs.,95.19,39582683
2022-12-22,IBM,IBM,Technology,140.8,4475708
2022-12-22,INTC,Intel,Technology,27.95,39493571
2022-12-22,META,Meta Platforms,Communication Svcs.,116.99,22161686
2022-12-22,MSFT,Microsoft,Technology,237.23,18417071
2022-12-22,NFLX,Netflix,Communication Svcs.,293.49,5380232
2022-12-22,NVDA,NVIDIA,Technology,15.44,451887926
2022-12-22,ORCL,Oracle,Technology,96.29,7383324
2022-12-22,QCOM,Qualcomm,Technology,113.57,9091641
2022-12-22,TSLA,Tesla,Cons. Discretionary,150.05,88517583
2022-12-23,AAPL,Apple,Technology,130.63,65011722
2022-12-23,AMD,AMD,Technology,61.41,41175880
2022-12-23,AMZN,Amazon,Cons. Discretionary,83.82,37419486
2022-12-23,AVGO,Broadcom,Technology,61.07,10797832
2022-12-23,CRM,Salesforce,Technology,131.36,6083493
2022-12-23,GOOGL,Alphabet,Communication Svcs.,96.33,26948573
2022-12-23,IBM,IBM,Technology,139.46,5002703
2022-12-23,INTC,Intel,Technology,27.81,30149196
2022-12-23,META,Meta Platforms,Communication Svcs.,116.22,22418061
2022-12-23,MSFT,Microsoft,Technology,237.4,14560054
2022-12-23,NFLX,Netflix,Communication Svcs.,307.84,4690525
2022-12-23,NVDA,NVIDIA,Technology,14.34,303426936
2022-12-23,ORCL,Oracle,Technology,95.26,9438341
2022-12-23,QCOM,Qualcomm,Technology,114.78,6359860
2022-12-23,TSLA,Tesla,Cons. Discretionary,145.7,104821857
2022-12-26,AAPL,Apple,Technology,130.9,65469908
2022-12-26,AMD,AMD,Technology,60.58,48600057
2022-12-26,AMZN,Amazon,Cons. Discretionary,83.91,56659697
2022-12-26,AVGO,Broadcom,Technology,59.7,15135809
2022-12-26,CRM,Salesforce,Technology,135.38,6198643
2022-12-26,GOOGL,Alphabet,Communication Svcs.,96.25,23637571
2022-12-26,IBM,IBM,Technology,139.66,6272406
2022-12-26,INTC,Intel,Technology,27.82,21658465
2022-12-26,META,Meta Platforms,Communication Svcs.,115.84,31838505
2022-12-26,MSFT,Microsoft,Technology,238.23,18011369
2022-12-26,NFLX,Netflix,Communication Svcs.,303.05,5233498
2022-12-26,NVDA,NVIDIA,Technology,15.19,401484769
2022-12-26,ORCL,Oracle,Technology,93.07,7235504
2022-12-26,QCOM,Qualcomm,Technology,110.87,9192373
2022-12-26,TSLA,Tesla,Cons. Discretionary,141.49,121971536
2022-12-27,AAPL,Apple,Technology,131.68,97352363
2022-12-27,AMD,AMD,Technology,63.28,54241660
2022-12-27,AMZN,Amazon,Cons. Discretionary,84.18,44990970
2022-12-27,AVGO,Broadcom,Technology,59.22,30236427
2022-12-27,CRM,Salesforce,Technology,136.52,6189841
2022-12-27,GOOGL,Alphabet,Communication Svcs.,94.08,24902442
2022-12-27,IBM,IBM,Technology,138.83,3465847
2022-12-27,INTC,Intel,Technology,28.32,30017139
2022-12-27,META,Meta Platforms,Communication Svcs.,115.33,20329170
2022-12-27,MSFT,Microsoft,Technology,247.21,20191556
2022-12-27,NFLX,Netflix,Communication Svcs.,306.17,4306464
2022-12-27,NVDA,NVIDIA,Technology,14.91,398020087
2022-12-27,ORCL,Oracle,Technology,92.28,12882688
2022-12-27,QCOM,Qualcomm,Technology,106.78,7100460
2022-12-27,TSLA,Tesla,Cons. Discretionary,142.57,75234716
2022-12-28,AAPL,Apple,Technology,131.36,64900746
2022-12-28,AMD,AMD,Technology,66.22,70887418
2022-12-28,AMZN,Amazon,Cons. Discretionary,81.62,58723985
2022-12-28,AVGO,Broadcom,Technology,59.53,23508392
2022-12-28,CRM,Salesforce,Technology,134.1,7897538
2022-12-28,GOOGL,Alphabet,Communication Svcs.,93.42,23141174
2022-12-28,IBM,IBM,Technology,143.08,3929435
2022-12-28,INTC,Intel,Technology,27.32,37727867
2022-12-28,META,Meta Platforms,Communication Svcs.,119.05,17582400
2022-12-28,MSFT,Microsoft,Technology,250.75,21714169
2022-12-28,NFLX,Netflix,Communication Svcs.,296.84,7415590
2022-12-28,NVDA,NVIDIA,Technology,14.47,569396467
2022-12-28,ORCL,Oracle,Technology,90.72,14240449
2022-12-28,QCOM,Qualcomm,Technology,105.56,6594637
2022-12-28,TSLA,Tesla,Cons. Discretionary,135.07,108474747
2022-12-29,AAPL,Apple,Technology,133.63,63294766
2022-12-29,AMD,AMD,Technology,65.62,40438005
2022-12-29,AMZN,Amazon,Cons. Discretionary,78.35,84916329
2022-12-29,AVGO,Broadcom,Technology,56.83,25420307
2022-12-29,CRM,Salesforce,Technology,134.08,8249070
2022-12-29,GOOGL,Alphabet,Communication Svcs.,91.53,31343504
2022-12-29,IBM,IBM,Technology,142.02,5350295
2022-12-29,INTC,Intel,Technology,27.32,27064368
2022-12-29,META,Meta Platforms,Communication Svcs.,120.55,17502403
2022-12-29,MSFT,Microsoft,Technology,240.13,21237736
2022-12-29,NFLX,Netflix,Communication Svcs.,293.3,6104763
2022-12-29,NVDA,NVIDIA,Technology,14.46,549654758
2022-12-29,ORCL,Oracle,Technology,89.17,6769562
2022-12-29,QCOM,Qualcomm,Technology,107.8,7214669
2022-12-29,TSLA,Tesla,Cons. Discretionary,132.98,105522980
2022-12-30,AAPL,Apple,Technology,132.86,83548290
2022-12-30,AMD,AMD,Technology,64.8,50146878
2022-12-30,AMZN,Amazon,Cons. Discretionary,83.5,38072797
2022-12-30,AVGO,Broadcom,Technology,53.3,23293739
2022-12-30,CRM,Salesforce,Technology,132.08,3988450
2022-12-30,GOOGL,Alphabet,Communication Svcs.,88.45,34927978
2022-12-30,IBM,IBM,Technology,142.04,3433580
2022-12-30,INTC,Intel,Technology,26.01,54533622
2022-12-30,META,Meta Platforms,Communication Svcs.,122.04,15180978
2022-12-30,MSFT,Microsoft,Technology,240.48,22089459
2022-12-30,NFLX,Netflix,Communication Svcs.,292.53,6438377
2022-12-30,NVDA,NVIDIA,Technology,15.0,417389500
2022-12-30,ORCL,Oracle,Technology,88.0,10242161
2022-12-30,QCOM,Qualcomm,Technology,109.2,7215443
2022-12-30,TSLA,Tesla,Cons. Discretionary,140.0,105703254
2023-01-02,AAPL,Apple,Technology,132.86,70906448
2023-01-02,AMD,AMD,Technology,64.8,46701616
2023-01-02,AMZN,Amazon,Cons. Discretionary,83.5,49300930
2023-01-02,AVGO,Broadcom,Technology,53.3,18954916
2023-01-02,CRM,Salesforce,Technology,132.08,3621421
2023-01-02,GOOGL,Alphabet,Communication Svcs.,88.45,18677816
2023-01-02,IBM,IBM,Technology,142.04,3986310
2023-01-02,INTC,Intel,Technology,26.01,32531463
2023-01-02,META,Meta Platforms,Communication Svcs.,122.04,20588129
2023-01-02,MSFT,Microsoft,Technology,240.48,28517374
2023-01-02,NFLX,Netflix,Communication Svcs.,292.53,4578477
2023-01-02,NVDA,NVIDIA,Technology,15.0,477875371
2023-01-02,ORCL,Oracle,Technology,88.0,12855200
2023-01-02,QCOM,Qualcomm,Technology,109.2,11595301
2023-01-02,TSLA,Tesla,Cons. Discretionary,140.0,99220380
2023-01-03,AAPL,Apple,Technology,132.31,81690251
2023-01-03,AMD,AMD,Technology,64.31,37923088
2023-01-03,AMZN,Amazon,Cons. Discretionary,85.7,55213651
2023-01-03,AVGO,Broadcom,Technology,54.88,14925288
2023-01-03,CRM,Salesforce,Technology,129.25,5544176
2023-01-03,GOOGL,Alphabet,Communication Svcs.,87.95,22032777
2023-01-03,IBM,IBM,Technology,142.45,2553684
2023-01-03,INTC,Intel,Technology,26.16,47561493
2023-01-03,META,Meta Platforms,Communication Svcs.,124.46,21723544
2023-01-03,MSFT,Microsoft,Technology,239.72,25087635
2023-01-03,NFLX,Netflix,Communication Svcs.,294.31,5774266
2023-01-03,NVDA,NVIDIA,Technology,15.2,566211975
2023-01-03,ORCL,Oracle,Technology,88.09,9765099
2023-01-03,QCOM,Qualcomm,Technology,110.31,7025810
2023-01-03,TSLA,Tesla,Cons. Discretionary,142.77,56905385
2023-01-04,AAPL,Apple,Technology,131.96,57084656
2023-01-04,AMD,AMD,Technology,70.83,53583579
2023-01-04,AMZN,Amazon,Cons. Discretionary,87.23,56071891
2023-01-04,AVGO,Broadcom,Technology,55.33,14881798
2023-01-04,CRM,Salesforce,Technology,126.54,3473538
2023-01-04,GOOGL,Alphabet,Communication Svcs.,88.02,35570039
2023-01-04,IBM,IBM,Technology,143.39,6093844
2023-01-04,INTC,Intel,Technology,26.87,30596587
2023-01-04,META,Meta Platforms,Communication Svcs.,131.69,26080555
2023-01-04,MSFT,Microsoft,Technology,237.71,22619446
2023-01-04,NFLX,Netflix,Communication Svcs.,301.55,4852334
2023-01-04,NVDA,NVIDIA,Technology,15.05,475009382
2023-01-04,ORCL,Oracle,Technology,86.67,9277329
2023-01-04,QCOM,Qualcomm,Technology,114.26,5360806
2023-01-04,TSLA,Tesla,Cons. Discretionary,147.88,75962203
2023-01-05,AAPL,Apple,Technology,133.41,53477261
2023-01-05,AMD,AMD,Technology,71.5,58615611
2023-01-05,AMZN,Amazon,Cons. Discretionary,87.26,55789335
2023-01-05,AVGO,Broadcom,Technology,56.59,19426648
2023-01-05,CRM,Salesforce,Technology,125.55,4944677
2023-01-05,GOOGL,Alphabet,Communication Svcs.,87.98,31966939
2023-01-05,IBM,IBM,Technology,145.11,4987225
2023-01-05,INTC,Intel,Technology,27.23,37372513
2023-01-05,META,Meta Platforms,Communication Svcs.,132.35,24024463
2023-01-05,MSFT,Microsoft,Technology,240.15,19560570
2023-01-05,NFLX,Netflix,Communication Svcs.,300.87,4697531
2023-01-05,NVDA,NVIDIA,Technology,14.47,320315966
2023-01-05,ORCL,Oracle,Technology,83.92,14593382
2023-01-05,QCOM,Qualcomm,Technology,119.28,5030102
2023-01-05,TSLA,Tesla,Cons. Discretionary,138.05,100229147
2023-01-06,AAPL,Apple,Technology,135.06,69746710
2023-01-06,AMD,AMD,Technology,68.43,50800436
2023-01-06,AMZN,Amazon,Cons. Discretionary,86.86,42766176
2023-01-06,AVGO,Broadcom,Technology,55.37,25329995
2023-01-06,CRM,Salesforce,Technology,126.9,9653514
2023-01-06,GOOGL,Alphabet,Communication Svcs.,88.09,28270199
2023-01-06,IBM,IBM,Technology,144.88,3074658
2023-01-06,INTC,Intel,Technology,27.81,29414622
2023-01-06,META,Meta Platforms,Communication Svcs.,134.11,15989826
2023-01-06,MSFT,Microsoft,Technology,242.08,17205803
2023-01-06,NFLX,Netflix,Communication Svcs.,299.07,5972525
2023-01-06,NVDA,NVIDIA,Technology,14.7,449005142
2023-01-06,ORCL,Oracle,Technology,84.18,12380842
2023-01-06,QCOM,Qualcomm,Technology,117.62,10781205
2023-01-06,TSLA,Tesla,Cons. Discretionary,141.09,105366239
2023-01-09,AAPL,Apple,Technology,129.95,51628956
2023-01-09,AMD,AMD,Technology,68.79,48070003
2023-01-09,AMZN,Amazon,Cons. Discretionary,90.03,52043630
2023-01-09,AVGO,Broadcom,Technology,58.38,31965936
2023-01-09,CRM,Salesforce,Technology,127.11,6136090
2023-01-09,GOOGL,Alphabet,Communication Svcs.,87.09,19623785
2023-01-09,IBM,IBM,Technology,141.64,4470422
2023-01-09,INTC,Intel,Technology,28.36,39493723
2023-01-09,META,Meta Platforms,Communication Svcs.,135.75,22198934
2023-01-09,MSFT,Microsoft,Technology,244.49,20416370
2023-01-09,NFLX,Netflix,Communication Svcs.,301.5,7259596
2023-01-09,NVDA,NVIDIA,Technology,14.68,572428404
2023-01-09,ORCL,Oracle,Technology,84.6,11523252
2023-01-09,QCOM,Qualcomm,Technology,114.29,7525327
2023-01-09,TSLA,Tesla,Cons. Discretionary,138.57,119955246
2023-01-10,AAPL,Apple,Technology,130.66,49899419
2023-01-10,AMD,AMD,Technology,68.23,45039835
2023-01-10,AMZN,Amazon,Cons. Discretionary,90.91,35796264
2023-01-10,AVGO,Broadcom,Technology,55.02,14679684
2023-01-10,CRM,Salesforce,Technology,130.21,6232671
2023-01-10,GOOGL,Alphabet,Communication Svcs.,87.37,20971048
2023-01-10,IBM,IBM,Technology,141.08,3018343
2023-01-10,INTC,Intel,Technology,28.14,32407449
2023-01-10,META,Meta Platforms,Communication Svcs.,134.85,16775543
2023-01-10,MSFT,Microsoft,Technology,246.17,25037389
2023-01-10,NFLX,Netflix,Communication Svcs.,288.27,3845765
2023-01-10,NVDA,NVIDIA,Technology,14.55,310545199
2023-01-10,ORCL,Oracle,Technology,87.39,12579977
2023-01-10,QCOM,Qualcomm,Technology,119.14,11209044
2023-01-10,TSLA,Tesla,Cons. Discretionary,139.64,132971335
2023-01-11,AAPL,Apple,Technology,130.37,86391855
2023-01-11,AMD,AMD,Technology,63.92,71293708
2023-01-11,AMZN,Amazon,Cons. Discretionary,92.08,60803092
2023-01-11,AVGO,Broadcom,Technology,52.89,18925965
2023-01-11,CRM,Salesforce,Technology,128.42,4910363
2023-01-11,GOOGL,Alphabet,Communication Svcs.,85.92,28181397
2023-01-11,IBM,IBM,Technology,138.83,2695630
2023-01-11,INTC,Intel,Technology,28.53,31187790
2023-01-11,META,Meta Platforms,Communication Svcs.,128.98,26853460
2023-01-11,MSFT,Microsoft,Technology,247.9,33677189
2023-01-11,NFLX,Netflix,Communication Svcs.,294.44,7284694
2023-01-11,NVDA,NVIDIA,Technology,14.46,433609438
2023-01-11,ORCL,Oracle,Technology,88.09,10244110
2023-01-11,QCOM,Qualcomm,Technology,119.33,9049422
2023-01-11,TSLA,Tesla,Cons. Discretionary,133.55,168162542
2023-01-12,AAPL,Apple,Technology,131.14,44572891
2023-01-12,AMD,AMD,Technology,62.36,50025576
2023-01-12,AMZN,Amazon,Cons. Discretionary,91.29,44328524
2023-01-12,AVGO,Broadcom,Technology,52.95,22713532
2023-01-12,CRM,Salesforce,Technology,125.16,4243383
2023-01-12,GOOGL,Alphabet,Communication Svcs.,84.02,38798962
2023-01-12,IBM,IBM,Technology,137.39,4355860
2023-01-12,INTC,Intel,Technology,28.21,32716802
2023-01-12,META,Meta Platforms,Communication Svcs.,128.61,15464176
2023-01-12,MSFT,Microsoft,Technology,250.17,13592630
2023-01-12,NFLX,Netflix,Communication Svcs.,287.38,2959710
2023-01-12,NVDA,NVIDIA,Technology,14.65,496184046
2023-01-12,ORCL,Oracle,Technology,86.36,13094704
2023-01-12,QCOM,Qualcomm,Technology,120.58,8797511
2023-01-12,TSLA,Tesla,Cons. Discretionary,130.93,106331406
2023-01-13,AAPL,Apple,Technology,131.86,62898593
2023-01-13,AMD,AMD,Technology,61.81,69330808
2023-01-13,AMZN,Amazon,Cons. Discretionary,89.69,45580055
2023-01-13,AVGO,Broadcom,Technology,55.1,14051608
2023-01-13,CRM,Salesforce,Technology,127.17,6895284
2023-01-13,GOOGL,Alphabet,Communication Svcs.,81.3,28102934
2023-01-13,IBM,IBM,Technology,138.15,6760688
2023-01-13,INTC,Intel,Technology,27.74,21929237
2023-01-13,META,Meta Platforms,Communication Svcs.,131.8,19703457
2023-01-13,MSFT,Microsoft,Technology,253.89,22856921
2023-01-13,NFLX,Netflix,Communication Svcs.,292.62,7237614
2023-01-13,NVDA,NVIDIA,Technology,13.73,521687563
2023-01-13,ORCL,Oracle,Technology,84.53,9451981
2023-01-13,QCOM,Qualcomm,Technology,121.72,9692194
2023-01-13,TSLA,Tesla,Cons. Discretionary,134.27,148010266
2023-01-16,AAPL,Apple,Technology,134.85,59784895
2023-01-16,AMD,AMD,Technology,60.82,55020825
2023-01-16,AMZN,Amazon,Cons. Discretionary,90.34,51165887
2023-01-16,AVGO,Broadcom,Technology,54.92,20610609
2023-01-16,CRM,Salesforce,Technology,128.72,6138710
2023-01-16,GOOGL,Alphabet,Communication Svcs.,83.64,45031757
2023-01-16,IBM,IBM,Technology,138.65,3041214
2023-01-16,INTC,Intel,Technology,27.59,28673483
2023-01-16,META,Meta Platforms,Communication Svcs.,134.77,22118388
2023-01-16,MSFT,Microsoft,Technology,250.08,32088310
2023-01-16,NFLX,Netflix,Communication Svcs.,300.36,5265033
2023-01-16,NVDA,NVIDIA,Technology,13.82,468498032
2023-01-16,ORCL,Oracle,Technology,84.27,9403014
2023-01-16,QCOM,Qualcomm,Technology,124.46,7803555
2023-01-16,TSLA,Tesla,Cons. Discretionary,140.78,95982910
2023-01-17,AAPL,Apple,Technology,132.16,45359593
2023-01-17,AMD,AMD,Technology,60.44,39846317
2023-01-17,AMZN,Amazon,Cons. Discretionary,88.69,52799710
2023-01-17,AVGO,Broadcom,Technology,55.94,15109593
2023-01-17,CRM,Salesforce,Technology,125.12,3996054
2023-01-17,GOOGL,Alphabet,Communication Svcs.,84.3,36479550
2023-01-17,IBM,IBM,Technology,134.12,3942719
2023-01-17,INTC,Intel,Technology,27.48,23694477
2023-01-17,META,Meta Platforms,Communication Svcs.,145.58,16457668
2023-01-17,MSFT,Microsoft,Technology,247.17,24227997
2023-01-17,NFLX,Netflix,Communication Svcs.,303.24,4005148
2023-01-17,NVDA,NVIDIA,Technology,13.6,356789978
2023-01-17,ORCL,Oracle,Technology,82.0,8930942
2023-01-17,QCOM,Qualcomm,Technology,124.85,8529669
2023-01-17,TSLA,Tesla,Cons. Discretionary,140.94,143876986
2023-01-18,AAPL,Apple,Technology,133.2,47063998
2023-01-18,AMD,AMD,Technology,60.59,45599878
2023-01-18,AMZN,Amazon,Cons. Discretionary,91.51,63415328
2023-01-18,AVGO,Broadcom,Technology,55.98,31776730
2023-01-18,CRM,Salesforce,Technology,126.53,5266682
2023-01-18,GOOGL,Alphabet,Communication Svcs.,83.87,34137079
2023-01-18,IBM,IBM,Technology,132.28,5640122
2023-01-18,INTC,Intel,Technology,28.53,45919666
2023-01-18,META,Meta Platforms,Communication Svcs.,140.57,25565764
2023-01-18,MSFT,Microsoft,Technology,247.86,24461859
2023-01-18,NFLX,Netflix,Communication Svcs.,315.37,4361739
2023-01-18,NVDA,NVIDIA,Technology,13.91,314934602
2023-01-18,ORCL,Oracle,Technology,81.55,11155050
2023-01-18,QCOM,Qualcomm,Technology,122.47,5500949
2023-01-18,TSLA,Tesla,Cons. Discretionary,140.52,142275840
2023-01-19,AAPL,Apple,Technology,132.34,61408794
2023-01-19,AMD,AMD,Technology,60.12,36196629
2023-01-19,AMZN,Amazon,Cons. Discretionary,93.5,60438216
2023-01-19,AVGO,Broadcom,Technology,57.67,16045439
2023-01-19,CRM,Salesforce,Technology,127.39,3414471
2023-01-19,GOOGL,Alphabet,Communication Svcs.,80.88,21389765
2023-01-19,IBM,IBM,Technology,134.76,3257302
2023-01-19,INTC,Intel,Technology,28.55,35353771
2023-01-19,META,Meta Platforms,Communication Svcs.,144.25,23594886
2023-01-19,MSFT,Microsoft,Technology,251.62,29463688
2023-01-19,NFLX,Netflix,Communication Svcs.,313.49,3339874
2023-01-19,NVDA,NVIDIA,Technology,13.36,432718936
2023-01-19,ORCL,Oracle,Technology,81.86,11985966
2023-01-19,QCOM,Qualcomm,Technology,123.14,8628032
2023-01-19,TSLA,Tesla,Cons. Discretionary,140.66,105633764
2023-01-20,AAPL,Apple,Technology,135.38,125178776
2023-01-20,AMD,AMD,Technology,62.76,38978096
2023-01-20,AMZN,Amazon,Cons. Discretionary,96.27,43078206
2023-01-20,AVGO,Broadcom,Technology,57.34,15687600
2023-01-20,CRM,Salesforce,Technology,128.36,4759174
2023-01-20,GOOGL,Alphabet,Communication Svcs.,78.5,22131382
2023-01-20,IBM,IBM,Technology,135.63,3394926
2023-01-20,INTC,Intel,Technology,29.44,52549432
2023-01-20,META,Meta Platforms,Communication Svcs.,141.96,21687929
2023-01-20,MSFT,Microsoft,Technology,250.15,41188344
2023-01-20,NFLX,Netflix,Communication Svcs.,308.45,4817711
2023-01-20,NVDA,NVIDIA,Technology,13.22,305811597
2023-01-20,ORCL,Oracle,Technology,80.72,9932205
2023-01-20,QCOM,Qualcomm,Technology,120.28,10595728
2023-01-20,TSLA,Tesla,Cons. Discretionary,135.1,142269770
2023-01-23,AAPL,Apple,Technology,136.61,82715902
2023-01-23,AMD,AMD,Technology,63.02,67311633
2023-01-23,AMZN,Amazon,Cons. Discretionary,92.79,41230086
2023-01-23,AVGO,Broadcom,Technology,58.68,18293697
2023-01-23,CRM,Salesforce,Technology,129.59,4802586
2023-01-23,GOOGL,Alphabet,Communication Svcs.,82.84,22707468
2023-01-23,IBM,IBM,Technology,136.15,5793898
2023-01-23,INTC,Intel,Technology,29.4,60574669
2023-01-23,META,Meta Platforms,Communication Svcs.,144.21,25690539
2023-01-23,MSFT,Microsoft,Technology,248.33,23806627
2023-01-23,NFLX,Netflix,Communication Svcs.,308.62,6219176
2023-01-23,NVDA,NVIDIA,Technology,12.9,392973716
2023-01-23,ORCL,Oracle,Technology,79.1,9853111
2023-01-23,QCOM,Qualcomm,Technology,122.8,7566608
2023-01-23,TSLA,Tesla,Cons. Discretionary,147.76,97015919
2023-01-24,AAPL,Apple,Technology,137.3,44045474
2023-01-24,AMD,AMD,Technology,64.68,39424384
2023-01-24,AMZN,Amazon,Cons. Discretionary,87.85,48502504
2023-01-24,AVGO,Broadcom,Technology,59.18,17425461
2023-01-24,CRM,Salesforce,Technology,132.2,4264993
2023-01-24,GOOGL,Alphabet,Communication Svcs.,82.44,26529903
2023-01-24,IBM,IBM,Technology,136.92,3680924
2023-01-24,INTC,Intel,Technology,30.26,47422854
2023-01-24,META,Meta Platforms,Communication Svcs.,145.26,18433604
2023-01-24,MSFT,Microsoft,Technology,249.49,27321735
2023-01-24,NFLX,Netflix,Communication Svcs.,313.21,6768089
2023-01-24,NVDA,NVIDIA,Technology,13.6,408642825
2023-01-24,ORCL,Oracle,Technology,77.37,14811481
2023-01-24,QCOM,Qualcomm,Technology,123.38,7709208
2023-01-24,TSLA,Tesla,Cons. Discretionary,149.06,86770366
2023-01-25,AAPL,Apple,Technology,136.63,56837604
2023-01-25,AMD,AMD,Technology,64.39,88284709
2023-01-25,AMZN,Amazon,Cons. Discretionary,89.28,72617883
2023-01-25,AVGO,Broadcom,Technology,59.81,26105771
2023-01-25,CRM,Salesforce,Technology,133.79,6017027
2023-01-25,GOOGL,Alphabet,Communication Svcs.,82.63,29691847
2023-01-25,IBM,IBM,Technology,135.42,4980509
2023-01-25,INTC,Intel,Technology,29.2,27406684
2023-01-25,META,Meta Platforms,Communication Svcs.,141.54,15866225
2023-01-25,MSFT,Microsoft,Technology,250.06,15100886
2023-01-25,NFLX,Netflix,Communication Svcs.,302.35,3148614
2023-01-25,NVDA,NVIDIA,Technology,13.43,709126366
2023-01-25,ORCL,Oracle,Technology,76.69,9263059
2023-01-25,QCOM,Qualcomm,Technology,119.2,11965715
2023-01-25,TSLA,Tesla,Cons. Discretionary,147.5,81865773
2023-01-26,AAPL,Apple,Technology,136.81,96412962
2023-01-26,AMD,AMD,Technology,65.41,37100857
2023-01-26,AMZN,Amazon,Cons. Discretionary,89.2,43800017
2023-01-26,AVGO,Broadcom,Technology,60.99,21225542
2023-01-26,CRM,Salesforce,Technology,126.22,6233227
2023-01-26,GOOGL,Alphabet,Communication Svcs.,83.25,21554999
2023-01-26,IBM,IBM,Technology,135.31,4989067
2023-01-26,INTC,Intel,Technology,30.22,46581519
2023-01-26,META,Meta Platforms,Communication Svcs.,137.01,19359050
2023-01-26,MSFT,Microsoft,Technology,245.58,18738010
2023-01-26,NFLX,Netflix,Communication Svcs.,299.32,6355045
2023-01-26,NVDA,NVIDIA,Technology,13.81,456391549
2023-01-26,ORCL,Oracle,Technology,75.23,9886438
2023-01-26,QCOM,Qualcomm,Technology,120.58,4812690
2023-01-26,TSLA,Tesla,Cons. Discretionary,146.77,158810529
2023-01-27,AAPL,Apple,Technology,137.0,69220703
2023-01-27,AMD,AMD,Technology,63.21,58529960
2023-01-27,AMZN,Amazon,Cons. Discretionary,90.33,62855574
2023-01-27,AVGO,Broadcom,Technology,59.89,19164101
2023-01-27,CRM,Salesforce,Technology,130.71,4787831
2023-01-27,GOOGL,Alphabet,Communication Svcs.,84.95,24247136
2023-01-27,IBM,IBM,Technology,134.85,7074620
2023-01-27,INTC,Intel,Technology,30.64,33856561
2023-01-27,META,Meta Platforms,Communication Svcs.,129.78,20567383
2023-01-27,MSFT,Microsoft,Technology,247.95,24607811
2023-01-27,NFLX,Netflix,Communication Svcs.,295.48,5361630
2023-01-27,NVDA,NVIDIA,Technology,14.44,442462646
2023-01-27,ORCL,Oracle,Technology,75.98,7831413
2023-01-27,QCOM,Qualcomm,Technology,121.06,5966503
2023-01-27,TSLA,Tesla,Cons. Discretionary,143.62,103434043
2023-01-30,AAPL,Apple,Technology,137.14,42849987
2023-01-30,AMD,AMD,Technology,68.92,75348169
2023-01-30,AMZN,Amazon,Cons. Discretionary,94.05,46828796
2023-01-30,AVGO,Broadcom,Technology,60.35,13086465
2023-01-30,CRM,Salesforce,Technology,128.35,5016149
2023-01-30,GOOGL,Alphabet,Communication Svcs.,83.76,17265725
2023-01-30,IBM,IBM,Technology,133.71,4209737
2023-01-30,INTC,Intel,Technology,30.5,37455358
2023-01-30,META,Meta Platforms,Communication Svcs.,127.88,15116159
2023-01-30,MSFT,Microsoft,Technology,246.59,32580755
2023-01-30,NFLX,Netflix,Communication Svcs.,294.97,7873624
2023-01-30,NVDA,NVIDIA,Technology,14.59,472785319
2023-01-30,ORCL,Oracle,Technology,78.4,15512391
2023-01-30,QCOM,Qualcomm,Technology,120.74,5187399
2023-01-30,TSLA,Tesla,Cons. Discretionary,158.26,93939938
2023-01-31,AAPL,Apple,Technology,138.97,49010132
2023-01-31,AMD,AMD,Technology,69.4,39294748
2023-01-31,AMZN,Amazon,Cons. Discretionary,91.55,72978319
2023-01-31,AVGO,Broadcom,Technology,59.99,18828379
2023-01-31,CRM,Salesforce,Technology,130.58,4474096
2023-01-31,GOOGL,Alphabet,Communication Svcs.,83.22,34828407
2023-01-31,IBM,IBM,Technology,133.32,5627112
2023-01-31,INTC,Intel,Technology,30.44,42215334
2023-01-31,META,Meta Platforms,Communication Svcs.,125.23,22824079
2023-01-31,MSFT,Microsoft,Technology,241.77,31273894
2023-01-31,NFLX,Netflix,Communication Svcs.,299.48,9331121
2023-01-31,NVDA,NVIDIA,Technology,14.53,397822015
2023-01-31,ORCL,Oracle,Technology,77.89,6983319
2023-01-31,QCOM,Qualcomm,Technology,115.39,5758774
2023-01-31,TSLA,Tesla,Cons. Discretionary,163.87,80369623
2023-02-01,AAPL,Apple,Technology,139.68,70176868
2023-02-01,AMD,AMD,Technology,71.16,50011674
2023-02-01,AMZN,Amazon,Cons. Discretionary,94.53,49107198
2023-02-01,AVGO,Broadcom,Technology,59.45,21449369
2023-02-01,CRM,Salesforce,Technology,131.75,4205929
2023-02-01,GOOGL,Alphabet,Communication Svcs.,83.17,30357262
2023-02-01,IBM,IBM,Technology,135.55,4114101
2023-02-01,INTC,Intel,Technology,30.5,33903781
2023-02-01,META,Meta Platforms,Communication Svcs.,124.66,14200542
2023-02-01,MSFT,Microsoft,Technology,246.37,28938813
2023-02-01,NFLX,Netflix,Communication Svcs.,303.2,3141307
2023-02-01,NVDA,NVIDIA,Technology,15.01,573397690
2023-02-01,ORCL,Oracle,Technology,78.54,9887926
2023-02-01,QCOM,Qualcomm,Technology,115.56,7774587
2023-02-01,TSLA,Tesla,Cons. Discretionary,161.2,116286869
2023-02-02,AAPL,Apple,Technology,133.76,49802025
2023-02-02,AMD,AMD,Technology,71.69,65954180
2023-02-02,AMZN,Amazon,Cons. Discretionary,98.67,69554960
2023-02-02,AVGO,Broadcom,Technology,57.13,16111954
2023-02-02,CRM,Salesforce,Technology,130.46,4505079
2023-02-02,GOOGL,Alphabet,Communication Svcs.,81.64,22403205
2023-02-02,IBM,IBM,Technology,136.02,2893769
2023-02-02,INTC,Intel,Technology,32.2,26119319
2023-02-02,META,Meta Platforms,Communication Svcs.,119.45,18238401
2023-02-02,MSFT,Microsoft,Technology,248.32,31264607
2023-02-02,NFLX,Netflix,Communication Svcs.,308.33,7020694
2023-02-02,NVDA,NVIDIA,Technology,15.51,322174192
2023-02-02,ORCL,Oracle,Technology,80.56,9682233
2023-02-02,QCOM,Qualcomm,Technology,114.89,9018822
2023-02-02,TSLA,Tesla,Cons. Discretionary,169.51,90375827
2023-02-03,AAPL,Apple,Technology,129.47,42774973
2023-02-03,AMD,AMD,Technology,68.06,58684791
2023-02-03,AMZN,Amazon,Cons. Discretionary,98.27,48153070
2023-02-03,AVGO,Broadcom,Technology,56.67,21637809
2023-02-03,CRM,Salesforce,Technology,130.13,3351915
2023-02-03,GOOGL,Alphabet,Communication Svcs.,79.7,27732060
2023-02-03,IBM,IBM,Technology,135.25,1953379
2023-02-03,INTC,Intel,Technology,32.57,27302193
2023-02-03,META,Meta Platforms,Communication Svcs.,116.98,23046220
2023-02-03,MSFT,Microsoft,Technology,243.79,24780915
2023-02-03,NFLX,Netflix,Communication Svcs.,311.17,5632798
2023-02-03,NVDA,NVIDIA,Technology,15.89,459220028
2023-02-03,ORCL,Oracle,Technology,78.38,8017983
2023-02-03,QCOM,Qualcomm,Technology,113.48,6437981
2023-02-03,TSLA,Tesla,Cons. Discretionary,161.75,93460996
2023-02-06,AAPL,Apple,Technology,127.51,42937268
2023-02-06,AMD,AMD,Technology,72.55,50077090
2023-02-06,AMZN,Amazon,Cons. Discretionary,98.23,44285356
2023-02-06,AVGO,Broadcom,Technology,56.57,21868538
2023-02-06,CRM,Salesforce,Technology,134.83,3934983
2023-02-06,GOOGL,Alphabet,Communication Svcs.,77.46,29198468
2023-02-06,IBM,IBM,Technology,135.72,3570336
2023-02-06,INTC,Intel,Technology,33.35,26413098
2023-02-06,META,Meta Platforms,Communication Svcs.,117.6,20277580
2023-02-06,MSFT,Microsoft,Technology,248.81,37294619
2023-02-06,NFLX,Netflix,Communication Svcs.,310.76,5233309
2023-02-06,NVDA,NVIDIA,Technology,16.31,430413125
2023-02-06,ORCL,Oracle,Technology,78.78,10865610
2023-02-06,QCOM,Qualcomm,Technology,112.21,6276553
2023-02-06,TSLA,Tesla,Cons. Discretionary,164.0,129535350
2023-02-07,AAPL,Apple,Technology,126.56,112385990
2023-02-07,AMD,AMD,Technology,75.02,37308982
2023-02-07,AMZN,Amazon,Cons. Discretionary,100.23,37634944
2023-02-07,AVGO,Broadcom,Technology,57.05,12721768
2023-02-07,CRM,Salesforce,Technology,136.36,4185781
2023-02-07,GOOGL,Alphabet,Communication Svcs.,78.38,25002910
2023-02-07,IBM,IBM,Technology,135.59,4314048
2023-02-07,INTC,Intel,Technology,34.21,27269395
2023-02-07,META,Meta Platforms,Communication Svcs.,117.37,15660306
2023-02-07,MSFT,Microsoft,Technology,253.45,36426805
2023-02-07,NFLX,Netflix,Communication Svcs.,314.45,5193959
2023-02-07,NVDA,NVIDIA,Technology,17.3,276473677
2023-02-07,ORCL,Oracle,Technology,79.2,8100962
2023-02-07,QCOM,Qualcomm,Technology,113.39,7071606
2023-02-07,TSLA,Tesla,Cons. Discretionary,157.41,85304622
2023-02-08,AAPL,Apple,Technology,126.22,51366058
2023-02-08,AMD,AMD,Technology,76.3,33936096
2023-02-08,AMZN,Amazon,Cons. Discretionary,100.01,42226143
2023-02-08,AVGO,Broadcom,Technology,54.38,25714775
2023-02-08,CRM,Salesforce,Technology,135.63,5230060
2023-02-08,GOOGL,Alphabet,Communication Svcs.,77.22,18131886
2023-02-08,IBM,IBM,Technology,135.16,4670761
2023-02-08,INTC,Intel,Technology,34.46,25306050
2023-02-08,META,Meta Platforms,Communication Svcs.,125.26,19643823
2023-02-08,MSFT,Microsoft,Technology,253.52,19819513
2023-02-08,NFLX,Netflix,Communication Svcs.,314.07,3756762
2023-02-08,NVDA,NVIDIA,Technology,17.27,315259672
2023-02-08,ORCL,Oracle,Technology,79.56,16019800
2023-02-08,QCOM,Qualcomm,Technology,111.06,4527696
2023-02-08,TSLA,Tesla,Cons. Discretionary,167.45,78669770
2023-02-09,AAPL,Apple,Technology,129.53,33325594
2023-02-09,AMD,AMD,Technology,77.13,57110258
2023-02-09,AMZN,Amazon,Cons. Discretionary,102.07,36238790
2023-02-09,AVGO,Broadcom,Technology,57.42,16545694
2023-02-09,CRM,Salesforce,Technology,131.08,4231929
2023-02-09,GOOGL,Alphabet,Communication Svcs.,77.98,28657398
2023-02-09,IBM,IBM,Technology,134.11,3419654
2023-02-09,INTC,Intel,Technology,35.05,46913290
2023-02-09,META,Meta Platforms,Communication Svcs.,125.78,23103649
2023-02-09,MSFT,Microsoft,Technology,256.98,15506929
2023-02-09,NFLX,Netflix,Communication Svcs.,309.6,4393076
2023-02-09,NVDA,NVIDIA,Technology,18.06,244178675
2023-02-09,ORCL,Oracle,Technology,78.89,10333997
2023-02-09,QCOM,Qualcomm,Technology,112.61,10033551
2023-02-09,TSLA,Tesla,Cons. Discretionary,170.0,89179697
2023-02-10,AAPL,Apple,Technology,131.06,42308613
2023-02-10,AMD,AMD,Technology,76.62,40916618
2023-02-10,AMZN,Amazon,Cons. Discretionary,103.32,73717448
2023-02-10,AVGO,Broadcom,Technology,56.4,12436074
2023-02-10,CRM,Salesforce,Technology,128.66,3805372
2023-02-10,GOOGL,Alphabet,Communication Svcs.,78.98,34431152
2023-02-10,IBM,IBM,Technology,134.8,5422436
2023-02-10,INTC,Intel,Technology,34.79,27203932
2023-02-10,META,Meta Platforms,Communication Svcs.,128.16,16221474
2023-02-10,MSFT,Microsoft,Technology,261.06,41364729
2023-02-10,NFLX,Netflix,Communication Svcs.,322.33,4551564
2023-02-10,NVDA,NVIDIA,Technology,18.66,410928263
2023-02-10,ORCL,Oracle,Technology,77.73,7661518
2023-02-10,QCOM,Qualcomm,Technology,115.54,7168087
2023-02-10,TSLA,Tesla,Cons. Discretionary,171.24,79084961
2023-02-13,AAPL,Apple,Technology,131.74,52523675
2023-02-13,AMD,AMD,Technology,75.68,54987613
2023-02-13,AMZN,Amazon,Cons. Discretionary,104.71,42978633
2023-02-13,AVGO,Broadcom,Technology,58.01,17469465
2023-02-13,CRM,Salesforce,Technology,135.2,4550397
2023-02-13,GOOGL,Alphabet,Communication Svcs.,78.49,27320734
2023-02-13,IBM,IBM,Technology,135.53,3605035
2023-02-13,INTC,Intel,Technology,34.96,33640722
2023-02-13,META,Meta Platforms,Communication Svcs.,127.79,20904763
2023-02-13,MSFT,Microsoft,Technology,259.01,14230918
2023-02-13,NFLX,Netflix,Communication Svcs.,330.66,3890630
2023-02-13,NVDA,NVIDIA,Technology,18.81,406969389
2023-02-13,ORCL,Oracle,Technology,80.24,8451027
2023-02-13,QCOM,Qualcomm,Technology,115.57,6186823
2023-02-13,TSLA,Tesla,Cons. Discretionary,162.44,49878984
2023-02-14,AAPL,Apple,Technology,131.43,38268559
2023-02-14,AMD,AMD,Technology,77.92,56043032
2023-02-14,AMZN,Amazon,Cons. Discretionary,105.88,45653157
2023-02-14,AVGO,Broadcom,Technology,57.17,16537746
2023-02-14,CRM,Salesforce,Technology,137.21,9047338
2023-02-14,GOOGL,Alphabet,Communication Svcs.,74.95,21195496
2023-02-14,IBM,IBM,Technology,135.9,2502813
2023-02-14,INTC,Intel,Technology,35.98,29457155
2023-02-14,META,Meta Platforms,Communication Svcs.,131.78,18344372
2023-02-14,MSFT,Microsoft,Technology,262.66,25199054
2023-02-14,NFLX,Netflix,Communication Svcs.,325.19,6109865
2023-02-14,NVDA,NVIDIA,Technology,19.37,345294742
2023-02-14,ORCL,Oracle,Technology,80.8,10747364
2023-02-14,QCOM,Qualcomm,Technology,114.37,6576327
2023-02-14,TSLA,Tesla,Cons. Discretionary,170.6,89785259
2023-02-15,AAPL,Apple,Technology,133.57,48529357
2023-02-15,AMD,AMD,Technology,78.1,42254434
2023-02-15,AMZN,Amazon,Cons. Discretionary,108.5,74639663
2023-02-15,AVGO,Broadcom,Technology,54.72,19674943
2023-02-15,CRM,Salesforce,Technology,137.18,6412538
2023-02-15,GOOGL,Alphabet,Communication Svcs.,75.05,30413008
2023-02-15,IBM,IBM,Technology,135.23,3160808
2023-02-15,INTC,Intel,Technology,35.8,41361289
2023-02-15,META,Meta Platforms,Communication Svcs.,132.47,33421897
2023-02-15,MSFT,Microsoft,Technology,262.27,24020803
2023-02-15,NFLX,Netflix,Communication Svcs.,325.36,4805181
2023-02-15,NVDA,NVIDIA,Technology,20.31,512050632
2023-02-15,ORCL,Oracle,Technology,81.09,8280844
2023-02-15,QCOM,Qualcomm,Technology,115.55,7990462
2023-02-15,TSLA,Tesla,Cons. Discretionary,179.02,119197035
2023-02-16,AAPL,Apple,Technology,133.95,77633344
2023-02-16,AMD,AMD,Technology,76.05,69097929
2023-02-16,AMZN,Amazon,Cons. Discretionary,109.21,30459072
2023-02-16,AVGO,Broadcom,Technology,55.98,15176784
2023-02-16,CRM,Salesforce,Technology,139.7,3510874
2023-02-16,GOOGL,Alphabet,Communication Svcs.,76.51,24660941
2023-02-16,IBM,IBM,Technology,137.06,6479298
2023-02-16,INTC,Intel,Technology,36.19,33716549
2023-02-16,META,Meta Platforms,Communication Svcs.,134.74,19856765
2023-02-16,MSFT,Microsoft,Technology,258.39,22745104
2023-02-16,NFLX,Netflix,Communication Svcs.,329.27,6454379
2023-02-16,NVDA,NVIDIA,Technology,19.79,420422028
2023-02-16,ORCL,Oracle,Technology,80.68,9730294
2023-02-16,QCOM,Qualcomm,Technology,116.17,6972386
2023-02-16,TSLA,Tesla,Cons. Discretionary,176.36,98046777
2023-02-17,AAPL,Apple,Technology,136.62,59256592
2023-02-17,AMD,AMD,Technology,76.51,43548220
2023-02-17,AMZN,Amazon,Cons. Discretionary,109.67,35374299
2023-02-17,AVGO,Broadcom,Technology,54.16,35213201
2023-02-17,CRM,Salesforce,Technology,140.31,6737216
2023-02-17,GOOGL,Alphabet,Communication Svcs.,75.8,18338963
2023-02-17,IBM,IBM,Technology,134.4,4282503
2023-02-17,INTC,Intel,Technology,34.87,30420588
2023-02-17,META,Meta Platforms,Communication Svcs.,137.55,29329971
2023-02-17,MSFT,Microsoft,Technology,262.35,24503292
2023-02-17,NFLX,Netflix,Communication Svcs.,322.63,4484061
2023-02-17,NVDA,NVIDIA,Technology,20.41,553741479
2023-02-17,ORCL,Oracle,Technology,80.26,8906323
2023-02-17,QCOM,Qualcomm,Technology,115.34,8647166
2023-02-17,TSLA,Tesla,Cons. Discretionary,174.61,82377844
2023-02-20,AAPL,Apple,Technology,134.79,69242834
2023-02-20,AMD,AMD,Technology,75.05,35609596
2023-02-20,AMZN,Amazon,Cons. Discretionary,111.87,49240001
2023-02-20,AVGO,Broadcom,Technology,54.15,33007704
2023-02-20,CRM,Salesforce,Technology,137.41,5746159
2023-02-20,GOOGL,Alphabet,Communication Svcs.,78.54,27447957
2023-02-20,IBM,IBM,Technology,136.51,4939368
2023-02-20,INTC,Intel,Technology,35.86,34796539
2023-02-20,META,Meta Platforms,Communication Svcs.,133.21,21011057
2023-02-20,MSFT,Microsoft,Technology,263.24,19803849
2023-02-20,NFLX,Netflix,Communication Svcs.,323.91,3795823
2023-02-20,NVDA,NVIDIA,Technology,20.28,544420167
2023-02-20,ORCL,Oracle,Technology,81.18,8526063
2023-02-20,QCOM,Qualcomm,Technology,119.32,7854461
2023-02-20,TSLA,Tesla,Cons. Discretionary,174.11,100461997
2023-02-21,AAPL,Apple,Technology,134.81,71842495
2023-02-21,AMD,AMD,Technology,73.95,57642106
2023-02-21,AMZN,Amazon,Cons. Discretionary,111.58,61494559
2023-02-21,AVGO,Broadcom,Technology,54.1,18842138
2023-02-21,CRM,Salesforce,Technology,129.57,5362629
2023-02-21,GOOGL,Alphabet,Communication Svcs.,78.4,16555469
2023-02-21,IBM,IBM,Technology,136.38,4336603
2023-02-21,INTC,Intel,Technology,36.33,40830204
2023-02-21,META,Meta Platforms,Communication Svcs.,124.72,17883207
2023-02-21,MSFT,Microsoft,Technology,259.72,16084035
2023-02-21,NFLX,Netflix,Communication Svcs.,326.52,4594041
2023-02-21,NVDA,NVIDIA,Technology,20.63,772692362
2023-02-21,ORCL,Oracle,Technology,82.26,13860475
2023-02-21,QCOM,Qualcomm,Technology,114.78,9427013
2023-02-21,TSLA,Tesla,Cons. Discretionary,180.51,124273703
2023-02-22,AAPL,Apple,Technology,135.56,82723657
2023-02-22,AMD,AMD,Technology,72.24,40418093
2023-02-22,AMZN,Amazon,Cons. Discretionary,113.96,52204070
2023-02-22,AVGO,Broadcom,Technology,53.34,17566690
2023-02-22,CRM,Salesforce,Technology,130.92,4295554
2023-02-22,GOOGL,Alphabet,Communication Svcs.,77.3,24637111
2023-02-22,IBM,IBM,Technology,137.48,3718030
2023-02-22,INTC,Intel,Technology,37.15,36442750
2023-02-22,META,Meta Platforms,Communication Svcs.,120.92,18705206
2023-02-22,MSFT,Microsoft,Technology,259.44,16674810
2023-02-22,NFLX,Netflix,Communication Svcs.,323.26,6233620
2023-02-22,NVDA,NVIDIA,Technology,20.94,315553956
2023-02-22,ORCL,Oracle,Technology,83.26,11561941
2023-02-22,QCOM,Qualcomm,Technology,113.88,7417525
2023-02-22,TSLA,Tesla,Cons. Discretionary,176.18,77888019
2023-02-23,AAPL,Apple,Technology,133.63,75385279
2023-02-23,AMD,AMD,Technology,71.82,54991760
2023-02-23,AMZN,Amazon,Cons. Discretionary,114.03,72326934
2023-02-23,AVGO,Broadcom,Technology,55.5,16161369
2023-02-23,CRM,Salesforce,Technology,128.52,6092485
2023-02-23,GOOGL,Alphabet,Communication Svcs.,78.94,24173546
2023-02-23,IBM,IBM,Technology,137.64,2296951
2023-02-23,INTC,Intel,Technology,37.58,48819594
2023-02-23,META,Meta Platforms,Communication Svcs.,119.98,18120861
2023-02-23,MSFT,Microsoft,Technology,262.57,18652614
2023-02-23,NFLX,Netflix,Communication Svcs.,325.86,4892265
2023-02-23,NVDA,NVIDIA,Technology,20.36,494514241
2023-02-23,ORCL,Oracle,Technology,83.87,16169982
2023-02-23,QCOM,Qualcomm,Technology,113.74,7318955
2023-02-23,TSLA,Tesla,Cons. Discretionary,180.24,142610079
2023-02-24,AAPL,Apple,Technology,133.31,42201840
2023-02-24,AMD,AMD,Technology,71.8,42358894
2023-02-24,AMZN,Amazon,Cons. Discretionary,110.54,25872074
2023-02-24,AVGO,Broadcom,Technology,56.57,21701825
2023-02-24,CRM,Salesforce,Technology,132.37,4202156
2023-02-24,GOOGL,Alphabet,Communication Svcs.,77.75,37372567
2023-02-24,IBM,IBM,Technology,137.61,4099103
2023-02-24,INTC,Intel,Technology,38.2,36541347
2023-02-24,META,Meta Platforms,Communication Svcs.,117.07,12518689
2023-02-24,MSFT,Microsoft,Technology,266.23,20528891
2023-02-24,NFLX,Netflix,Communication Svcs.,322.16,7976494
2023-02-24,NVDA,NVIDIA,Technology,20.9,698779917
2023-02-24,ORCL,Oracle,Technology,84.28,11761144
2023-02-24,QCOM,Qualcomm,Technology,113.29,5997165
2023-02-24,TSLA,Tesla,Cons. Discretionary,170.47,102979984
2023-02-27,AAPL,Apple,Technology,129.31,64386044
2023-02-27,AMD,AMD,Technology,68.04,53874327
2023-02-27,AMZN,Amazon,Cons. Discretionary,110.51,114211816
2023-02-27,AVGO,Broadcom,Technology,57.15,12766132
2023-02-27,CRM,Salesforce,Technology,130.9,7013591
2023-02-27,GOOGL,Alphabet,Communication Svcs.,75.89,29555935
2023-02-27,IBM,IBM,Technology,138.34,5590888
2023-02-27,INTC,Intel,Technology,38.59,44893863
2023-02-27,META,Meta Platforms,Communication Svcs.,114.0,19285635
2023-02-27,MSFT,Microsoft,Technology,269.92,33380877
2023-02-27,NFLX,Netflix,Communication Svcs.,313.48,6217237
2023-02-27,NVDA,NVIDIA,Technology,20.47,483890392
2023-02-27,ORCL,Oracle,Technology,83.91,13264419
2023-02-27,QCOM,Qualcomm,Technology,115.51,6717130
2023-02-27,TSLA,Tesla,Cons. Discretionary,176.93,105195434
2023-02-28,AAPL,Apple,Technology,133.01,68740284
2023-02-28,AMD,AMD,Technology,66.53,37374485
2023-02-28,AMZN,Amazon,Cons. Discretionary,109.6,41121847
2023-02-28,AVGO,Broadcom,Technology,56.25,25428293
2023-02-28,CRM,Salesforce,Technology,137.11,4901502
2023-02-28,GOOGL,Alphabet,Communication Svcs.,76.0,16278651
2023-02-28,IBM,IBM,Technology,139.17,3768177
2023-02-28,INTC,Intel,Technology,39.38,35853760
2023-02-28,META,Meta Platforms,Communication Svcs.,117.11,19791079
2023-02-28,MSFT,Microsoft,Technology,263.7,37207926
2023-02-28,NFLX,Netflix,Communication Svcs.,317.96,6780217
2023-02-28,NVDA,NVIDIA,Technology,21.55,493469246
2023-02-28,ORCL,Oracle,Technology,85.76,13425533
2023-02-28,QCOM,Qualcomm,Technology,117.44,7880317
2023-02-28,TSLA,Tesla,Cons. Discretionary,168.45,96996774
2023-03-01,AAPL,Apple,Technology,129.55,64018426
2023-03-01,AMD,AMD,Technology,66.84,46162440
2023-03-01,AMZN,Amazon,Cons. Discretionary,107.26,83861506
2023-03-01,AVGO,Broadcom,Technology,58.09,23901245
2023-03-01,CRM,Salesforce,Technology,138.77,7792551
2023-03-01,GOOGL,Alphabet,Communication Svcs.,79.66,23654829
2023-03-01,IBM,IBM,Technology,138.49,6951032
2023-03-01,INTC,Intel,Technology,38.72,31093635
2023-03-01,META,Meta Platforms,Communication Svcs.,118.94,28790265
2023-03-01,MSFT,Microsoft,Technology,265.31,23737032
2023-03-01,NFLX,Netflix,Communication Svcs.,320.59,4278633
2023-03-01,NVDA,NVIDIA,Technology,21.74,594283740
2023-03-01,ORCL,Oracle,Technology,88.13,5052522
2023-03-01,QCOM,Qualcomm,Technology,116.81,6956825
2023-03-01,TSLA,Tesla,Cons. Discretionary,163.42,108031165
2023-03-02,AAPL,Apple,Technology,126.6,83486568
2023-03-02,AMD,AMD,Technology,71.32,48931644
2023-03-02,AMZN,Amazon,Cons. Discretionary,105.77,51725235
2023-03-02,AVGO,Broadcom,Technology,58.49,34183582
2023-03-02,CRM,Salesforce,Technology,135.46,5291029
2023-03-02,GOOGL,Alphabet,Communication Svcs.,78.06,23962491
2023-03-02,IBM,IBM,Technology,139.41,3702018
2023-03-02,INTC,Intel,Technology,40.55,40188596
2023-03-02,META,Meta Platforms,Communication Svcs.,119.06,26847976
2023-03-02,MSFT,Microsoft,Technology,265.4,21018859
2023-03-02,NFLX,Netflix,Communication Svcs.,310.21,4237245
2023-03-02,NVDA,NVIDIA,Technology,22.72,436190387
2023-03-02,ORCL,Oracle,Technology,87.54,12596439
2023-03-02,QCOM,Qualcomm,Technology,115.09,4805070
2023-03-02,TSLA,Tesla,Cons. Discretionary,167.75,95050904
2023-03-03,AAPL,Apple,Technology,127.6,54359157
2023-03-03,AMD,AMD,Technology,73.25,46371364
2023-03-03,AMZN,Amazon,Cons. Discretionary,109.02,53968442
2023-03-03,AVGO,Broadcom,Technology,56.09,14297743
2023-03-03,CRM,Salesforce,Technology,135.55,5528559
2023-03-03,GOOGL,Alphabet,Communication Svcs.,79.44,21127365
2023-03-03,IBM,IBM,Technology,139.12,4538143
2023-03-03,INTC,Intel,Technology,41.86,56244934
2023-03-03,META,Meta Platforms,Communication Svcs.,121.09,24407094
2023-03-03,MSFT,Microsoft,Technology,263.64,20443103
2023-03-03,NFLX,Netflix,Communication Svcs.,306.32,5441032
2023-03-03,NVDA,NVIDIA,Technology,22.23,410327964
2023-03-03,ORCL,Oracle,Technology,90.31,9060364
2023-03-03,QCOM,Qualcomm,Technology,113.23,10470604
2023-03-03,TSLA,Tesla,Cons. Discretionary,156.11,153149743
2023-03-06,AAPL,Apple,Technology,131.87,56287929
2023-03-06,AMD,AMD,Technology,70.12,53328586
2023-03-06,AMZN,Amazon,Cons. Discretionary,105.93,44226563
2023-03-06,AVGO,Broadcom,Technology,57.41,13852367
2023-03-06,CRM,Salesforce,Technology,138.74,4930283
2023-03-06,GOOGL,Alphabet,Communication Svcs.,82.77,36611017
2023-03-06,IBM,IBM,Technology,138.17,4358865
2023-03-06,INTC,Intel,Technology,43.6,63637187
2023-03-06,META,Meta Platforms,Communication Svcs.,121.67,23122675
2023-03-06,MSFT,Microsoft,Technology,267.02,15374315
2023-03-06,NFLX,Netflix,Communication Svcs.,301.02,5537883
2023-03-06,NVDA,NVIDIA,Technology,22.92,487205661
2023-03-06,ORCL,Oracle,Technology,90.0,10601571
2023-03-06,QCOM,Qualcomm,Technology,115.91,9158055
2023-03-06,TSLA,Tesla,Cons. Discretionary,161.92,86925563
2023-03-07,AAPL,Apple,Technology,131.49,60170254
2023-03-07,AMD,AMD,Technology,69.91,43665784
2023-03-07,AMZN,Amazon,Cons. Discretionary,104.91,64961715
2023-03-07,AVGO,Broadcom,Technology,57.32,22494624
2023-03-07,CRM,Salesforce,Technology,139.65,5175165
2023-03-07,GOOGL,Alphabet,Communication Svcs.,82.07,14710783
2023-03-07,IBM,IBM,Technology,137.97,3073064
2023-03-07,INTC,Intel,Technology,44.16,34231214
2023-03-07,META,Meta Platforms,Communication Svcs.,123.3,20718857
2023-03-07,MSFT,Microsoft,Technology,269.09,46746035
2023-03-07,NFLX,Netflix,Communication Svcs.,298.6,5484642
2023-03-07,NVDA,NVIDIA,Technology,23.61,324494983
2023-03-07,ORCL,Oracle,Technology,92.61,8290655
2023-03-07,QCOM,Qualcomm,Technology,116.59,6135443
2023-03-07,TSLA,Tesla,Cons. Discretionary,155.92,63169744
2023-03-08,AAPL,Apple,Technology,133.96,62113670
2023-03-08,AMD,AMD,Technology,69.29,55750368
2023-03-08,AMZN,Amazon,Cons. Discretionary,107.72,44418445
2023-03-08,AVGO,Broadcom,Technology,57.92,27005816
2023-03-08,CRM,Salesforce,Technology,140.83,4049012
2023-03-08,GOOGL,Alphabet,Communication Svcs.,82.67,33062514
2023-03-08,IBM,IBM,Technology,138.23,3719487
2023-03-08,INTC,Intel,Technology,45.18,37949765
2023-03-08,META,Meta Platforms,Communication Svcs.,121.7,20848787
2023-03-08,MSFT,Microsoft,Technology,262.62,23404382
2023-03-08,NFLX,Netflix,Communication Svcs.,297.57,10541161
2023-03-08,NVDA,NVIDIA,Technology,24.83,384520441
2023-03-08,ORCL,Oracle,Technology,92.2,11208245
2023-03-08,QCOM,Qualcomm,Technology,119.32,6913717
2023-03-08,TSLA,Tesla,Cons. Discretionary,155.56,74368854
2023-03-09,AAPL,Apple,Technology,130.94,55271234
2023-03-09,AMD,AMD,Technology,68.14,51577346
2023-03-09,AMZN,Amazon,Cons. Discretionary,109.06,65310697
2023-03-09,AVGO,Broadcom,Technology,57.69,16129994
2023-03-09,CRM,Salesforce,Technology,145.07,4797200
2023-03-09,GOOGL,Alphabet,Communication Svcs.,83.17,25878222
2023-03-09,IBM,IBM,Technology,138.01,4196023
2023-03-09,INTC,Intel,Technology,45.31,51249473
2023-03-09,META,Meta Platforms,Communication Svcs.,121.09,14021395
2023-03-09,MSFT,Microsoft,Technology,262.54,17794003
2023-03-09,NFLX,Netflix,Communication Svcs.,301.05,4836971
2023-03-09,NVDA,NVIDIA,Technology,24.9,298277246
2023-03-09,ORCL,Oracle,Technology,91.95,10895645
2023-03-09,QCOM,Qualcomm,Technology,116.46,8874798
2023-03-09,TSLA,Tesla,Cons. Discretionary,159.87,162991980
2023-03-10,AAPL,Apple,Technology,130.79,67381294
2023-03-10,AMD,AMD,Technology,70.56,52789703
2023-03-10,AMZN,Amazon,Cons. Discretionary,109.85,55878957
2023-03-10,AVGO,Broadcom,Technology,59.01,16259500
2023-03-10,CRM,Salesforce,Technology,146.79,4728721
2023-03-10,GOOGL,Alphabet,Communication Svcs.,84.93,31226775
2023-03-10,IBM,IBM,Technology,137.56,3618788
2023-03-10,INTC,Intel,Technology,44.98,36375204
2023-03-10,META,Meta Platforms,Communication Svcs.,119.89,20139396
2023-03-10,MSFT,Microsoft,Technology,263.03,21003499
2023-03-10,NFLX,Netflix,Communication Svcs.,308.64,3655855
2023-03-10,NVDA,NVIDIA,Technology,26.54,517175771
2023-03-10,ORCL,Oracle,Technology,93.94,10237883
2023-03-10,QCOM,Qualcomm,Technology,117.89,7191592
2023-03-10,TSLA,Tesla,Cons. Discretionary,172.79,116337830
2023-03-13,AAPL,Apple,Technology,129.94,53135105
2023-03-13,AMD,AMD,Technology,71.12,45829177
2023-03-13,AMZN,Amazon,Cons. Discretionary,110.01,50736571
2023-03-13,AVGO,Broadcom,Technology,60.67,19511119
2023-03-13,CRM,Salesforce,Technology,151.58,4890949
2023-03-13,GOOGL,Alphabet,Communication Svcs.,84.38,28725993
2023-03-13,IBM,IBM,Technology,136.88,3961165
2023-03-13,INTC,Intel,Technology,44.24,35141589
2023-03-13,META,Meta Platforms,Communication Svcs.,116.48,14589353
2023-03-13,MSFT,Microsoft,Technology,264.12,33324588
2023-03-13,NFLX,Netflix,Communication Svcs.,317.18,3882659
2023-03-13,NVDA,NVIDIA,Technology,25.59,519547384
2023-03-13,ORCL,Oracle,Technology,93.26,7384646
2023-03-13,QCOM,Qualcomm,Technology,119.03,10863871
2023-03-13,TSLA,Tesla,Cons. Discretionary,178.94,121237108
2023-03-14,AAPL,Apple,Technology,128.88,52928150
2023-03-14,AMD,AMD,Technology,70.02,52739949
2023-03-14,AMZN,Amazon,Cons. Discretionary,109.67,58788880
2023-03-14,AVGO,Broadcom,Technology,59.43,26530066
2023-03-14,CRM,Salesforce,Technology,149.55,5634895
2023-03-14,GOOGL,Alphabet,Communication Svcs.,86.1,26565804
2023-03-14,IBM,IBM,Technology,137.78,4823421
2023-03-14,INTC,Intel,Technology,44.84,39845246
2023-03-14,META,Meta Platforms,Communication Svcs.,117.9,12685622
2023-03-14,MSFT,Microsoft,Technology,265.41,25385355
2023-03-14,NFLX,Netflix,Communication Svcs.,328.84,5376492
2023-03-14,NVDA,NVIDIA,Technology,25.39,312683151
2023-03-14,ORCL,Oracle,Technology,92.35,15145757
2023-03-14,QCOM,Qualcomm,Technology,119.5,10261871
2023-03-14,TSLA,Tesla,Cons. Discretionary,178.96,121355273
2023-03-15,AAPL,Apple,Technology,128.08,56553042
2023-03-15,AMD,AMD,Technology,71.63,37772818
2023-03-15,AMZN,Amazon,Cons. Discretionary,112.53,64361530
2023-03-15,AVGO,Broadcom,Technology,59.2,15477856
2023-03-15,CRM,Salesforce,Technology,145.12,4144932
2023-03-15,GOOGL,Alphabet,Communication Svcs.,88.89,28839192
2023-03-15,IBM,IBM,Technology,137.31,3840857
2023-03-15,INTC,Intel,Technology,45.15,41507043
2023-03-15,META,Meta Platforms,Communication Svcs.,115.88,25559073
2023-03-15,MSFT,Microsoft,Technology,263.03,28383062
2023-03-15,NFLX,Netflix,Communication Svcs.,327.57,4818502
2023-03-15,NVDA,NVIDIA,Technology,25.51,443796128
2023-03-15,ORCL,Oracle,Technology,93.56,6221407
2023-03-15,QCOM,Qualcomm,Technology,121.22,8079397
2023-03-15,TSLA,Tesla,Cons. Discretionary,178.0,81617964
2023-03-16,AAPL,Apple,Technology,128.69,37211875
2023-03-16,AMD,AMD,Technology,70.2,50448731
2023-03-16,AMZN,Amazon,Cons. Discretionary,118.88,77352647
2023-03-16,AVGO,Broadcom,Technology,59.21,12479839
2023-03-16,CRM,Salesforce,Technology,148.5,4489778
2023-03-16,GOOGL,Alphabet,Communication Svcs.,89.59,21019546
2023-03-16,IBM,IBM,Technology,137.96,3302003
2023-03-16,INTC,Intel,Technology,44.23,34840792
2023-03-16,META,Meta Platforms,Communication Svcs.,115.37,25726501
2023-03-16,MSFT,Microsoft,Technology,268.98,19698947
2023-03-16,NFLX,Netflix,Communication Svcs.,343.15,4083241
2023-03-16,NVDA,NVIDIA,Technology,25.18,374119716
2023-03-16,ORCL,Oracle,Technology,94.75,6162440
2023-03-16,QCOM,Qualcomm,Technology,121.8,8873778
2023-03-16,TSLA,Tesla,Cons. Discretionary,176.03,70384465
2023-03-17,AAPL,Apple,Technology,128.95,66259315
2023-03-17,AMD,AMD,Technology,74.52,48875489
2023-03-17,AMZN,Amazon,Cons. Discretionary,118.2,57441822
2023-03-17,AVGO,Broadcom,Technology,59.97,21864066
2023-03-17,CRM,Salesforce,Technology,145.32,5046779
2023-03-17,GOOGL,Alphabet,Communication Svcs.,88.59,21956283
2023-03-17,IBM,IBM,Technology,138.29,3081053
2023-03-17,INTC,Intel,Technology,44.35,42737138
2023-03-17,META,Meta Platforms,Communication Svcs.,115.12,23074123
2023-03-17,MSFT,Microsoft,Technology,271.99,14671687
2023-03-17,NFLX,Netflix,Communication Svcs.,334.75,4034097
2023-03-17,NVDA,NVIDIA,Technology,25.74,437832860
2023-03-17,ORCL,Oracle,Technology,93.4,12708596
2023-03-17,QCOM,Qualcomm,Technology,120.06,5956619
2023-03-17,TSLA,Tesla,Cons. Discretionary,180.77,131383048
2023-03-20,AAPL,Apple,Technology,127.38,61655385
2023-03-20,AMD,AMD,Technology,72.38,51437016
2023-03-20,AMZN,Amazon,Cons. Discretionary,120.86,56654669
2023-03-20,AVGO,Broadcom,Technology,61.66,22953389
2023-03-20,CRM,Salesforce,Technology,151.44,3297402
2023-03-20,GOOGL,Alphabet,Communication Svcs.,86.78,19519444
2023-03-20,IBM,IBM,Technology,138.32,4559570
2023-03-20,INTC,Intel,Technology,44.91,15889666
2023-03-20,META,Meta Platforms,Communication Svcs.,115.39,21252480
2023-03-20,MSFT,Microsoft,Technology,266.84,24739631
2023-03-20,NFLX,Netflix,Communication Svcs.,349.75,5811899
2023-03-20,NVDA,NVIDIA,Technology,24.89,633842744
2023-03-20,ORCL,Oracle,Technology,95.85,8456184
2023-03-20,QCOM,Qualcomm,Technology,123.05,12287463
2023-03-20,TSLA,Tesla,Cons. Discretionary,177.87,107057099
2023-03-21,AAPL,Apple,Technology,125.83,81900325
2023-03-21,AMD,AMD,Technology,75.08,67288315
2023-03-21,AMZN,Amazon,Cons. Discretionary,124.54,58861013
2023-03-21,AVGO,Broadcom,Technology,63.31,14928817
2023-03-21,CRM,Salesforce,Technology,154.31,4801615
2023-03-21,GOOGL,Alphabet,Communication Svcs.,84.05,32829678
2023-03-21,IBM,IBM,Technology,136.51,2654555
2023-03-21,INTC,Intel,Technology,45.22,36115640
2023-03-21,META,Meta Platforms,Communication Svcs.,118.43,26752880
2023-03-21,MSFT,Microsoft,Technology,274.24,34381756
2023-03-21,NFLX,Netflix,Communication Svcs.,344.65,6009341
2023-03-21,NVDA,NVIDIA,Technology,25.05,606487178
2023-03-21,ORCL,Oracle,Technology,95.36,14088414
2023-03-21,QCOM,Qualcomm,Technology,120.68,8090954
2023-03-21,TSLA,Tesla,Cons. Discretionary,176.11,87702302
2023-03-22,AAPL,Apple,Technology,129.61,71780237
2023-03-22,AMD,AMD,Technology,71.44,48646508
2023-03-22,AMZN,Amazon,Cons. Discretionary,121.63,27657890
2023-03-22,AVGO,Broadcom,Technology,62.44,12687871
2023-03-22,CRM,Salesforce,Technology,151.35,5755425
2023-03-22,GOOGL,Alphabet,Communication Svcs.,83.83,20901705
2023-03-22,IBM,IBM,Technology,139.83,5595502
2023-03-22,INTC,Intel,Technology,46.13,31201909
2023-03-22,META,Meta Platforms,Communication Svcs.,119.97,16044602
2023-03-22,MSFT,Microsoft,Technology,275.8,25280235
2023-03-22,NFLX,Netflix,Communication Svcs.,351.27,8394360
2023-03-22,NVDA,NVIDIA,Technology,25.35,460869416
2023-03-22,ORCL,Oracle,Technology,98.58,5911630
2023-03-22,QCOM,Qualcomm,Technology,123.34,15117482
2023-03-22,TSLA,Tesla,Cons. Discretionary,181.04,105400884
2023-03-23,AAPL,Apple,Technology,129.54,54044074
2023-03-23,AMD,AMD,Technology,72.32,51077828
2023-03-23,AMZN,Amazon,Cons. Discretionary,122.63,50188164
2023-03-23,AVGO,Broadcom,Technology,62.4,23278594
2023-03-23,CRM,Salesforce,Technology,150.08,4347767
2023-03-23,GOOGL,Alphabet,Communication Svcs.,84.57,22897970
2023-03-23,IBM,IBM,Technology,140.75,3216612
2023-03-23,INTC,Intel,Technology,47.88,36192457
2023-03-23,META,Meta Platforms,Communication Svcs.,119.68,16281343
2023-03-23,MSFT,Microsoft,Technology,275.35,24196585
2023-03-23,NFLX,Netflix,Communication Svcs.,349.32,3324329
2023-03-23,NVDA,NVIDIA,Technology,25.23,368394801
2023-03-23,ORCL,Oracle,Technology,98.48,8547888
2023-03-23,QCOM,Qualcomm,Technology,122.55,13892494
2023-03-23,TSLA,Tesla,Cons. Discretionary,172.21,144910628
2023-03-24,AAPL,Apple,Technology,129.11,44745482
2023-03-24,AMD,AMD,Technology,73.11,60017949
2023-03-24,AMZN,Amazon,Cons. Discretionary,127.28,41521916
2023-03-24,AVGO,Broadcom,Technology,61.81,26285507
2023-03-24,CRM,Salesforce,Technology,151.22,3959793
2023-03-24,GOOGL,Alphabet,Communication Svcs.,87.53,29419918
2023-03-24,IBM,IBM,Technology,140.74,2856165
2023-03-24,INTC,Intel,Technology,47.0,38021633
2023-03-24,META,Meta Platforms,Communication Svcs.,127.2,18366697
2023-03-24,MSFT,Microsoft,Technology,280.2,16479347
2023-03-24,NFLX,Netflix,Communication Svcs.,339.85,4003731
2023-03-24,NVDA,NVIDIA,Technology,25.14,596147954
2023-03-24,ORCL,Oracle,Technology,98.23,8462583
2023-03-24,QCOM,Qualcomm,Technology,123.71,9038007
2023-03-24,TSLA,Tesla,Cons. Discretionary,181.64,117131291
2023-03-27,AAPL,Apple,Technology,130.64,51240115
2023-03-27,AMD,AMD,Technology,71.3,54723935
2023-03-27,AMZN,Amazon,Cons. Discretionary,124.83,33743722
2023-03-27,AVGO,Broadcom,Technology,61.81,16522877
2023-03-27,CRM,Salesforce,Technology,151.75,5198812
2023-03-27,GOOGL,Alphabet,Communication Svcs.,88.05,23313230
2023-03-27,IBM,IBM,Technology,141.92,4164664
2023-03-27,INTC,Intel,Technology,47.35,28919980
2023-03-27,META,Meta Platforms,Communication Svcs.,121.5,22792037
2023-03-27,MSFT,Microsoft,Technology,275.82,29613248
2023-03-27,NFLX,Netflix,Communication Svcs.,342.2,4952309
2023-03-27,NVDA,NVIDIA,Technology,24.63,573717704
2023-03-27,ORCL,Oracle,Technology,95.16,7083070
2023-03-27,QCOM,Qualcomm,Technology,124.29,9097241
2023-03-27,TSLA,Tesla,Cons. Discretionary,173.78,100514565
2023-03-28,AAPL,Apple,Technology,132.56,44098169
2023-03-28,AMD,AMD,Technology,74.65,53849278
2023-03-28,AMZN,Amazon,Cons. Discretionary,127.68,44428024
2023-03-28,AVGO,Broadcom,Technology,61.95,23816504
2023-03-28,CRM,Salesforce,Technology,160.06,3666329
2023-03-28,GOOGL,Alphabet,Communication Svcs.,85.38,29541265
2023-03-28,IBM,IBM,Technology,142.13,3747092
2023-03-28,INTC,Intel,Technology,48.22,30013740
2023-03-28,META,Meta Platforms,Communication Svcs.,127.94,23891123
2023-03-28,MSFT,Microsoft,Technology,277.51,27468620
2023-03-28,NFLX,Netflix,Communication Svcs.,347.94,4578301
2023-03-28,NVDA,NVIDIA,Technology,25.1,347819783
2023-03-28,ORCL,Oracle,Technology,92.72,10911575
2023-03-28,QCOM,Qualcomm,Technology,126.38,11077425
2023-03-28,TSLA,Tesla,Cons. Discretionary,167.87,115624438
2023-03-29,AAPL,Apple,Technology,134.53,68612433
2023-03-29,AMD,AMD,Technology,73.88,45034634
2023-03-29,AMZN,Amazon,Cons. Discretionary,129.09,34018984
2023-03-29,AVGO,Broadcom,Technology,60.38,18289364
2023-03-29,CRM,Salesforce,Technology,160.47,4728772
2023-03-29,GOOGL,Alphabet,Communication Svcs.,84.34,32241649
2023-03-29,IBM,IBM,Technology,143.73,5070242
2023-03-29,INTC,Intel,Technology,49.53,41146087
2023-03-29,META,Meta Platforms,Communication Svcs.,128.33,22992323
2023-03-29,MSFT,Microsoft,Technology,272.04,24582873
2023-03-29,NFLX,Netflix,Communication Svcs.,371.91,4933293
2023-03-29,NVDA,NVIDIA,Technology,24.68,482258936
2023-03-29,ORCL,Oracle,Technology,94.35,7041466
2023-03-29,QCOM,Qualcomm,Technology,122.25,4998350
2023-03-29,TSLA,Tesla,Cons. Discretionary,161.66,92149333
2023-03-30,AAPL,Apple,Technology,134.31,47631912
2023-03-30,AMD,AMD,Technology,71.21,44968396
2023-03-30,AMZN,Amazon,Cons. Discretionary,125.66,43204393
2023-03-30,AVGO,Broadcom,Technology,60.26,15374093
2023-03-30,CRM,Salesforce,Technology,163.09,4090215
2023-03-30,GOOGL,Alphabet,Communication Svcs.,86.07,28835031
2023-03-30,IBM,IBM,Technology,144.56,3640944
2023-03-30,INTC,Intel,Technology,48.92,29424612
2023-03-30,META,Meta Platforms,Communication Svcs.,134.4,18795146
2023-03-30,MSFT,Microsoft,Technology,266.06,22279167
2023-03-30,NFLX,Netflix,Communication Svcs.,367.83,5069252
2023-03-30,NVDA,NVIDIA,Technology,24.91,281493354
2023-03-30,ORCL,Oracle,Technology,94.39,9575834
2023-03-30,QCOM,Qualcomm,Technology,122.89,5621780
2023-03-30,TSLA,Tesla,Cons. Discretionary,173.71,90092662
2023-03-31,AAPL,Apple,Technology,133.89,81633551
2023-03-31,AMD,AMD,Technology,70.07,55976450
2023-03-31,AMZN,Amazon,Cons. Discretionary,129.55,53818967
2023-03-31,AVGO,Broadcom,Technology,60.12,34121396
2023-03-31,CRM,Salesforce,Technology,164.89,5408820
2023-03-31,GOOGL,Alphabet,Communication Svcs.,90.48,24232684
2023-03-31,IBM,IBM,Technology,144.88,3031345
2023-03-31,INTC,Intel,Technology,48.52,25121783
2023-03-31,META,Meta Platforms,Communication Svcs.,137.38,16492523
2023-03-31,MSFT,Microsoft,Technology,265.13,41200605
2023-03-31,NFLX,Netflix,Communication Svcs.,366.02,8171543
2023-03-31,NVDA,NVIDIA,Technology,24.63,598441181
2023-03-31,ORCL,Oracle,Technology,91.84,10758241
2023-03-31,QCOM,Qualcomm,Technology,119.43,7500964
2023-03-31,TSLA,Tesla,Cons. Discretionary,173.57,77309625
2023-04-03,AAPL,Apple,Technology,133.19,47151002
2023-04-03,AMD,AMD,Technology,73.16,59009405
2023-04-03,AMZN,Amazon,Cons. Discretionary,130.92,34914674
2023-04-03,AVGO,Broadcom,Technology,62.42,25105230
2023-04-03,CRM,Salesforce,Technology,165.14,4283646
2023-04-03,GOOGL,Alphabet,Communication Svcs.,88.96,11545436
2023-04-03,IBM,IBM,Technology,143.78,4347510
2023-04-03,INTC,Intel,Technology,51.25,42543456
2023-04-03,META,Meta Platforms,Communication Svcs.,140.39,23052697
2023-04-03,MSFT,Microsoft,Technology,267.75,24893628
2023-04-03,NFLX,Netflix,Communication Svcs.,359.58,2418543
2023-04-03,NVDA,NVIDIA,Technology,25.28,488836248
2023-04-03,ORCL,Oracle,Technology,92.59,9513950
2023-04-03,QCOM,Qualcomm,Technology,119.28,8269445
2023-04-03,TSLA,Tesla,Cons. Discretionary,171.74,65027590
2023-04-04,AAPL,Apple,Technology,133.63,62054494
2023-04-04,AMD,AMD,Technology,70.35,47912586
2023-04-04,AMZN,Amazon,Cons. Discretionary,126.77,45727596
2023-04-04,AVGO,Broadcom,Technology,59.87,17359071
2023-04-04,CRM,Salesforce,Technology,164.59,5468444
2023-04-04,GOOGL,Alphabet,Communication Svcs.,88.45,20579198
2023-04-04,IBM,IBM,Technology,142.12,4388638
2023-04-04,INTC,Intel,Technology,53.71,27129097
2023-04-04,META,Meta Platforms,Communication Svcs.,141.11,12990853
2023-04-04,MSFT,Microsoft,Technology,264.63,24925552
2023-04-04,NFLX,Netflix,Communication Svcs.,347.34,4878716
2023-04-04,NVDA,NVIDIA,Technology,24.36,434663958
2023-04-04,ORCL,Oracle,Technology,95.61,6580553
2023-04-04,QCOM,Qualcomm,Technology,120.64,15108322
2023-04-04,TSLA,Tesla,Cons. Discretionary,176.62,128794850
2023-04-05,AAPL,Apple,Technology,133.99,48561280
2023-04-05,AMD,AMD,Technology,68.32,52408953
2023-04-05,AMZN,Amazon,Cons. Discretionary,125.93,53884856
2023-04-05,AVGO,Broadcom,Technology,62.16,19682181
2023-04-05,CRM,Salesforce,Technology,161.29,6123361
2023-04-05,GOOGL,Alphabet,Communication Svcs.,86.48,23575158
2023-04-05,IBM,IBM,Technology,141.87,4424459
2023-04-05,INTC,Intel,Technology,55.06,44831112
2023-04-05,META,Meta Platforms,Communication Svcs.,143.09,22559927
2023-04-05,MSFT,Microsoft,Technology,264.41,25715570
2023-04-05,NFLX,Netflix,Communication Svcs.,355.77,4205526
2023-04-05,NVDA,NVIDIA,Technology,24.62,309987048
2023-04-05,ORCL,Oracle,Technology,96.77,8929051
2023-04-05,QCOM,Qualcomm,Technology,120.18,6900657
2023-04-05,TSLA,Tesla,Cons. Discretionary,173.96,78127939
2023-04-06,AAPL,Apple,Technology,137.77,46706032
2023-04-06,AMD,AMD,Technology,70.07,37542585
2023-04-06,AMZN,Amazon,Cons. Discretionary,128.58,50915493
2023-04-06,AVGO,Broadcom,Technology,59.38,16834179
2023-04-06,CRM,Salesforce,Technology,162.4,5370389
2023-04-06,GOOGL,Alphabet,Communication Svcs.,84.92,21105500
2023-04-06,IBM,IBM,Technology,140.9,3433522
2023-04-06,INTC,Intel,Technology,56.2,41938120
2023-04-06,META,Meta Platforms,Communication Svcs.,149.43,18022622
2023-04-06,MSFT,Microsoft,Technology,262.48,38193056
2023-04-06,NFLX,Netflix,Communication Svcs.,341.99,4695494
2023-04-06,NVDA,NVIDIA,Technology,23.93,561720261
2023-04-06,ORCL,Oracle,Technology,93.97,12744379
2023-04-06,QCOM,Qualcomm,Technology,119.8,7442045
2023-04-06,TSLA,Tesla,Cons. Discretionary,183.68,171603646
2023-04-07,AAPL,Apple,Technology,140.35,76838860
2023-04-07,AMD,AMD,Technology,66.88,69645269
2023-04-07,AMZN,Amazon,Cons. Discretionary,123.41,58789396
2023-04-07,AVGO,Broadcom,Technology,59.07,20520202
2023-04-07,CRM,Salesforce,Technology,164.43,6733974
2023-04-07,GOOGL,Alphabet,Communication Svcs.,84.76,31101439
2023-04-07,IBM,IBM,Technology,141.94,4831001
2023-04-07,INTC,Intel,Technology,56.03,19101541
2023-04-07,META,Meta Platforms,Communication Svcs.,147.0,21985886
2023-04-07,MSFT,Microsoft,Technology,263.92,21180992
2023-04-07,NFLX,Netflix,Communication Svcs.,335.29,5677123
2023-04-07,NVDA,NVIDIA,Technology,24.34,365393427
2023-04-07,ORCL,Oracle,Technology,94.18,10035628
2023-04-07,QCOM,Qualcomm,Technology,119.01,10739429
2023-04-07,TSLA,Tesla,Cons. Discretionary,171.21,135566979
2023-04-10,AAPL,Apple,Technology,141.55,48247207
2023-04-10,AMD,AMD,Technology,67.76,53741614
2023-04-10,AMZN,Amazon,Cons. Discretionary,124.28,45234872
2023-04-10,AVGO,Broadcom,Technology,58.88,16986989
2023-04-10,CRM,Salesforce,Technology,161.38,3011320
2023-04-10,GOOGL,Alphabet,Communication Svcs.,87.89,27058827
2023-04-10,IBM,IBM,Technology,143.13,4203641
2023-04-10,INTC,Intel,Technology,57.39,65983164
2023-04-10,META,Meta Platforms,Communication Svcs.,155.48,24846580
2023-04-10,MSFT,Microsoft,Technology,269.7,23904490
2023-04-10,NFLX,Netflix,Communication Svcs.,336.95,2912433
2023-04-10,NVDA,NVIDIA,Technology,26.02,543276324
2023-04-10,ORCL,Oracle,Technology,97.11,7291242
2023-04-10,QCOM,Qualcomm,Technology,121.46,6924422
2023-04-10,TSLA,Tesla,Cons. Discretionary,169.03,185620401
2023-04-11,AAPL,Apple,Technology,141.41,104810335
2023-04-11,AMD,AMD,Technology,66.34,44097949
2023-04-11,AMZN,Amazon,Cons. Discretionary,122.84,22824779
2023-04-11,AVGO,Broadcom,Technology,58.25,15801626
2023-04-11,CRM,Salesforce,Technology,157.56,3055773
2023-04-11,GOOGL,Alphabet,Communication Svcs.,84.41,23662503
2023-04-11,IBM,IBM,Technology,143.5,3074714
2023-04-11,INTC,Intel,Technology,57.17,40440409
2023-04-11,META,Meta Platforms,Communication Svcs.,153.78,21298142
2023-04-11,MSFT,Microsoft,Technology,264.78,22428502
2023-04-11,NFLX,Netflix,Communication Svcs.,352.41,5661724
2023-04-11,NVDA,NVIDIA,Technology,26.49,445524963
2023-04-11,ORCL,Oracle,Technology,94.1,8216967
2023-04-11,QCOM,Qualcomm,Technology,122.03,4400554
2023-04-11,TSLA,Tesla,Cons. Discretionary,170.03,84078039
2023-04-12,AAPL,Apple,Technology,140.34,39641736
2023-04-12,AMD,AMD,Technology,64.01,54437833
2023-04-12,AMZN,Amazon,Cons. Discretionary,125.16,64553945
2023-04-12,AVGO,Broadcom,Technology,57.36,17313488
2023-04-12,CRM,Salesforce,Technology,158.58,6239551
2023-04-12,GOOGL,Alphabet,Communication Svcs.,84.52,22243276
2023-04-12,IBM,IBM,Technology,143.52,4870450
2023-04-12,INTC,Intel,Technology,58.32,33987960
2023-04-12,META,Meta Platforms,Communication Svcs.,153.81,12143516
2023-04-12,MSFT,Microsoft,Technology,272.71,38615566
2023-04-12,NFLX,Netflix,Communication Svcs.,345.14,4675239
2023-04-12,NVDA,NVIDIA,Technology,27.06,357786090
2023-04-12,ORCL,Oracle,Technology,92.81,11579315
2023-04-12,QCOM,Qualcomm,Technology,123.32,7344420
2023-04-12,TSLA,Tesla,Cons. Discretionary,172.1,123785854
2023-04-13,AAPL,Apple,Technology,141.08,77234291
2023-04-13,AMD,AMD,Technology,64.19,47450906
2023-04-13,AMZN,Amazon,Cons. Discretionary,124.41,96273949
2023-04-13,AVGO,Broadcom,Technology,58.45,15811063
2023-04-13,CRM,Salesforce,Technology,158.38,5763677
2023-04-13,GOOGL,Alphabet,Communication Svcs.,84.97,25254900
2023-04-13,IBM,IBM,Technology,142.89,3314920
2023-04-13,INTC,Intel,Technology,57.51,34043135
2023-04-13,META,Meta Platforms,Communication Svcs.,151.2,24974263
2023-04-13,MSFT,Microsoft,Technology,270.27,25614713
2023-04-13,NFLX,Netflix,Communication Svcs.,353.88,8996387
2023-04-13,NVDA,NVIDIA,Technology,28.27,445804807
2023-04-13,ORCL,Oracle,Technology,96.9,7712224
2023-04-13,QCOM,Qualcomm,Technology,120.59,8494371
2023-04-13,TSLA,Tesla,Cons. Discretionary,173.69,105804654
2023-04-14,AAPL,Apple,Technology,139.16,80698396
2023-04-14,AMD,AMD,Technology,65.8,47068148
2023-04-14,AMZN,Amazon,Cons. Discretionary,126.15,54274129
2023-04-14,AVGO,Broadcom,Technology,58.23,17112504
2023-04-14,CRM,Salesforce,Technology,158.34,4216486
2023-04-14,GOOGL,Alphabet,Communication Svcs.,84.41,22932669
2023-04-14,IBM,IBM,Technology,143.78,4397142
2023-04-14,INTC,Intel,Technology,57.83,19941959
2023-04-14,META,Meta Platforms,Communication Svcs.,153.41,21006684
2023-04-14,MSFT,Microsoft,Technology,271.61,38235761
2023-04-14,NFLX,Netflix,Communication Svcs.,354.71,5023968
2023-04-14,NVDA,NVIDIA,Technology,27.67,279769565
2023-04-14,ORCL,Oracle,Technology,99.16,15250533
2023-04-14,QCOM,Qualcomm,Technology,120.87,6376089
2023-04-14,TSLA,Tesla,Cons. Discretionary,174.78,146776951
2023-04-17,AAPL,Apple,Technology,136.82,106635666
2023-04-17,AMD,AMD,Technology,65.19,35126575
2023-04-17,AMZN,Amazon,Cons. Discretionary,124.3,57255402
2023-04-17,AVGO,Broadcom,Technology,60.52,29407260
2023-04-17,CRM,Salesforce,Technology,151.53,8822538
2023-04-17,GOOGL,Alphabet,Communication Svcs.,81.72,23458541
2023-04-17,IBM,IBM,Technology,145.96,3363838
2023-04-17,INTC,Intel,Technology,57.29,39237958
2023-04-17,META,Meta Platforms,Communication Svcs.,150.41,23575259
2023-04-17,MSFT,Microsoft,Technology,272.77,18697088
2023-04-17,NFLX,Netflix,Communication Svcs.,356.96,5691989
2023-04-17,NVDA,NVIDIA,Technology,27.85,500006526
2023-04-17,ORCL,Oracle,Technology,97.55,10697158
2023-04-17,QCOM,Qualcomm,Technology,123.79,9100779
2023-04-17,TSLA,Tesla,Cons. Discretionary,177.13,128434042
2023-04-18,AAPL,Apple,Technology,137.96,42501496
2023-04-18,AMD,AMD,Technology,65.63,43736624
2023-04-18,AMZN,Amazon,Cons. Discretionary,126.32,49197420
2023-04-18,AVGO,Broadcom,Technology,58.53,28882948
2023-04-18,CRM,Salesforce,Technology,146.01,4241650
2023-04-18,GOOGL,Alphabet,Communication Svcs.,81.67,27821810
2023-04-18,IBM,IBM,Technology,144.71,3653877
2023-04-18,INTC,Intel,Technology,57.19,36686405
2023-04-18,META,Meta Platforms,Communication Svcs.,143.86,18248183
2023-04-18,MSFT,Microsoft,Technology,265.58,28249747
2023-04-18,NFLX,Netflix,Communication Svcs.,347.81,5110568
2023-04-18,NVDA,NVIDIA,Technology,26.19,644225847
2023-04-18,ORCL,Oracle,Technology,97.31,9288226
2023-04-18,QCOM,Qualcomm,Technology,125.03,7947827
2023-04-18,TSLA,Tesla,Cons. Discretionary,171.54,80727810
2023-04-19,AAPL,Apple,Technology,137.25,61132220
2023-04-19,AMD,AMD,Technology,65.95,51144235
2023-04-19,AMZN,Amazon,Cons. Discretionary,129.4,64207347
2023-04-19,AVGO,Broadcom,Technology,61.94,25740561
2023-04-19,CRM,Salesforce,Technology,145.03,4975616
2023-04-19,GOOGL,Alphabet,Communication Svcs.,80.79,23712395
2023-04-19,IBM,IBM,Technology,145.88,3917068
2023-04-19,INTC,Intel,Technology,57.08,43412428
2023-04-19,META,Meta Platforms,Communication Svcs.,141.64,16933146
2023-04-19,MSFT,Microsoft,Technology,263.63,35142934
2023-04-19,NFLX,Netflix,Communication Svcs.,338.69,3858145
2023-04-19,NVDA,NVIDIA,Technology,26.49,372720469
2023-04-19,ORCL,Oracle,Technology,100.35,9603688
2023-04-19,QCOM,Qualcomm,Technology,124.0,8253861
2023-04-19,TSLA,Tesla,Cons. Discretionary,181.38,96717772
2023-04-20,AAPL,Apple,Technology,135.87,37765885
2023-04-20,AMD,AMD,Technology,68.6,74627483
2023-04-20,AMZN,Amazon,Cons. Discretionary,129.79,52779779
2023-04-20,AVGO,Broadcom,Technology,61.51,20526578
2023-04-20,CRM,Salesforce,Technology,141.73,5831113
2023-04-20,GOOGL,Alphabet,Communication Svcs.,81.41,20114523
2023-04-20,IBM,IBM,Technology,146.31,3378728
2023-04-20,INTC,Intel,Technology,58.95,40634082
2023-04-20,META,Meta Platforms,Communication Svcs.,141.75,19055246
2023-04-20,MSFT,Microsoft,Technology,268.89,38877571
2023-04-20,NFLX,Netflix,Communication Svcs.,344.29,3714051
2023-04-20,NVDA,NVIDIA,Technology,27.8,342885233
2023-04-20,ORCL,Oracle,Technology,99.54,9761569
2023-04-20,QCOM,Qualcomm,Technology,124.18,7619075
2023-04-20,TSLA,Tesla,Cons. Discretionary,183.03,74726458
2023-04-21,AAPL,Apple,Technology,133.46,51686939
2023-04-21,AMD,AMD,Technology,65.73,58041666
2023-04-21,AMZN,Amazon,Cons. Discretionary,128.37,46541394
2023-04-21,AVGO,Broadcom,Technology,61.17,14944699
2023-04-21,CRM,Salesforce,Technology,138.18,4631316
2023-04-21,GOOGL,Alphabet,Communication Svcs.,80.2,30304156
2023-04-21,IBM,IBM,Technology,146.83,5120678
2023-04-21,INTC,Intel,Technology,61.17,51604482
2023-04-21,META,Meta Platforms,Communication Svcs.,142.58,21592782
2023-04-21,MSFT,Microsoft,Technology,268.05,19486953
2023-04-21,NFLX,Netflix,Communication Svcs.,336.08,5957113
2023-04-21,NVDA,NVIDIA,Technology,28.47,455050459
2023-04-21,ORCL,Oracle,Technology,100.65,8877086
2023-04-21,QCOM,Qualcomm,Technology,122.8,11514992
2023-04-21,TSLA,Tesla,Cons. Discretionary,184.23,171802506
2023-04-24,AAPL,Apple,Technology,134.59,76401330
2023-04-24,AMD,AMD,Technology,65.5,55555283
2023-04-24,AMZN,Amazon,Cons. Discretionary,131.77,74160402
2023-04-24,AVGO,Broadcom,Technology,62.04,23374907
2023-04-24,CRM,Salesforce,Technology,137.67,4542026
2023-04-24,GOOGL,Alphabet,Communication Svcs.,81.49,36513711
2023-04-24,IBM,IBM,Technology,145.71,4687407
2023-04-24,INTC,Intel,Technology,60.36,21189647
2023-04-24,META,Meta Platforms,Communication Svcs.,139.36,19999654
2023-04-24,MSFT,Microsoft,Technology,267.83,33650450
2023-04-24,NFLX,Netflix,Communication Svcs.,326.12,5368815
2023-04-24,NVDA,NVIDIA,Technology,29.27,378396252
2023-04-24,ORCL,Oracle,Technology,101.37,11130772
2023-04-24,QCOM,Qualcomm,Technology,124.0,8844904
2023-04-24,TSLA,Tesla,Cons. Discretionary,186.04,105315769
2023-04-25,AAPL,Apple,Technology,134.43,57951381
2023-04-25,AMD,AMD,Technology,68.85,47143864
2023-04-25,AMZN,Amazon,Cons. Discretionary,130.11,43126511
2023-04-25,AVGO,Broadcom,Technology,62.08,20728325
2023-04-25,CRM,Salesforce,Technology,131.32,4619035
2023-04-25,GOOGL,Alphabet,Communication Svcs.,83.05,42327645
2023-04-25,IBM,IBM,Technology,145.56,5030169
2023-04-25,INTC,Intel,Technology,60.04,30048582
2023-04-25,META,Meta Platforms,Communication Svcs.,143.51,14187628
2023-04-25,MSFT,Microsoft,Technology,264.35,25196892
2023-04-25,NFLX,Netflix,Communication Svcs.,328.92,5609596
2023-04-25,NVDA,NVIDIA,Technology,29.33,496216711
2023-04-25,ORCL,Oracle,Technology,105.05,9631257
2023-04-25,QCOM,Qualcomm,Technology,124.93,8704771
2023-04-25,TSLA,Tesla,Cons. Discretionary,179.76,80970582
2023-04-26,AAPL,Apple,Technology,134.32,67541009
2023-04-26,AMD,AMD,Technology,69.46,45216658
2023-04-26,AMZN,Amazon,Cons. Discretionary,131.75,42265200
2023-04-26,AVGO,Broadcom,Technology,61.89,25612256
2023-04-26,CRM,Salesforce,Technology,132.63,4991170
2023-04-26,GOOGL,Alphabet,Communication Svcs.,81.11,24100185
2023-04-26,IBM,IBM,Technology,144.87,5313597
2023-04-26,INTC,Intel,Technology,58.65,25278180
2023-04-26,META,Meta Platforms,Communication Svcs.,139.85,28953168
2023-04-26,MSFT,Microsoft,Technology,256.57,21926731
2023-04-26,NFLX,Netflix,Communication Svcs.,328.2,7097397
2023-04-26,NVDA,NVIDIA,Technology,29.89,480026384
2023-04-26,ORCL,Oracle,Technology,105.87,8612592
2023-04-26,QCOM,Qualcomm,Technology,126.22,9070436
2023-04-26,TSLA,Tesla,Cons. Discretionary,185.13,98230034
2023-04-27,AAPL,Apple,Technology,136.28,83190805
2023-04-27,AMD,AMD,Technology,72.71,52367413
2023-04-27,AMZN,Amazon,Cons. Discretionary,137.32,74246769
2023-04-27,AVGO,Broadcom,Technology,62.12,20609425
2023-04-27,CRM,Salesforce,Technology,129.89,6067965
2023-04-27,GOOGL,Alphabet,Communication Svcs.,83.93,44275925
2023-04-27,IBM,IBM,Technology,146.75,4496727
2023-04-27,INTC,Intel,Technology,57.72,22332654
2023-04-27,META,Meta Platforms,Communication Svcs.,141.63,21991991
2023-04-27,MSFT,Microsoft,Technology,260.82,26873050
2023-04-27,NFLX,Netflix,Communication Svcs.,321.23,3627977
2023-04-27,NVDA,NVIDIA,Technology,30.94,439197480
2023-04-27,ORCL,Oracle,Technology,101.93,11538053
2023-04-27,QCOM,Qualcomm,Technology,125.94,10131046
2023-04-27,TSLA,Tesla,Cons. Discretionary,188.92,106308229
2023-04-28,AAPL,Apple,Technology,138.0,42561182
2023-04-28,AMD,AMD,Technology,72.24,37758215
2023-04-28,AMZN,Amazon,Cons. Discretionary,139.52,68536755
2023-04-28,AVGO,Broadcom,Technology,62.92,20174489
2023-04-28,CRM,Salesforce,Technology,130.5,2896644
2023-04-28,GOOGL,Alphabet,Communication Svcs.,84.09,18162594
2023-04-28,IBM,IBM,Technology,148.45,4668223
2023-04-28,INTC,Intel,Technology,56.81,30748844
2023-04-28,META,Meta Platforms,Communication Svcs.,147.02,16781132
2023-04-28,MSFT,Microsoft,Technology,257.67,18428544
2023-04-28,NFLX,Netflix,Communication Svcs.,328.54,5867126
2023-04-28,NVDA,NVIDIA,Technology,30.76,319424790
2023-04-28,ORCL,Oracle,Technology,100.18,12059839
2023-04-28,QCOM,Qualcomm,Technology,125.0,11206196
2023-04-28,TSLA,Tesla,Cons. Discretionary,188.81,123666845
2023-05-01,AAPL,Apple,Technology,137.49,69185343
2023-05-01,AMD,AMD,Technology,67.85,47650032
2023-05-01,AMZN,Amazon,Cons. Discretionary,145.89,70688529
2023-05-01,AVGO,Broadcom,Technology,64.43,18710814
2023-05-01,CRM,Salesforce,Technology,130.1,6025467
2023-05-01,GOOGL,Alphabet,Communication Svcs.,84.9,17007044
2023-05-01,IBM,IBM,Technology,149.64,5261671
2023-05-01,INTC,Intel,Technology,55.3,29734758
2023-05-01,META,Meta Platforms,Communication Svcs.,152.7,25534639
2023-05-01,MSFT,Microsoft,Technology,260.1,28713053
2023-05-01,NFLX,Netflix,Communication Svcs.,322.46,4542981
2023-05-01,NVDA,NVIDIA,Technology,30.6,473842645
2023-05-01,ORCL,Oracle,Technology,100.0,9482920
2023-05-01,QCOM,Qualcomm,Technology,126.99,7538543
2023-05-01,TSLA,Tesla,Cons. Discretionary,183.19,84220881
2023-05-02,AAPL,Apple,Technology,136.47,30798038
2023-05-02,AMD,AMD,Technology,67.42,71147339
2023-05-02,AMZN,Amazon,Cons. Discretionary,146.33,50399990
2023-05-02,AVGO,Broadcom,Technology,64.3,17629837
2023-05-02,CRM,Salesforce,Technology,133.02,4319314
2023-05-02,GOOGL,Alphabet,Communication Svcs.,84.51,23451570
2023-05-02,IBM,IBM,Technology,148.94,3423560
2023-05-02,INTC,Intel,Technology,56.68,31838025
2023-05-02,META,Meta Platforms,Communication Svcs.,155.56,14072063
2023-05-02,MSFT,Microsoft,Technology,258.78,30139407
2023-05-02,NFLX,Netflix,Communication Svcs.,323.61,7099416
2023-05-02,NVDA,NVIDIA,Technology,30.98,537834035
2023-05-02,ORCL,Oracle,Technology,101.07,8021008
2023-05-02,QCOM,Qualcomm,Technology,128.7,10797822
2023-05-02,TSLA,Tesla,Cons. Discretionary,178.83,105433111
2023-05-03,AAPL,Apple,Technology,139.45,71086616
2023-05-03,AMD,AMD,Technology,67.36,63980290
2023-05-03,AMZN,Amazon,Cons. Discretionary,143.88,48319761
2023-05-03,AVGO,Broadcom,Technology,63.53,15503540
2023-05-03,CRM,Salesforce,Technology,128.5,5458253
2023-05-03,GOOGL,Alphabet,Communication Svcs.,82.99,36086146
2023-05-03,IBM,IBM,Technology,146.67,4869658
2023-05-03,INTC,Intel,Technology,55.04,44049089
2023-05-03,META,Meta Platforms,Communication Svcs.,156.78,25619065
2023-05-03,MSFT,Microsoft,Technology,266.47,21762259
2023-05-03,NFLX,Netflix,Communication Svcs.,322.85,7310076
2023-05-03,NVDA,NVIDIA,Technology,31.34,399443063
2023-05-03,ORCL,Oracle,Technology,105.52,8077598
2023-05-03,QCOM,Qualcomm,Technology,130.77,6493962
2023-05-03,TSLA,Tesla,Cons. Discretionary,189.95,136049566
2023-05-04,AAPL,Apple,Technology,136.33,58049175
2023-05-04,AMD,AMD,Technology,68.32,32363470
2023-05-04,AMZN,Amazon,Cons. Discretionary,146.18,65286877
2023-05-04,AVGO,Broadcom,Technology,64.22,15514174
2023-05-04,CRM,Salesforce,Technology,127.88,4315028
2023-05-04,GOOGL,Alphabet,Communication Svcs.,83.43,17926254
2023-05-04,IBM,IBM,Technology,146.91,4159780
2023-05-04,INTC,Intel,Technology,56.02,36149593
2023-05-04,META,Meta Platforms,Communication Svcs.,164.87,37087116
2023-05-04,MSFT,Microsoft,Technology,268.79,25862903
2023-05-04,NFLX,Netflix,Communication Svcs.,319.67,5096929
2023-05-04,NVDA,NVIDIA,Technology,31.58,351637448
2023-05-04,ORCL,Oracle,Technology,104.71,10519880
2023-05-04,QCOM,Qualcomm,Technology,133.46,9534228
2023-05-04,TSLA,Tesla,Cons. Discretionary,181.53,108403138
2023-05-05,AAPL,Apple,Technology,137.42,31618267
2023-05-05,AMD,AMD,Technology,69.71,59259177
2023-05-05,AMZN,Amazon,Cons. Discretionary,149.06,55425679
2023-05-05,AVGO,Broadcom,Technology,64.03,25115158
2023-05-05,CRM,Salesforce,Technology,126.81,6672407
2023-05-05,GOOGL,Alphabet,Communication Svcs.,86.75,30112055
2023-05-05,IBM,IBM,Technology,148.61,3792202
2023-05-05,INTC,Intel,Technology,53.54,40467050
2023-05-05,META,Meta Platforms,Communication Svcs.,155.47,19735132
2023-05-05,MSFT,Microsoft,Technology,269.4,29574099
2023-05-05,NFLX,Netflix,Communication Svcs.,327.96,8623155
2023-05-05,NVDA,NVIDIA,Technology,30.3,380227496
2023-05-05,ORCL,Oracle,Technology,104.44,10430290
2023-05-05,QCOM,Qualcomm,Technology,130.9,5821495
2023-05-05,TSLA,Tesla,Cons. Discretionary,189.32,72498425
2023-05-08,AAPL,Apple,Technology,143.23,55746158
2023-05-08,AMD,AMD,Technology,71.7,40373029
2023-05-08,AMZN,Amazon,Cons. Discretionary,148.35,46919893
2023-05-08,AVGO,Broadcom,Technology,62.94,25436929
2023-05-08,CRM,Salesforce,Technology,129.68,4016178
2023-05-08,GOOGL,Alphabet,Communication Svcs.,85.36,24187223
2023-05-08,IBM,IBM,Technology,149.66,2982273
2023-05-08,INTC,Intel,Technology,54.4,46332404
2023-05-08,META,Meta Platforms,Communication Svcs.,159.81,20365373
2023-05-08,MSFT,Microsoft,Technology,267.22,20037707
2023-05-08,NFLX,Netflix,Communication Svcs.,335.58,7048084
2023-05-08,NVDA,NVIDIA,Technology,30.37,359201077
2023-05-08,ORCL,Oracle,Technology,103.99,8784484
2023-05-08,QCOM,Qualcomm,Technology,130.16,9557118
2023-05-08,TSLA,Tesla,Cons. Discretionary,192.9,69313933
2023-05-09,AAPL,Apple,Technology,142.61,79883827
2023-05-09,AMD,AMD,Technology,73.26,37233987
2023-05-09,AMZN,Amazon,Cons. Discretionary,151.59,50657469
2023-05-09,AVGO,Broadcom,Technology,62.94,23323491
2023-05-09,CRM,Salesforce,Technology,133.45,5302873
2023-05-09,GOOGL,Alphabet,Communication Svcs.,85.9,24862724
2023-05-09,IBM,IBM,Technology,150.32,4438335
2023-05-09,INTC,Intel,Technology,54.98,39639194
2023-05-09,META,Meta Platforms,Communication Svcs.,166.54,15060675
2023-05-09,MSFT,Microsoft,Technology,272.76,32062411
2023-05-09,NFLX,Netflix,Communication Svcs.,327.47,5632956
2023-05-09,NVDA,NVIDIA,Technology,30.2,528143457
2023-05-09,ORCL,Oracle,Technology,103.24,10604201
2023-05-09,QCOM,Qualcomm,Technology,130.99,5984111
2023-05-09,TSLA,Tesla,Cons. Discretionary,204.88,116563222
2023-05-10,AAPL,Apple,Technology,143.65,73652506
2023-05-10,AMD,AMD,Technology,75.31,59899745
2023-05-10,AMZN,Amazon,Cons. Discretionary,157.29,42221771
2023-05-10,AVGO,Broadcom,Technology,63.08,18188060
2023-05-10,CRM,Salesforce,Technology,129.85,6297758
2023-05-10,GOOGL,Alphabet,Communication Svcs.,85.26,22086340
2023-05-10,IBM,IBM,Technology,149.28,4364048
2023-05-10,INTC,Intel,Technology,54.46,40916963
2023-05-10,META,Meta Platforms,Communication Svcs.,164.01,17149366
2023-05-10,MSFT,Microsoft,Technology,274.21,31256579
2023-05-10,NFLX,Netflix,Communication Svcs.,324.1,4696746
2023-05-10,NVDA,NVIDIA,Technology,28.38,472938014
2023-05-10,ORCL,Oracle,Technology,102.52,14143379
2023-05-10,QCOM,Qualcomm,Technology,132.26,5889580
2023-05-10,TSLA,Tesla,Cons. Discretionary,199.3,141509223
2023-05-11,AAPL,Apple,Technology,144.52,56134824
2023-05-11,AMD,AMD,Technology,70.08,54848949
2023-05-11,AMZN,Amazon,Cons. Discretionary,158.15,56754789
2023-05-11,AVGO,Broadcom,Technology,63.4,24594165
2023-05-11,CRM,Salesforce,Technology,130.02,7811654
2023-05-11,GOOGL,Alphabet,Communication Svcs.,85.73,27270434
2023-05-11,IBM,IBM,Technology,149.49,3834684
2023-05-11,INTC,Intel,Technology,52.57,27352620
2023-05-11,META,Meta Platforms,Communication Svcs.,162.07,26716845
2023-05-11,MSFT,Microsoft,Technology,271.8,38674929
2023-05-11,NFLX,Netflix,Communication Svcs.,312.85,5459106
2023-05-11,NVDA,NVIDIA,Technology,28.79,524862042
2023-05-11,ORCL,Oracle,Technology,103.48,13456279
2023-05-11,QCOM,Qualcomm,Technology,131.73,7590116
2023-05-11,TSLA,Tesla,Cons. Discretionary,200.52,85812195
2023-05-12,AAPL,Apple,Technology,146.26,75211636
2023-05-12,AMD,AMD,Technology,69.91,37115941
2023-05-12,AMZN,Amazon,Cons. Discretionary,159.54,38259077
2023-05-12,AVGO,Broadcom,Technology,64.63,21695777
2023-05-12,CRM,Salesforce,Technology,133.63,5325844
2023-05-12,GOOGL,Alphabet,Communication Svcs.,86.95,21066061
2023-05-12,IBM,IBM,Technology,149.33,3250596
2023-05-12,INTC,Intel,Technology,51.81,34272401
2023-05-12,META,Meta Platforms,Communication Svcs.,158.24,29510360
2023-05-12,MSFT,Microsoft,Technology,270.91,26186898
2023-05-12,NFLX,Netflix,Communication Svcs.,322.13,5240404
2023-05-12,NVDA,NVIDIA,Technology,27.76,352060388
2023-05-12,ORCL,Oracle,Technology,105.87,12962703
2023-05-12,QCOM,Qualcomm,Technology,128.21,9157910
2023-05-12,TSLA,Tesla,Cons. Discretionary,197.29,134833316
2023-05-15,AAPL,Apple,Technology,146.45,43719463
2023-05-15,AMD,AMD,Technology,69.88,49473737
2023-05-15,AMZN,Amazon,Cons. Discretionary,168.31,38692291
2023-05-15,AVGO,Broadcom,Technology,66.36,24871957
2023-05-15,CRM,Salesforce,Technology,134.55,5355307
2023-05-15,GOOGL,Alphabet,Communication Svcs.,86.38,19793052
2023-05-15,IBM,IBM,Technology,153.0,6630639
2023-05-15,INTC,Intel,Technology,49.71,24720460
2023-05-15,META,Meta Platforms,Communication Svcs.,160.77,19238039
2023-05-15,MSFT,Microsoft,Technology,271.2,27861186
2023-05-15,NFLX,Netflix,Communication Svcs.,317.91,5440883
2023-05-15,NVDA,NVIDIA,Technology,27.72,370715832
2023-05-15,ORCL,Oracle,Technology,107.98,10507674
2023-05-15,QCOM,Qualcomm,Technology,127.89,12811374
2023-05-15,TSLA,Tesla,Cons. Discretionary,207.59,137211986
2023-05-16,AAPL,Apple,Technology,147.24,45682755
2023-05-16,AMD,AMD,Technology,70.58,35719104
2023-05-16,AMZN,Amazon,Cons. Discretionary,162.77,81196032
2023-05-16,AVGO,Broadcom,Technology,67.66,28134457
2023-05-16,CRM,Salesforce,Technology,132.9,2581552
2023-05-16,GOOGL,Alphabet,Communication Svcs.,83.86,21924899
2023-05-16,IBM,IBM,Technology,154.08,3638066
2023-05-16,INTC,Intel,Technology,48.16,20547552
2023-05-16,META,Meta Platforms,Communication Svcs.,166.01,29447681
2023-05-16,MSFT,Microsoft,Technology,270.92,23243939
2023-05-16,NFLX,Netflix,Communication Svcs.,302.74,4345477
2023-05-16,NVDA,NVIDIA,Technology,28.55,467198285
2023-05-16,ORCL,Oracle,Technology,107.36,10024923
2023-05-16,QCOM,Qualcomm,Technology,127.5,9117738
2023-05-16,TSLA,Tesla,Cons. Discretionary,208.52,135821344
2023-05-17,AAPL,Apple,Technology,151.4,60691121
2023-05-17,AMD,AMD,Technology,68.52,32728906
2023-05-17,AMZN,Amazon,Cons. Discretionary,161.46,68367909
2023-05-17,AVGO,Broadcom,Technology,65.24,27865187
2023-05-17,CRM,Salesforce,Technology,135.15,3645720
2023-05-17,GOOGL,Alphabet,Communication Svcs.,84.8,11938706
2023-05-17,IBM,IBM,Technology,151.67,4790833
2023-05-17,INTC,Intel,Technology,47.38,31200357
2023-05-17,META,Meta Platforms,Communication Svcs.,168.03,13089537
2023-05-17,MSFT,Microsoft,Technology,272.29,37699212
2023-05-17,NFLX,Netflix,Communication Svcs.,299.46,5369003
2023-05-17,NVDA,NVIDIA,Technology,27.72,313974643
2023-05-17,ORCL,Oracle,Technology,107.69,8882239
2023-05-17,QCOM,Qualcomm,Technology,123.24,8576382
2023-05-17,TSLA,Tesla,Cons. Discretionary,212.13,120935016
2023-05-18,AAPL,Apple,Technology,150.9,52096455
2023-05-18,AMD,AMD,Technology,67.84,51572485
2023-05-18,AMZN,Amazon,Cons. Discretionary,159.27,41343989
2023-05-18,AVGO,Broadcom,Technology,65.54,28664670
2023-05-18,CRM,Salesforce,Technology,133.39,4333431
2023-05-18,GOOGL,Alphabet,Communication Svcs.,83.67,20884515
2023-05-18,IBM,IBM,Technology,151.44,4060546
2023-05-18,INTC,Intel,Technology,46.9,57604638
2023-05-18,META,Meta Platforms,Communication Svcs.,168.17,19698688
2023-05-18,MSFT,Microsoft,Technology,273.99,21581671
2023-05-18,NFLX,Netflix,Communication Svcs.,303.72,5119315
2023-05-18,NVDA,NVIDIA,Technology,27.28,418191199
2023-05-18,ORCL,Oracle,Technology,111.5,8289230
2023-05-18,QCOM,Qualcomm,Technology,123.35,8507955
2023-05-18,TSLA,Tesla,Cons. Discretionary,208.48,119095039
2023-05-19,AAPL,Apple,Technology,152.53,64928804
2023-05-19,AMD,AMD,Technology,68.79,54387846
2023-05-19,AMZN,Amazon,Cons. Discretionary,162.46,49760411
2023-05-19,AVGO,Broadcom,Technology,65.37,19008185
2023-05-19,CRM,Salesforce,Technology,132.36,4606656
2023-05-19,GOOGL,Alphabet,Communication Svcs.,83.76,22640338
2023-05-19,IBM,IBM,Technology,150.76,2712560
2023-05-19,INTC,Intel,Technology,47.76,26541875
2023-05-19,META,Meta Platforms,Communication Svcs.,175.66,27722569
2023-05-19,MSFT,Microsoft,Technology,277.02,15696451
2023-05-19,NFLX,Netflix,Communication Svcs.,304.2,2924132
2023-05-19,NVDA,NVIDIA,Technology,26.48,335573078
2023-05-19,ORCL,Oracle,Technology,110.59,8824190
2023-05-19,QCOM,Qualcomm,Technology,120.69,6054778
2023-05-19,TSLA,Tesla,Cons. Discretionary,208.81,92153598
2023-05-22,AAPL,Apple,Technology,152.34,62103066
2023-05-22,AMD,AMD,Technology,69.01,65970924
2023-05-22,AMZN,Amazon,Cons. Discretionary,160.02,44592902
2023-05-22,AVGO,Broadcom,Technology,65.34,28760174
2023-05-22,CRM,Salesforce,Technology,131.0,4941345
2023-05-22,GOOGL,Alphabet,Communication Svcs.,84.07,16059322
2023-05-22,IBM,IBM,Technology,149.3,4466743
2023-05-22,INTC,Intel,Technology,46.36,20189252
2023-05-22,META,Meta Platforms,Communication Svcs.,180.31,13326379
2023-05-22,MSFT,Microsoft,Technology,277.73,33536120
2023-05-22,NFLX,Netflix,Communication Svcs.,319.46,5173742
2023-05-22,NVDA,NVIDIA,Technology,26.05,562045171
2023-05-22,ORCL,Oracle,Technology,111.97,10186227
2023-05-22,QCOM,Qualcomm,Technology,123.36,7356740
2023-05-22,TSLA,Tesla,Cons. Discretionary,211.97,157424180
2023-05-23,AAPL,Apple,Technology,151.46,35915143
2023-05-23,AMD,AMD,Technology,70.4,58855482
2023-05-23,AMZN,Amazon,Cons. Discretionary,159.47,65082861
2023-05-23,AVGO,Broadcom,Technology,68.13,22835713
2023-05-23,CRM,Salesforce,Technology,134.91,4400949
2023-05-23,GOOGL,Alphabet,Communication Svcs.,86.8,27371383
2023-05-23,IBM,IBM,Technology,153.93,3516587
2023-05-23,INTC,Intel,Technology,47.79,26895386
2023-05-23,META,Meta Platforms,Communication Svcs.,184.39,14169272
2023-05-23,MSFT,Microsoft,Technology,279.55,20866914
2023-05-23,NFLX,Netflix,Communication Svcs.,320.27,4938843
2023-05-23,NVDA,NVIDIA,Technology,25.56,323189154
2023-05-23,ORCL,Oracle,Technology,111.83,5983253
2023-05-23,QCOM,Qualcomm,Technology,123.25,9093159
2023-05-23,TSLA,Tesla,Cons. Discretionary,203.49,76489187
2023-05-24,AAPL,Apple,Technology,149.14,48842077
2023-05-24,AMD,AMD,Technology,70.11,37532187
2023-05-24,AMZN,Amazon,Cons. Discretionary,160.22,51832575
2023-05-24,AVGO,Broadcom,Technology,71.5,19341341
2023-05-24,CRM,Salesforce,Technology,138.4,4720419
2023-05-24,GOOGL,Alphabet,Communication Svcs.,86.34,37662331
2023-05-24,IBM,IBM,Technology,153.59,4001691
2023-05-24,INTC,Intel,Technology,48.01,43694019
2023-05-24,META,Meta Platforms,Communication Svcs.,187.79,16402702
2023-05-24,MSFT,Microsoft,Technology,278.45,38353871
2023-05-24,NFLX,Netflix,Communication Svcs.,324.2,4184731
2023-05-24,NVDA,NVIDIA,Technology,24.76,309567209
2023-05-24,ORCL,Oracle,Technology,110.65,7205826
2023-05-24,QCOM,Qualcomm,Technology,124.0,8654719
2023-05-24,TSLA,Tesla,Cons. Discretionary,211.9,97692312
2023-05-25,AAPL,Apple,Technology,147.16,69595536
2023-05-25,AMD,AMD,Technology,72.98,77501601
2023-05-25,AMZN,Amazon,Cons. Discretionary,159.99,49198597
2023-05-25,AVGO,Broadcom,Technology,74.26,22193159
2023-05-25,CRM,Salesforce,Technology,141.28,4038206
2023-05-25,GOOGL,Alphabet,Communication Svcs.,87.58,17309885
2023-05-25,IBM,IBM,Technology,156.43,2888995
2023-05-25,INTC,Intel,Technology,47.46,28352085
2023-05-25,META,Meta Platforms,Communication Svcs.,188.97,21948903
2023-05-25,MSFT,Microsoft,Technology,282.48,44474474
2023-05-25,NFLX,Netflix,Communication Svcs.,331.83,4626536
2023-05-25,NVDA,NVIDIA,Technology,24.4,575588936
2023-05-25,ORCL,Oracle,Technology,109.92,9545130
2023-05-25,QCOM,Qualcomm,Technology,123.01,8482671
2023-05-25,TSLA,Tesla,Cons. Discretionary,212.33,110439921
2023-05-26,AAPL,Apple,Technology,147.44,60855041
2023-05-26,AMD,AMD,Technology,72.63,58626072
2023-05-26,AMZN,Amazon,Cons. Discretionary,155.32,64990550
2023-05-26,AVGO,Broadcom,Technology,76.44,21523916
2023-05-26,CRM,Salesforce,Technology,137.49,6189090
2023-05-26,GOOGL,Alphabet,Communication Svcs.,89.1,17012103
2023-05-26,IBM,IBM,Technology,156.25,2120691
2023-05-26,INTC,Intel,Technology,48.39,46131755
2023-05-26,META,Meta Platforms,Communication Svcs.,188.03,20805885
2023-05-26,MSFT,Microsoft,Technology,278.41,20789404
2023-05-26,NFLX,Netflix,Communication Svcs.,338.6,4372258
2023-05-26,NVDA,NVIDIA,Technology,24.14,498996394
2023-05-26,ORCL,Oracle,Technology,109.73,7446479
2023-05-26,QCOM,Qualcomm,Technology,125.98,9483498
2023-05-26,TSLA,Tesla,Cons. Discretionary,230.22,96809308
2023-05-29,AAPL,Apple,Technology,143.97,71601787
2023-05-29,AMD,AMD,Technology,71.72,50532520
2023-05-29,AMZN,Amazon,Cons. Discretionary,162.55,48393601
2023-05-29,AVGO,Broadcom,Technology,74.91,19013548
2023-05-29,CRM,Salesforce,Technology,135.86,3608036
2023-05-29,GOOGL,Alphabet,Communication Svcs.,92.66,20334404
2023-05-29,IBM,IBM,Technology,155.61,3546140
2023-05-29,INTC,Intel,Technology,48.59,47051506
2023-05-29,META,Meta Platforms,Communication Svcs.,193.91,16867116
2023-05-29,MSFT,Microsoft,Technology,275.01,19947378
2023-05-29,NFLX,Netflix,Communication Svcs.,333.67,4157393
2023-05-29,NVDA,NVIDIA,Technology,23.52,356377545
2023-05-29,ORCL,Oracle,Technology,107.02,10105757
2023-05-29,QCOM,Qualcomm,Technology,128.18,8694059
2023-05-29,TSLA,Tesla,Cons. Discretionary,234.41,100735601
2023-05-30,AAPL,Apple,Technology,143.07,54446848
2023-05-30,AMD,AMD,Technology,70.32,55296872
2023-05-30,AMZN,Amazon,Cons. Discretionary,170.77,67391590
2023-05-30,AVGO,Broadcom,Technology,72.43,19371897
2023-05-30,CRM,Salesforce,Technology,133.7,6362782
2023-05-30,GOOGL,Alphabet,Communication Svcs.,93.52,25520749
2023-05-30,IBM,IBM,Technology,157.19,6295450
2023-05-30,INTC,Intel,Technology,48.48,47937433
2023-05-30,META,Meta Platforms,Communication Svcs.,191.84,19255409
2023-05-30,MSFT,Microsoft,Technology,272.45,30773211
2023-05-30,NFLX,Netflix,Communication Svcs.,337.56,4712779
2023-05-30,NVDA,NVIDIA,Technology,23.52,350162978
2023-05-30,ORCL,Oracle,Technology,106.89,10830497
2023-05-30,QCOM,Qualcomm,Technology,128.66,7108113
2023-05-30,TSLA,Tesla,Cons. Discretionary,250.34,73617963
2023-05-31,AAPL,Apple,Technology,146.72,45379763
2023-05-31,AMD,AMD,Technology,68.38,50387845
2023-05-31,AMZN,Amazon,Cons. Discretionary,168.43,31016135
2023-05-31,AVGO,Broadcom,Technology,73.13,20426377
2023-05-31,CRM,Salesforce,Technology,138.25,5575212
2023-05-31,GOOGL,Alphabet,Communication Svcs.,93.29,30796592
2023-05-31,IBM,IBM,Technology,158.66,3564585
2023-05-31,INTC,Intel,Technology,48.57,33051140
2023-05-31,META,Meta Platforms,Communication Svcs.,191.89,16033035
2023-05-31,MSFT,Microsoft,Technology,272.16,32015516
2023-05-31,NFLX,Netflix,Communication Svcs.,336.94,4170239
2023-05-31,NVDA,NVIDIA,Technology,23.1,648687745
2023-05-31,ORCL,Oracle,Technology,104.64,8100181
2023-05-31,QCOM,Qualcomm,Technology,125.53,8093703
2023-05-31,TSLA,Tesla,Cons. Discretionary,243.7,150657511
2023-06-01,AAPL,Apple,Technology,150.62,38979152
2023-06-01,AMD,AMD,Technology,68.9,46757086
2023-06-01,AMZN,Amazon,Cons. Discretionary,167.59,45198552
2023-06-01,AVGO,Broadcom,Technology,72.62,25421438
2023-06-01,CRM,Salesforce,Technology,136.93,6966215
2023-06-01,GOOGL,Alphabet,Communication Svcs.,93.79,23235684
2023-06-01,IBM,IBM,Technology,161.69,5404982
2023-06-01,INTC,Intel,Technology,49.13,28743520
2023-06-01,META,Meta Platforms,Communication Svcs.,190.23,34221028
2023-06-01,MSFT,Microsoft,Technology,279.19,33806333
2023-06-01,NFLX,Netflix,Communication Svcs.,340.48,6401239
2023-06-01,NVDA,NVIDIA,Technology,23.73,338087912
2023-06-01,ORCL,Oracle,Technology,101.73,9722356
2023-06-01,QCOM,Qualcomm,Technology,126.57,6637495
2023-06-01,TSLA,Tesla,Cons. Discretionary,236.05,65265531
2023-06-02,AAPL,Apple,Technology,145.68,58151840
2023-06-02,AMD,AMD,Technology,69.2,35885140
2023-06-02,AMZN,Amazon,Cons. Discretionary,166.93,40011550
2023-06-02,AVGO,Broadcom,Technology,74.47,10502351
2023-06-02,CRM,Salesforce,Technology,138.75,5687348
2023-06-02,GOOGL,Alphabet,Communication Svcs.,93.0,16296658
2023-06-02,IBM,IBM,Technology,159.73,4886380
2023-06-02,INTC,Intel,Technology,48.67,24902252
2023-06-02,META,Meta Platforms,Communication Svcs.,197.57,16636641
2023-06-02,MSFT,Microsoft,Technology,277.14,35989528
2023-06-02,NFLX,Netflix,Communication Svcs.,342.64,4758745
2023-06-02,NVDA,NVIDIA,Technology,23.86,291525058
2023-06-02,ORCL,Oracle,Technology,99.54,12058173
2023-06-02,QCOM,Qualcomm,Technology,127.98,8284661
2023-06-02,TSLA,Tesla,Cons. Discretionary,234.96,72104415
2023-06-05,AAPL,Apple,Technology,147.09,73062576
2023-06-05,AMD,AMD,Technology,68.1,53677654
2023-06-05,AMZN,Amazon,Cons. Discretionary,174.77,67895341
2023-06-05,AVGO,Broadcom,Technology,74.22,19521409
2023-06-05,CRM,Salesforce,Technology,142.72,3357981
2023-06-05,GOOGL,Alphabet,Communication Svcs.,95.52,19753972
2023-06-05,IBM,IBM,Technology,159.9,3299613
2023-06-05,INTC,Intel,Technology,50.49,34366459
2023-06-05,META,Meta Platforms,Communication Svcs.,205.71,14030326
2023-06-05,MSFT,Microsoft,Technology,278.61,24614241
2023-06-05,NFLX,Netflix,Communication Svcs.,340.6,5487439
2023-06-05,NVDA,NVIDIA,Technology,24.93,371156066
2023-06-05,ORCL,Oracle,Technology,98.41,12617278
2023-06-05,QCOM,Qualcomm,Technology,125.53,10326340
2023-06-05,TSLA,Tesla,Cons. Discretionary,235.84,138032458
2023-06-06,AAPL,Apple,Technology,145.16,93866312
2023-06-06,AMD,AMD,Technology,71.24,57507291
2023-06-06,AMZN,Amazon,Cons. Discretionary,171.43,42957252
2023-06-06,AVGO,Broadcom,Technology,77.15,21672028
2023-06-06,CRM,Salesforce,Technology,146.18,8080059
2023-06-06,GOOGL,Alphabet,Communication Svcs.,93.97,33073476
2023-06-06,IBM,IBM,Technology,159.53,3578310
2023-06-06,INTC,Intel,Technology,49.76,30955444
2023-06-06,META,Meta Platforms,Communication Svcs.,203.4,16446277
2023-06-06,MSFT,Microsoft,Technology,286.98,28888689
2023-06-06,NFLX,Netflix,Communication Svcs.,333.73,3946560
2023-06-06,NVDA,NVIDIA,Technology,25.32,473392855
2023-06-06,ORCL,Oracle,Technology,98.79,9791710
2023-06-06,QCOM,Qualcomm,Technology,123.66,8542077
2023-06-06,TSLA,Tesla,Cons. Discretionary,231.96,55483477
2023-06-07,AAPL,Apple,Technology,144.13,47681908
2023-06-07,AMD,AMD,Technology,73.94,71369476
2023-06-07,AMZN,Amazon,Cons. Discretionary,173.5,57750872
2023-06-07,AVGO,Broadcom,Technology,77.2,21291846
2023-06-07,CRM,Salesforce,Technology,149.66,3800460
2023-06-07,GOOGL,Alphabet,Communication Svcs.,94.03,23547991
2023-06-07,IBM,IBM,Technology,161.16,4757331
2023-06-07,INTC,Intel,Technology,49.66,36968395
2023-06-07,META,Meta Platforms,Communication Svcs.,197.21,20298489
2023-06-07,MSFT,Microsoft,Technology,285.01,22225121
2023-06-07,NFLX,Netflix,Communication Svcs.,332.49,7200470
2023-06-07,NVDA,NVIDIA,Technology,25.61,462391306
2023-06-07,ORCL,Oracle,Technology,98.34,9054901
2023-06-07,QCOM,Qualcomm,Technology,121.91,6724107
2023-06-07,TSLA,Tesla,Cons. Discretionary,216.59,134551173
2023-06-08,AAPL,Apple,Technology,147.45,46221044
2023-06-08,AMD,AMD,Technology,71.39,69212826
2023-06-08,AMZN,Amazon,Cons. Discretionary,173.5,69640120
2023-06-08,AVGO,Broadcom,Technology,78.04,14744966
2023-06-08,CRM,Salesforce,Technology,148.05,4258574
2023-06-08,GOOGL,Alphabet,Communication Svcs.,94.81,15048405
2023-06-08,IBM,IBM,Technology,159.97,3161163
2023-06-08,INTC,Intel,Technology,50.27,43711143
2023-06-08,META,Meta Platforms,Communication Svcs.,192.85,18839505
2023-06-08,MSFT,Microsoft,Technology,284.84,22117106
2023-06-08,NFLX,Netflix,Communication Svcs.,331.2,4024833
2023-06-08,NVDA,NVIDIA,Technology,25.21,322794611
2023-06-08,ORCL,Oracle,Technology,99.86,8798733
2023-06-08,QCOM,Qualcomm,Technology,120.05,7652630
2023-06-08,TSLA,Tesla,Cons. Discretionary,227.45,89272287
2023-06-09,AAPL,Apple,Technology,148.26,66752269
2023-06-09,AMD,AMD,Technology,71.23,49311826
2023-06-09,AMZN,Amazon,Cons. Discretionary,176.49,56413222
2023-06-09,AVGO,Broadcom,Technology,78.71,14059193
2023-06-09,CRM,Salesforce,Technology,146.76,5751995
2023-06-09,GOOGL,Alphabet,Communication Svcs.,94.53,19932983
2023-06-09,IBM,IBM,Technology,159.28,2641049
2023-06-09,INTC,Intel,Technology,48.99,32183676
2023-06-09,META,Meta Platforms,Communication Svcs.,198.69,19649210
2023-06-09,MSFT,Microsoft,Technology,279.85,21668127
2023-06-09,NFLX,Netflix,Communication Svcs.,347.92,4208671
2023-06-09,NVDA,NVIDIA,Technology,25.22,283892741
2023-06-09,ORCL,Oracle,Technology,98.99,9383672
2023-06-09,QCOM,Qualcomm,Technology,120.49,8160149
2023-06-09,TSLA,Tesla,Cons. Discretionary,228.91,101033053
2023-06-12,AAPL,Apple,Technology,148.55,54300598
2023-06-12,AMD,AMD,Technology,74.02,40434035
2023-06-12,AMZN,Amazon,Cons. Discretionary,172.96,45268624
2023-06-12,AVGO,Broadcom,Technology,77.48,20787869
2023-06-12,CRM,Salesforce,Technology,141.94,3374371
2023-06-12,GOOGL,Alphabet,Communication Svcs.,94.08,18984959
2023-06-12,IBM,IBM,Technology,160.09,5504923
2023-06-12,INTC,Intel,Technology,49.39,52299154
2023-06-12,META,Meta Platforms,Communication Svcs.,200.67,21582516
2023-06-12,MSFT,Microsoft,Technology,279.37,20975733
2023-06-12,NFLX,Netflix,Communication Svcs.,341.37,6182793
2023-06-12,NVDA,NVIDIA,Technology,25.55,480573489
2023-06-12,ORCL,Oracle,Technology,96.96,6438967
2023-06-12,QCOM,Qualcomm,Technology,120.04,8034580
2023-06-12,TSLA,Tesla,Cons. Discretionary,236.2,58993979
2023-06-13,AAPL,Apple,Technology,146.35,49061039
2023-06-13,AMD,AMD,Technology,77.59,80709076
2023-06-13,AMZN,Amazon,Cons. Discretionary,170.37,41291995
2023-06-13,AVGO,Broadcom,Technology,79.77,25746580
2023-06-13,CRM,Salesforce,Technology,141.72,4365752
2023-06-13,GOOGL,Alphabet,Communication Svcs.,93.83,27623554
2023-06-13,IBM,IBM,Technology,159.53,4607249
2023-06-13,INTC,Intel,Technology,50.45,46566240
2023-06-13,META,Meta Platforms,Communication Svcs.,203.14,19318037
2023-06-13,MSFT,Microsoft,Technology,284.34,15825521
2023-06-13,NFLX,Netflix,Communication Svcs.,342.87,4436724
2023-06-13,NVDA,NVIDIA,Technology,26.34,467919946
2023-06-13,ORCL,Oracle,Technology,97.44,8795455
2023-06-13,QCOM,Qualcomm,Technology,117.24,8238083
2023-06-13,TSLA,Tesla,Cons. Discretionary,233.13,103156039
2023-06-14,AAPL,Apple,Technology,151.8,64360393
2023-06-14,AMD,AMD,Technology,74.29,34467078
2023-06-14,AMZN,Amazon,Cons. Discretionary,169.69,76515533
2023-06-14,AVGO,Broadcom,Technology,80.28,14678916
2023-06-14,CRM,Salesforce,Technology,143.54,4111419
2023-06-14,GOOGL,Alphabet,Communication Svcs.,93.98,33040923
2023-06-14,IBM,IBM,Technology,159.27,2495116
2023-06-14,INTC,Intel,Technology,50.82,33462366
2023-06-14,META,Meta Platforms,Communication Svcs.,198.71,25333166
2023-06-14,MSFT,Microsoft,Technology,280.18,24265781
2023-06-14,NFLX,Netflix,Communication Svcs.,344.3,6890948
2023-06-14,NVDA,NVIDIA,Technology,26.55,256103374
2023-06-14,ORCL,Oracle,Technology,98.51,10097161
2023-06-14,QCOM,Qualcomm,Technology,116.72,11026847
2023-06-14,TSLA,Tesla,Cons. Discretionary,233.6,70971919
2023-06-15,AAPL,Apple,Technology,152.85,60531421
2023-06-15,AMD,AMD,Technology,72.7,63041651
2023-06-15,AMZN,Amazon,Cons. Discretionary,166.6,47532583
2023-06-15,AVGO,Broadcom,Technology,79.87,21082351
2023-06-15,CRM,Salesforce,Technology,141.18,5341130
2023-06-15,GOOGL,Alphabet,Communication Svcs.,97.04,54707944
2023-06-15,IBM,IBM,Technology,159.72,2558743
2023-06-15,INTC,Intel,Technology,50.36,34126816
2023-06-15,META,Meta Platforms,Communication Svcs.,196.9,15858052
2023-06-15,MSFT,Microsoft,Technology,282.1,28773758
2023-06-15,NFLX,Netflix,Communication Svcs.,332.62,6758115
2023-06-15,NVDA,NVIDIA,Technology,26.5,587148489
2023-06-15,ORCL,Oracle,Technology,97.81,8472872
2023-06-15,QCOM,Qualcomm,Technology,118.48,7375701
2023-06-15,TSLA,Tesla,Cons. Discretionary,222.48,74805175
2023-06-16,AAPL,Apple,Technology,149.03,80222366
2023-06-16,AMD,AMD,Technology,71.96,35503153
2023-06-16,AMZN,Amazon,Cons. Discretionary,169.38,56452185
2023-06-16,AVGO,Broadcom,Technology,81.24,13731884
2023-06-16,CRM,Salesforce,Technology,139.71,4605935
2023-06-16,GOOGL,Alphabet,Communication Svcs.,94.79,36869610
2023-06-16,IBM,IBM,Technology,161.73,6107500
2023-06-16,INTC,Intel,Technology,50.27,44740056
2023-06-16,META,Meta Platforms,Communication Svcs.,208.14,20821581
2023-06-16,MSFT,Microsoft,Technology,285.38,18744875
2023-06-16,NFLX,Netflix,Communication Svcs.,345.77,6599521
2023-06-16,NVDA,NVIDIA,Technology,27.1,437474440
2023-06-16,ORCL,Oracle,Technology,95.83,10879520
2023-06-16,QCOM,Qualcomm,Technology,117.91,9940119
2023-06-16,TSLA,Tesla,Cons. Discretionary,219.14,105022996
2023-06-19,AAPL,Apple,Technology,145.71,85692302
2023-06-19,AMD,AMD,Technology,74.2,37338738
2023-06-19,AMZN,Amazon,Cons. Discretionary,171.49,56786337
2023-06-19,AVGO,Broadcom,Technology,82.33,9009977
2023-06-19,CRM,Salesforce,Technology,141.52,5499056
2023-06-19,GOOGL,Alphabet,Communication Svcs.,95.57,28658607
2023-06-19,IBM,IBM,Technology,160.7,5187520
2023-06-19,INTC,Intel,Technology,50.51,33833738
2023-06-19,META,Meta Platforms,Communication Svcs.,206.74,20846138
2023-06-19,MSFT,Microsoft,Technology,287.59,25823120
2023-06-19,NFLX,Netflix,Communication Svcs.,351.94,4240067
2023-06-19,NVDA,NVIDIA,Technology,27.07,533784159
2023-06-19,ORCL,Oracle,Technology,95.54,11305913
2023-06-19,QCOM,Qualcomm,Technology,117.18,10621823
2023-06-19,TSLA,Tesla,Cons. Discretionary,228.05,74955540
2023-06-20,AAPL,Apple,Technology,146.96,55972065
2023-06-20,AMD,AMD,Technology,70.46,57240155
2023-06-20,AMZN,Amazon,Cons. Discretionary,164.59,42091907
2023-06-20,AVGO,Broadcom,Technology,80.46,15230470
2023-06-20,CRM,Salesforce,Technology,143.18,3933303
2023-06-20,GOOGL,Alphabet,Communication Svcs.,92.8,27014797
2023-06-20,IBM,IBM,Technology,162.15,4850507
2023-06-20,INTC,Intel,Technology,49.22,47115696
2023-06-20,META,Meta Platforms,Communication Svcs.,209.05,22915477
2023-06-20,MSFT,Microsoft,Technology,283.21,17688681
2023-06-20,NFLX,Netflix,Communication Svcs.,350.15,4042740
2023-06-20,NVDA,NVIDIA,Technology,28.07,498021496
2023-06-20,ORCL,Oracle,Technology,96.23,7254085
2023-06-20,QCOM,Qualcomm,Technology,118.62,6064880
2023-06-20,TSLA,Tesla,Cons. Discretionary,239.52,94928652
2023-06-21,AAPL,Apple,Technology,144.83,127115355
2023-06-21,AMD,AMD,Technology,69.47,44055235
2023-06-21,AMZN,Amazon,Cons. Discretionary,164.76,41726881
2023-06-21,AVGO,Broadcom,Technology,77.13,15174694
2023-06-21,CRM,Salesforce,Technology,147.8,4510391
2023-06-21,GOOGL,Alphabet,Communication Svcs.,94.12,24507521
2023-06-21,IBM,IBM,Technology,160.45,5033305
2023-06-21,INTC,Intel,Technology,48.42,32238828
2023-06-21,META,Meta Platforms,Communication Svcs.,209.85,19644693
2023-06-21,MSFT,Microsoft,Technology,284.11,41812119
2023-06-21,NFLX,Netflix,Communication Svcs.,353.84,3361004
2023-06-21,NVDA,NVIDIA,Technology,28.68,363912464
2023-06-21,ORCL,Oracle,Technology,96.43,7110964
2023-06-21,QCOM,Qualcomm,Technology,122.39,13241634
2023-06-21,TSLA,Tesla,Cons. Discretionary,235.51,127483392
2023-06-22,AAPL,Apple,Technology,144.27,61302749
2023-06-22,AMD,AMD,Technology,71.27,46139554
2023-06-22,AMZN,Amazon,Cons. Discretionary,166.41,54172194
2023-06-22,AVGO,Broadcom,Technology,76.1,11303318
2023-06-22,CRM,Salesforce,Technology,149.05,4949510
2023-06-22,GOOGL,Alphabet,Communication Svcs.,93.34,22092138
2023-06-22,IBM,IBM,Technology,158.51,3788746
2023-06-22,INTC,Intel,Technology,51.28,23099500
2023-06-22,META,Meta Platforms,Communication Svcs.,219.35,22413390
2023-06-22,MSFT,Microsoft,Technology,288.15,39437017
2023-06-22,NFLX,Netflix,Communication Svcs.,363.65,5137311
2023-06-22,NVDA,NVIDIA,Technology,28.99,555863064
2023-06-22,ORCL,Oracle,Technology,97.79,5690615
2023-06-22,QCOM,Qualcomm,Technology,120.52,9773057
2023-06-22,TSLA,Tesla,Cons. Discretionary,232.38,90010759
2023-06-23,AAPL,Apple,Technology,143.51,68831708
2023-06-23,AMD,AMD,Technology,71.51,40614017
2023-06-23,AMZN,Amazon,Cons. Discretionary,164.03,50588673
2023-06-23,AVGO,Broadcom,Technology,76.96,28230285
2023-06-23,CRM,Salesforce,Technology,146.9,5411582
2023-06-23,GOOGL,Alphabet,Communication Svcs.,91.31,29681947
2023-06-23,IBM,IBM,Technology,160.36,4521975
2023-06-23,INTC,Intel,Technology,53.04,41021192
2023-06-23,META,Meta Platforms,Communication Svcs.,218.87,16145483
2023-06-23,MSFT,Microsoft,Technology,289.03,19890599
2023-06-23,NFLX,Netflix,Communication Svcs.,362.55,5388366
2023-06-23,NVDA,NVIDIA,Technology,29.42,813032593
2023-06-23,ORCL,Oracle,Technology,97.12,13052853
2023-06-23,QCOM,Qualcomm,Technology,120.76,5460937
2023-06-23,TSLA,Tesla,Cons. Discretionary,224.04,99715921
2023-06-26,AAPL,Apple,Technology,145.72,55465283
2023-06-26,AMD,AMD,Technology,73.67,47404577
2023-06-26,AMZN,Amazon,Cons. Discretionary,169.88,52693500
2023-06-26,AVGO,Broadcom,Technology,78.18,25883703
2023-06-26,CRM,Salesforce,Technology,148.95,5712253
2023-06-26,GOOGL,Alphabet,Communication Svcs.,92.78,31432961
2023-06-26,IBM,IBM,Technology,163.68,4823271
2023-06-26,INTC,Intel,Technology,54.12,49789416
2023-06-26,META,Meta Platforms,Communication Svcs.,231.77,27590112
2023-06-26,MSFT,Microsoft,Technology,299.67,25338390
2023-06-26,NFLX,Netflix,Communication Svcs.,369.7,10130584
2023-06-26,NVDA,NVIDIA,Technology,28.44,579680376
2023-06-26,ORCL,Oracle,Technology,99.17,9900742
2023-06-26,QCOM,Qualcomm,Technology,119.86,5946485
2023-06-26,TSLA,Tesla,Cons. Discretionary,226.0,95170940
2023-06-27,AAPL,Apple,Technology,145.76,49013195
2023-06-27,AMD,AMD,Technology,78.19,42116790
2023-06-27,AMZN,Amazon,Cons. Discretionary,172.48,38127171
2023-06-27,AVGO,Broadcom,Technology,77.1,19793436
2023-06-27,CRM,Salesforce,Technology,146.28,5121225
2023-06-27,GOOGL,Alphabet,Communication Svcs.,90.83,29976787
2023-06-27,IBM,IBM,Technology,165.07,2927122
2023-06-27,INTC,Intel,Technology,54.14,39870640
2023-06-27,META,Meta Platforms,Communication Svcs.,230.38,18283098
2023-06-27,MSFT,Microsoft,Technology,298.58,18368123
2023-06-27,NFLX,Netflix,Communication Svcs.,374.88,4944491
2023-06-27,NVDA,NVIDIA,Technology,27.95,633724403
2023-06-27,ORCL,Oracle,Technology,100.08,10692528
2023-06-27,QCOM,Qualcomm,Technology,117.59,13623233
2023-06-27,TSLA,Tesla,Cons. Discretionary,224.35,70990690
2023-06-28,AAPL,Apple,Technology,144.97,62916624
2023-06-28,AMD,AMD,Technology,78.09,41814667
2023-06-28,AMZN,Amazon,Cons. Discretionary,168.66,40159899
2023-06-28,AVGO,Broadcom,Technology,74.89,19263691
2023-06-28,CRM,Salesforce,Technology,143.57,4269719
2023-06-28,GOOGL,Alphabet,Communication Svcs.,90.55,25688307
2023-06-28,IBM,IBM,Technology,163.75,4497868
2023-06-28,INTC,Intel,Technology,55.37,31928756
2023-06-28,META,Meta Platforms,Communication Svcs.,237.0,19156423
2023-06-28,MSFT,Microsoft,Technology,297.53,19891044
2023-06-28,NFLX,Netflix,Communication Svcs.,381.36,4906468
2023-06-28,NVDA,NVIDIA,Technology,28.62,617780757
2023-06-28,ORCL,Oracle,Technology,102.05,9070630
2023-06-28,QCOM,Qualcomm,Technology,121.84,6625733
2023-06-28,TSLA,Tesla,Cons. Discretionary,223.9,148787444
2023-06-29,AAPL,Apple,Technology,146.58,50216894
2023-06-29,AMD,AMD,Technology,75.59,62127884
2023-06-29,AMZN,Amazon,Cons. Discretionary,171.67,57376430
2023-06-29,AVGO,Broadcom,Technology,74.72,19436704
2023-06-29,CRM,Salesforce,Technology,141.68,5140690
2023-06-29,GOOGL,Alphabet,Communication Svcs.,88.01,22417240
2023-06-29,IBM,IBM,Technology,165.54,4501106
2023-06-29,INTC,Intel,Technology,56.06,20598860
2023-06-29,META,Meta Platforms,Communication Svcs.,244.41,28473299
2023-06-29,MSFT,Microsoft,Technology,291.44,29120254
2023-06-29,NFLX,Netflix,Communication Svcs.,377.81,5080194
2023-06-29,NVDA,NVIDIA,Technology,28.59,393627300
2023-06-29,ORCL,Oracle,Technology,102.38,12507824
2023-06-29,QCOM,Qualcomm,Technology,125.77,6244071
2023-06-29,TSLA,Tesla,Cons. Discretionary,222.39,90195310
2023-06-30,AAPL,Apple,Technology,148.34,60669096
2023-06-30,AMD,AMD,Technology,80.74,53120059
2023-06-30,AMZN,Amazon,Cons. Discretionary,170.21,37344838
2023-06-30,AVGO,Broadcom,Technology,74.47,15992902
2023-06-30,CRM,Salesforce,Technology,138.98,7108998
2023-06-30,GOOGL,Alphabet,Communication Svcs.,86.9,24492294
2023-06-30,IBM,IBM,Technology,165.94,5584376
2023-06-30,INTC,Intel,Technology,55.32,34239375
2023-06-30,META,Meta Platforms,Communication Svcs.,236.77,12290944
2023-06-30,MSFT,Microsoft,Technology,286.3,28413070
2023-06-30,NFLX,Netflix,Communication Svcs.,378.45,5507449
2023-06-30,NVDA,NVIDIA,Technology,28.36,513924217
2023-06-30,ORCL,Oracle,Technology,103.53,11346828
2023-06-30,QCOM,Qualcomm,Technology,123.17,7076584
2023-06-30,TSLA,Tesla,Cons. Discretionary,215.85,99541564
2023-07-03,AAPL,Apple,Technology,152.62,82638972
2023-07-03,AMD,AMD,Technology,80.51,53371825
2023-07-03,AMZN,Amazon,Cons. Discretionary,176.18,62848494
2023-07-03,AVGO,Broadcom,Technology,78.63,25532855
2023-07-03,CRM,Salesforce,Technology,138.12,3038992
2023-07-03,GOOGL,Alphabet,Communication Svcs.,87.92,32079277
2023-07-03,IBM,IBM,Technology,164.59,2664532
2023-07-03,INTC,Intel,Technology,55.29,42335097
2023-07-03,META,Meta Platforms,Communication Svcs.,230.27,16998480
2023-07-03,MSFT,Microsoft,Technology,288.6,28084133
2023-07-03,NFLX,Netflix,Communication Svcs.,386.39,4855127
2023-07-03,NVDA,NVIDIA,Technology,29.29,414853153
2023-07-03,ORCL,Oracle,Technology,102.9,12722638
2023-07-03,QCOM,Qualcomm,Technology,121.29,10022224
2023-07-03,TSLA,Tesla,Cons. Discretionary,215.9,121709180
2023-07-04,AAPL,Apple,Technology,152.34,59605069
2023-07-04,AMD,AMD,Technology,76.16,57057887
2023-07-04,AMZN,Amazon,Cons. Discretionary,177.01,37404424
2023-07-04,AVGO,Broadcom,Technology,78.67,24054887
2023-07-04,CRM,Salesforce,Technology,137.14,8327786
2023-07-04,GOOGL,Alphabet,Communication Svcs.,85.67,18204547
2023-07-04,IBM,IBM,Technology,166.84,3994407
2023-07-04,INTC,Intel,Technology,53.92,58436709
2023-07-04,META,Meta Platforms,Communication Svcs.,235.13,14345535
2023-07-04,MSFT,Microsoft,Technology,276.15,27078684
2023-07-04,NFLX,Netflix,Communication Svcs.,390.03,4767372
2023-07-04,NVDA,NVIDIA,Technology,29.52,425652361
2023-07-04,ORCL,Oracle,Technology,105.28,8179917
2023-07-04,QCOM,Qualcomm,Technology,118.53,7296583
2023-07-04,TSLA,Tesla,Cons. Discretionary,220.15,72717230
2023-07-05,AAPL,Apple,Technology,148.14,47756592
2023-07-05,AMD,AMD,Technology,80.17,38451382
2023-07-05,AMZN,Amazon,Cons. Discretionary,177.12,52830628
2023-07-05,AVGO,Broadcom,Technology,77.02,18106692
2023-07-05,CRM,Salesforce,Technology,136.09,4430648
2023-07-05,GOOGL,Alphabet,Communication Svcs.,85.39,16167944
2023-07-05,IBM,IBM,Technology,164.28,3559924
2023-07-05,INTC,Intel,Technology,53.6,60006988
2023-07-05,META,Meta Platforms,Communication Svcs.,232.64,37120631
2023-07-05,MSFT,Microsoft,Technology,279.0,27477491
2023-07-05,NFLX,Netflix,Communication Svcs.,374.92,5007926
2023-07-05,NVDA,NVIDIA,Technology,29.14,611269669
2023-07-05,ORCL,Oracle,Technology,102.54,9275480
2023-07-05,QCOM,Qualcomm,Technology,119.18,5917735
2023-07-05,TSLA,Tesla,Cons. Discretionary,212.71,73827330
2023-07-06,AAPL,Apple,Technology,149.59,58885996
2023-07-06,AMD,AMD,Technology,80.2,48729750
2023-07-06,AMZN,Amazon,Cons. Discretionary,174.19,81085289
2023-07-06,AVGO,Broadcom,Technology,76.95,15818773
2023-07-06,CRM,Salesforce,Technology,140.99,12308514
2023-07-06,GOOGL,Alphabet,Communication Svcs.,86.22,32294129
2023-07-06,IBM,IBM,Technology,164.22,5519268
2023-07-06,INTC,Intel,Technology,54.55,34182886
2023-07-06,META,Meta Platforms,Communication Svcs.,234.67,21522414
2023-07-06,MSFT,Microsoft,Technology,282.05,15334120
2023-07-06,NFLX,Netflix,Communication Svcs.,389.61,4865121
2023-07-06,NVDA,NVIDIA,Technology,29.63,455518183
2023-07-06,ORCL,Oracle,Technology,102.25,8050929
2023-07-06,QCOM,Qualcomm,Technology,121.28,8233078
2023-07-06,TSLA,Tesla,Cons. Discretionary,214.03,81401967
2023-07-07,AAPL,Apple,Technology,151.3,69032509
2023-07-07,AMD,AMD,Technology,84.51,69604747
2023-07-07,AMZN,Amazon,Cons. Discretionary,170.61,53457717
2023-07-07,AVGO,Broadcom,Technology,77.75,10888977
2023-07-07,CRM,Salesforce,Technology,142.62,3456416
2023-07-07,GOOGL,Alphabet,Communication Svcs.,85.35,39772447
2023-07-07,IBM,IBM,Technology,163.41,4554615
2023-07-07,INTC,Intel,Technology,53.99,24118774
2023-07-07,META,Meta Platforms,Communication Svcs.,227.7,15684303
2023-07-07,MSFT,Microsoft,Technology,285.18,25194032
2023-07-07,NFLX,Netflix,Communication Svcs.,387.67,5744900
2023-07-07,NVDA,NVIDIA,Technology,29.16,356309682
2023-07-07,ORCL,Oracle,Technology,102.94,8235528
2023-07-07,QCOM,Qualcomm,Technology,124.04,10981579
2023-07-07,TSLA,Tesla,Cons. Discretionary,213.99,101303160
2023-07-10,AAPL,Apple,Technology,150.97,83225082
2023-07-10,AMD,AMD,Technology,84.75,42414469
2023-07-10,AMZN,Amazon,Cons. Discretionary,165.03,45613552
2023-07-10,AVGO,Broadcom,Technology,78.47,16803347
2023-07-10,CRM,Salesforce,Technology,147.98,4121945
2023-07-10,GOOGL,Alphabet,Communication Svcs.,85.69,24180708
2023-07-10,IBM,IBM,Technology,165.79,4571657
2023-07-10,INTC,Intel,Technology,54.41,23324952
2023-07-10,META,Meta Platforms,Communication Svcs.,237.69,15143013
2023-07-10,MSFT,Microsoft,Technology,288.65,19808184
2023-07-10,NFLX,Netflix,Communication Svcs.,379.88,4433502
2023-07-10,NVDA,NVIDIA,Technology,30.3,419435931
2023-07-10,ORCL,Oracle,Technology,105.61,9848538
2023-07-10,QCOM,Qualcomm,Technology,123.61,6753532
2023-07-10,TSLA,Tesla,Cons. Discretionary,202.9,78315886
2023-07-11,AAPL,Apple,Technology,149.37,73207792
2023-07-11,AMD,AMD,Technology,82.67,62275445
2023-07-11,AMZN,Amazon,Cons. Discretionary,165.02,38735399
2023-07-11,AVGO,Broadcom,Technology,80.76,20329923
2023-07-11,CRM,Salesforce,Technology,146.77,5040544
2023-07-11,GOOGL,Alphabet,Communication Svcs.,84.73,22077043
2023-07-11,IBM,IBM,Technology,167.77,3216726
2023-07-11,INTC,Intel,Technology,54.3,29067765
2023-07-11,META,Meta Platforms,Communication Svcs.,246.3,21590431
2023-07-11,MSFT,Microsoft,Technology,291.5,25807786
2023-07-11,NFLX,Netflix,Communication Svcs.,386.72,4780817
2023-07-11,NVDA,NVIDIA,Technology,29.81,463599129
2023-07-11,ORCL,Oracle,Technology,104.87,8433229
2023-07-11,QCOM,Qualcomm,Technology,122.58,6324474
2023-07-11,TSLA,Tesla,Cons. Discretionary,203.17,86557058
2023-07-12,AAPL,Apple,Technology,151.08,37788911
2023-07-12,AMD,AMD,Technology,80.17,69552295
2023-07-12,AMZN,Amazon,Cons. Discretionary,170.98,62318667
2023-07-12,AVGO,Broadcom,Technology,81.82,16225208
2023-07-12,CRM,Salesforce,Technology,145.24,2912073
2023-07-12,GOOGL,Alphabet,Communication Svcs.,83.75,33044141
2023-07-12,IBM,IBM,Technology,168.19,2642185
2023-07-12,INTC,Intel,Technology,55.04,55170704
2023-07-12,META,Meta Platforms,Communication Svcs.,244.59,24423577
2023-07-12,MSFT,Microsoft,Technology,288.32,25851727
2023-07-12,NFLX,Netflix,Communication Svcs.,380.69,6190653
2023-07-12,NVDA,NVIDIA,Technology,31.23,365485446
2023-07-12,ORCL,Oracle,Technology,107.17,13447549
2023-07-12,QCOM,Qualcomm,Technology,122.3,8413872
2023-07-12,TSLA,Tesla,Cons. Discretionary,198.46,99899753
2023-07-13,AAPL,Apple,Technology,155.9,52359106
2023-07-13,AMD,AMD,Technology,80.69,36289425
2023-07-13,AMZN,Amazon,Cons. Discretionary,172.74,37761511
2023-07-13,AVGO,Broadcom,Technology,81.04,19100708
2023-07-13,CRM,Salesforce,Technology,146.67,6028800
2023-07-13,GOOGL,Alphabet,Communication Svcs.,85.68,19701375
2023-07-13,IBM,IBM,Technology,169.64,3508733
2023-07-13,INTC,Intel,Technology,54.58,31908034
2023-07-13,META,Meta Platforms,Communication Svcs.,251.42,28717256
2023-07-13,MSFT,Microsoft,Technology,290.95,30102067
2023-07-13,NFLX,Netflix,Communication Svcs.,382.23,5603121
2023-07-13,NVDA,NVIDIA,Technology,30.1,408876494
2023-07-13,ORCL,Oracle,Technology,107.78,8560268
2023-07-13,QCOM,Qualcomm,Technology,123.94,4258986
2023-07-13,TSLA,Tesla,Cons. Discretionary,207.07,120862281
2023-07-14,AAPL,Apple,Technology,156.47,68264668
2023-07-14,AMD,AMD,Technology,81.62,28445102
2023-07-14,AMZN,Amazon,Cons. Discretionary,170.79,51890041
2023-07-14,AVGO,Broadcom,Technology,77.19,27472772
2023-07-14,CRM,Salesforce,Technology,144.98,4249493
2023-07-14,GOOGL,Alphabet,Communication Svcs.,87.02,16314436
2023-07-14,IBM,IBM,Technology,169.59,3516238
2023-07-14,INTC,Intel,Technology,53.28,27977325
2023-07-14,META,Meta Platforms,Communication Svcs.,243.86,17554017
2023-07-14,MSFT,Microsoft,Technology,290.83,21864148
2023-07-14,NFLX,Netflix,Communication Svcs.,373.18,5527151
2023-07-14,NVDA,NVIDIA,Technology,29.4,498491482
2023-07-14,ORCL,Oracle,Technology,106.99,13206395
2023-07-14,QCOM,Qualcomm,Technology,123.74,9749590
2023-07-14,TSLA,Tesla,Cons. Discretionary,212.45,183109242
2023-07-17,AAPL,Apple,Technology,154.59,59617006
2023-07-17,AMD,AMD,Technology,81.81,32166505
2023-07-17,AMZN,Amazon,Cons. Discretionary,175.45,50237025
2023-07-17,AVGO,Broadcom,Technology,77.17,13455465
2023-07-17,CRM,Salesforce,Technology,140.81,4065265
2023-07-17,GOOGL,Alphabet,Communication Svcs.,85.6,23158340
2023-07-17,IBM,IBM,Technology,168.19,5038887
2023-07-17,INTC,Intel,Technology,54.65,48249908
2023-07-17,META,Meta Platforms,Communication Svcs.,258.05,23402143
2023-07-17,MSFT,Microsoft,Technology,290.22,20593834
2023-07-17,NFLX,Netflix,Communication Svcs.,387.22,6190682
2023-07-17,NVDA,NVIDIA,Technology,28.57,448421075
2023-07-17,ORCL,Oracle,Technology,109.14,9094497
2023-07-17,QCOM,Qualcomm,Technology,123.88,9028477
2023-07-17,TSLA,Tesla,Cons. Discretionary,213.39,70889781
2023-07-18,AAPL,Apple,Technology,156.15,48853668
2023-07-18,AMD,AMD,Technology,83.61,41135479
2023-07-18,AMZN,Amazon,Cons. Discretionary,171.04,45610179
2023-07-18,AVGO,Broadcom,Technology,76.05,14445056
2023-07-18,CRM,Salesforce,Technology,139.16,4862993
2023-07-18,GOOGL,Alphabet,Communication Svcs.,86.76,15258035
2023-07-18,IBM,IBM,Technology,173.03,4462300
2023-07-18,INTC,Intel,Technology,54.79,36153851
2023-07-18,META,Meta Platforms,Communication Svcs.,267.48,20768105
2023-07-18,MSFT,Microsoft,Technology,286.52,44215120
2023-07-18,NFLX,Netflix,Communication Svcs.,383.41,5189233
2023-07-18,NVDA,NVIDIA,Technology,29.33,439846724
2023-07-18,ORCL,Oracle,Technology,113.29,12978756
2023-07-18,QCOM,Qualcomm,Technology,131.29,5452357
2023-07-18,TSLA,Tesla,Cons. Discretionary,223.14,77494423
2023-07-19,AAPL,Apple,Technology,158.69,50617149
2023-07-19,AMD,AMD,Technology,82.87,50131063
2023-07-19,AMZN,Amazon,Cons. Discretionary,166.44,43449637
2023-07-19,AVGO,Broadcom,Technology,79.63,22091978
2023-07-19,CRM,Salesforce,Technology,144.7,4035693
2023-07-19,GOOGL,Alphabet,Communication Svcs.,85.58,16587325
2023-07-19,IBM,IBM,Technology,172.36,2648031
2023-07-19,INTC,Intel,Technology,53.97,48374036
2023-07-19,META,Meta Platforms,Communication Svcs.,274.8,12433301
2023-07-19,MSFT,Microsoft,Technology,285.68,19992808
2023-07-19,NFLX,Netflix,Communication Svcs.,379.62,5395593
2023-07-19,NVDA,NVIDIA,Technology,29.09,446129432
2023-07-19,ORCL,Oracle,Technology,113.9,10206020
2023-07-19,QCOM,Qualcomm,Technology,130.49,12646451
2023-07-19,TSLA,Tesla,Cons. Discretionary,239.48,99919552
2023-07-20,AAPL,Apple,Technology,158.05,51145212
2023-07-20,AMD,AMD,Technology,79.18,64994624
2023-07-20,AMZN,Amazon,Cons. Discretionary,167.71,45803384
2023-07-20,AVGO,Broadcom,Technology,80.06,20290223
2023-07-20,CRM,Salesforce,Technology,144.9,6128218
2023-07-20,GOOGL,Alphabet,Communication Svcs.,87.22,23781518
2023-07-20,IBM,IBM,Technology,169.07,3303538
2023-07-20,INTC,Intel,Technology,52.89,33419447
2023-07-20,META,Meta Platforms,Communication Svcs.,271.91,19702777
2023-07-20,MSFT,Microsoft,Technology,285.83,23612580
2023-07-20,NFLX,Netflix,Communication Svcs.,388.69,5409885
2023-07-20,NVDA,NVIDIA,Technology,29.41,555818107
2023-07-20,ORCL,Oracle,Technology,117.21,10802677
2023-07-20,QCOM,Qualcomm,Technology,131.22,5858553
2023-07-20,TSLA,Tesla,Cons. Discretionary,245.1,98408579
2023-07-21,AAPL,Apple,Technology,157.82,51222106
2023-07-21,AMD,AMD,Technology,82.3,66201219
2023-07-21,AMZN,Amazon,Cons. Discretionary,165.59,46560639
2023-07-21,AVGO,Broadcom,Technology,81.47,16409638
2023-07-21,CRM,Salesforce,Technology,147.97,5812008
2023-07-21,GOOGL,Alphabet,Communication Svcs.,87.64,23944841
2023-07-21,IBM,IBM,Technology,171.94,4289807
2023-07-21,INTC,Intel,Technology,53.55,46039276
2023-07-21,META,Meta Platforms,Communication Svcs.,270.73,17565828
2023-07-21,MSFT,Microsoft,Technology,290.88,23069528
2023-07-21,NFLX,Netflix,Communication Svcs.,368.35,7499381
2023-07-21,NVDA,NVIDIA,Technology,31.68,421392125
2023-07-21,ORCL,Oracle,Technology,117.83,14650607
2023-07-21,QCOM,Qualcomm,Technology,130.85,9484802
2023-07-21,TSLA,Tesla,Cons. Discretionary,247.15,103989409
2023-07-24,AAPL,Apple,Technology,152.2,61729823
2023-07-24,AMD,AMD,Technology,83.92,56147189
2023-07-24,AMZN,Amazon,Cons. Discretionary,163.71,45826519
2023-07-24,AVGO,Broadcom,Technology,81.93,21979701
2023-07-24,CRM,Salesforce,Technology,153.24,6190861
2023-07-24,GOOGL,Alphabet,Communication Svcs.,91.09,47108005
2023-07-24,IBM,IBM,Technology,175.88,2264708
2023-07-24,INTC,Intel,Technology,51.53,34333223
2023-07-24,META,Meta Platforms,Communication Svcs.,273.74,17210845
2023-07-24,MSFT,Microsoft,Technology,284.98,25328364
2023-07-24,NFLX,Netflix,Communication Svcs.,373.82,9046697
2023-07-24,NVDA,NVIDIA,Technology,33.88,515970476
2023-07-24,ORCL,Oracle,Technology,116.71,10905806
2023-07-24,QCOM,Qualcomm,Technology,132.34,8426922
2023-07-24,TSLA,Tesla,Cons. Discretionary,249.73,76570263
2023-07-25,AAPL,Apple,Technology,151.49,88996768
2023-07-25,AMD,AMD,Technology,83.68,47727043
2023-07-25,AMZN,Amazon,Cons. Discretionary,160.05,58232041
2023-07-25,AVGO,Broadcom,Technology,79.58,19484136
2023-07-25,CRM,Salesforce,Technology,153.09,4615167
2023-07-25,GOOGL,Alphabet,Communication Svcs.,90.82,23817250
2023-07-25,IBM,IBM,Technology,176.17,3839090
2023-07-25,INTC,Intel,Technology,48.18,50614896
2023-07-25,META,Meta Platforms,Communication Svcs.,280.25,35780422
2023-07-25,MSFT,Microsoft,Technology,291.56,34232933
2023-07-25,NFLX,Netflix,Communication Svcs.,374.21,6152662
2023-07-25,NVDA,NVIDIA,Technology,35.0,323454203
2023-07-25,ORCL,Oracle,Technology,118.5,14885080
2023-07-25,QCOM,Qualcomm,Technology,134.36,9726876
2023-07-25,TSLA,Tesla,Cons. Discretionary,241.38,158085327
2023-07-26,AAPL,Apple,Technology,153.23,60742287
2023-07-26,AMD,AMD,Technology,82.8,47218558
2023-07-26,AMZN,Amazon,Cons. Discretionary,164.21,55522040
2023-07-26,AVGO,Broadcom,Technology,79.98,23966200
2023-07-26,CRM,Salesforce,Technology,148.36,4867259
2023-07-26,GOOGL,Alphabet,Communication Svcs.,89.02,30290605
2023-07-26,IBM,IBM,Technology,177.19,4885707
2023-07-26,INTC,Intel,Technology,47.88,23624768
2023-07-26,META,Meta Platforms,Communication Svcs.,277.06,21398883
2023-07-26,MSFT,Microsoft,Technology,290.28,17043535
2023-07-26,NFLX,Netflix,Communication Svcs.,368.48,3544938
2023-07-26,NVDA,NVIDIA,Technology,34.8,422236441
2023-07-26,ORCL,Oracle,Technology,120.68,9986362
2023-07-26,QCOM,Qualcomm,Technology,136.22,6828291
2023-07-26,TSLA,Tesla,Cons. Discretionary,263.83,88613762
2023-07-27,AAPL,Apple,Technology,152.81,46691539
2023-07-27,AMD,AMD,Technology,78.56,47694808
2023-07-27,AMZN,Amazon,Cons. Discretionary,162.34,48224495
2023-07-27,AVGO,Broadcom,Technology,84.7,26787511
2023-07-27,CRM,Salesforce,Technology,147.39,5693925
2023-07-27,GOOGL,Alphabet,Communication Svcs.,90.1,18521933
2023-07-27,IBM,IBM,Technology,177.01,3285603
2023-07-27,INTC,Intel,Technology,47.94,52344369
2023-07-27,META,Meta Platforms,Communication Svcs.,274.44,24400625
2023-07-27,MSFT,Microsoft,Technology,294.79,19021956
2023-07-27,NFLX,Netflix,Communication Svcs.,371.88,4198149
2023-07-27,NVDA,NVIDIA,Technology,36.17,308361958
2023-07-27,ORCL,Oracle,Technology,123.0,7743766
2023-07-27,QCOM,Qualcomm,Technology,133.32,9691330
2023-07-27,TSLA,Tesla,Cons. Discretionary,263.82,68745388
2023-07-28,AAPL,Apple,Technology,154.97,71220169
2023-07-28,AMD,AMD,Technology,80.48,37035339
2023-07-28,AMZN,Amazon,Cons. Discretionary,158.16,54620304
2023-07-28,AVGO,Broadcom,Technology,87.66,23451560
2023-07-28,CRM,Salesforce,Technology,149.15,6205255
2023-07-28,GOOGL,Alphabet,Communication Svcs.,90.55,31533084
2023-07-28,IBM,IBM,Technology,175.59,6336276
2023-07-28,INTC,Intel,Technology,47.37,37436014
2023-07-28,META,Meta Platforms,Communication Svcs.,280.59,15722830
2023-07-28,MSFT,Microsoft,Technology,297.46,28884184
2023-07-28,NFLX,Netflix,Communication Svcs.,385.73,3844519
2023-07-28,NVDA,NVIDIA,Technology,36.37,668618524
2023-07-28,ORCL,Oracle,Technology,123.22,7561915
2023-07-28,QCOM,Qualcomm,Technology,137.84,12661069
2023-07-28,TSLA,Tesla,Cons. Discretionary,256.67,83219602
2023-07-31,AAPL,Apple,Technology,153.16,82198698
2023-07-31,AMD,AMD,Technology,76.2,38285713
2023-07-31,AMZN,Amazon,Cons. Discretionary,159.07,43368854
2023-07-31,AVGO,Broadcom,Technology,91.1,13007787
2023-07-31,CRM,Salesforce,Technology,146.04,5654924
2023-07-31,GOOGL,Alphabet,Communication Svcs.,91.43,20174249
2023-07-31,IBM,IBM,Technology,174.2,3176307
2023-07-31,INTC,Intel,Technology,48.39,38449048
2023-07-31,META,Meta Platforms,Communication Svcs.,277.4,17114265
2023-07-31,MSFT,Microsoft,Technology,290.4,33792527
2023-07-31,NFLX,Netflix,Communication Svcs.,396.35,4292812
2023-07-31,NVDA,NVIDIA,Technology,36.23,436312420
2023-07-31,ORCL,Oracle,Technology,125.77,9729010
2023-07-31,QCOM,Qualcomm,Technology,137.18,6973892
2023-07-31,TSLA,Tesla,Cons. Discretionary,254.68,102187673
2023-08-01,AAPL,Apple,Technology,156.39,43478261
2023-08-01,AMD,AMD,Technology,74.99,31059407
2023-08-01,AMZN,Amazon,Cons. Discretionary,159.62,32538118
2023-08-01,AVGO,Broadcom,Technology,92.45,23106073
2023-08-01,CRM,Salesforce,Technology,149.83,5312561
2023-08-01,GOOGL,Alphabet,Communication Svcs.,92.03,30612739
2023-08-01,IBM,IBM,Technology,175.28,3489077
2023-08-01,INTC,Intel,Technology,47.1,33293565
2023-08-01,META,Meta Platforms,Communication Svcs.,272.58,17350527
2023-08-01,MSFT,Microsoft,Technology,286.97,36038922
2023-08-01,NFLX,Netflix,Communication Svcs.,404.31,5127800
2023-08-01,NVDA,NVIDIA,Technology,34.19,507971605
2023-08-01,ORCL,Oracle,Technology,120.67,14644340
2023-08-01,QCOM,Qualcomm,Technology,136.36,5537025
2023-08-01,TSLA,Tesla,Cons. Discretionary,260.23,66181934
2023-08-02,AAPL,Apple,Technology,156.73,83504703
2023-08-02,AMD,AMD,Technology,75.16,56891570
2023-08-02,AMZN,Amazon,Cons. Discretionary,163.73,48402083
2023-08-02,AVGO,Broadcom,Technology,92.29,18539371
2023-08-02,CRM,Salesforce,Technology,147.65,4858510
2023-08-02,GOOGL,Alphabet,Communication Svcs.,92.74,30273371
2023-08-02,IBM,IBM,Technology,175.06,2865440
2023-08-02,INTC,Intel,Technology,46.72,47318418
2023-08-02,META,Meta Platforms,Communication Svcs.,269.8,14286263
2023-08-02,MSFT,Microsoft,Technology,294.48,29908895
2023-08-02,NFLX,Netflix,Communication Svcs.,393.22,4953792
2023-08-02,NVDA,NVIDIA,Technology,35.89,386844795
2023-08-02,ORCL,Oracle,Technology,118.92,8037207
2023-08-02,QCOM,Qualcomm,Technology,131.72,7929874
2023-08-02,TSLA,Tesla,Cons. Discretionary,269.28,87737057
2023-08-03,AAPL,Apple,Technology,155.68,50799791
2023-08-03,AMD,AMD,Technology,73.33,55044234
2023-08-03,AMZN,Amazon,Cons. Discretionary,169.8,43475823
2023-08-03,AVGO,Broadcom,Technology,93.84,18779363
2023-08-03,CRM,Salesforce,Technology,149.94,5670817
2023-08-03,GOOGL,Alphabet,Communication Svcs.,96.2,22133074
2023-08-03,IBM,IBM,Technology,173.64,3847995
2023-08-03,INTC,Intel,Technology,46.74,24832363
2023-08-03,META,Meta Platforms,Communication Svcs.,266.1,28950184
2023-08-03,MSFT,Microsoft,Technology,293.2,21701796
2023-08-03,NFLX,Netflix,Communication Svcs.,374.02,4498630
2023-08-03,NVDA,NVIDIA,Technology,33.96,372338998
2023-08-03,ORCL,Oracle,Technology,118.02,12543934
2023-08-03,QCOM,Qualcomm,Technology,128.3,6440782
2023-08-03,TSLA,Tesla,Cons. Discretionary,264.17,69121028
2023-08-04,AAPL,Apple,Technology,152.22,67034583
2023-08-04,AMD,AMD,Technology,74.92,51715755
2023-08-04,AMZN,Amazon,Cons. Discretionary,166.86,27548028
2023-08-04,AVGO,Broadcom,Technology,95.7,18010728
2023-08-04,CRM,Salesforce,Technology,148.44,4536478
2023-08-04,GOOGL,Alphabet,Communication Svcs.,95.19,25282610
2023-08-04,IBM,IBM,Technology,172.75,3548663
2023-08-04,INTC,Intel,Technology,47.07,35989713
2023-08-04,META,Meta Platforms,Communication Svcs.,260.16,24748190
2023-08-04,MSFT,Microsoft,Technology,295.12,33349891
2023-08-04,NFLX,Netflix,Communication Svcs.,381.47,3759767
2023-08-04,NVDA,NVIDIA,Technology,34.9,519783081
2023-08-04,ORCL,Oracle,Technology,116.55,11494571
2023-08-04,QCOM,Qualcomm,Technology,126.75,5274073
2023-08-04,TSLA,Tesla,Cons. Discretionary,277.12,86534632
2023-08-07,AAPL,Apple,Technology,151.83,47410674
2023-08-07,AMD,AMD,Technology,74.76,78063029
2023-08-07,AMZN,Amazon,Cons. Discretionary,169.87,47108392
2023-08-07,AVGO,Broadcom,Technology,100.49,20014334
2023-08-07,CRM,Salesforce,Technology,146.43,6632346
2023-08-07,GOOGL,Alphabet,Communication Svcs.,98.63,41828248
2023-08-07,IBM,IBM,Technology,174.98,3637473
2023-08-07,INTC,Intel,Technology,45.9,26139084
2023-08-07,META,Meta Platforms,Communication Svcs.,268.05,19778374
2023-08-07,MSFT,Microsoft,Technology,297.46,25917514
2023-08-07,NFLX,Netflix,Communication Svcs.,382.15,5195445
2023-08-07,NVDA,NVIDIA,Technology,33.92,350292303
2023-08-07,ORCL,Oracle,Technology,119.57,8241584
2023-08-07,QCOM,Qualcomm,Technology,125.03,7881327
2023-08-07,TSLA,Tesla,Cons. Discretionary,278.43,81585432
2023-08-08,AAPL,Apple,Technology,148.87,62938678
2023-08-08,AMD,AMD,Technology,75.43,48252055
2023-08-08,AMZN,Amazon,Cons. Discretionary,172.98,29706917
2023-08-08,AVGO,Broadcom,Technology,100.45,29158322
2023-08-08,CRM,Salesforce,Technology,151.57,5726984
2023-08-08,GOOGL,Alphabet,Communication Svcs.,98.94,25612026
2023-08-08,IBM,IBM,Technology,176.26,3335630
2023-08-08,INTC,Intel,Technology,45.53,29419159
2023-08-08,META,Meta Platforms,Communication Svcs.,273.1,23319024
2023-08-08,MSFT,Microsoft,Technology,293.51,15875774
2023-08-08,NFLX,Netflix,Communication Svcs.,396.53,4672396
2023-08-08,NVDA,NVIDIA,Technology,35.11,335202215
2023-08-08,ORCL,Oracle,Technology,118.66,11653659
2023-08-08,QCOM,Qualcomm,Technology,122.92,6137221
2023-08-08,TSLA,Tesla,Cons. Discretionary,267.1,101663710
2023-08-09,AAPL,Apple,Technology,150.31,79913855
2023-08-09,AMD,AMD,Technology,76.87,37695070
2023-08-09,AMZN,Amazon,Cons. Discretionary,173.94,53821910
2023-08-09,AVGO,Broadcom,Technology,100.38,20762255
2023-08-09,CRM,Salesforce,Technology,155.54,6983452
2023-08-09,GOOGL,Alphabet,Communication Svcs.,97.09,18474027
2023-08-09,IBM,IBM,Technology,175.28,3105698
2023-08-09,INTC,Intel,Technology,47.31,27880622
2023-08-09,META,Meta Platforms,Communication Svcs.,277.84,20544799
2023-08-09,MSFT,Microsoft,Technology,287.44,35220655
2023-08-09,NFLX,Netflix,Communication Svcs.,399.8,4862745
2023-08-09,NVDA,NVIDIA,Technology,33.09,235181373
2023-08-09,ORCL,Oracle,Technology,115.7,12061820
2023-08-09,QCOM,Qualcomm,Technology,118.37,5967696
2023-08-09,TSLA,Tesla,Cons. Discretionary,268.76,118998186
2023-08-10,AAPL,Apple,Technology,149.83,61075995
2023-08-10,AMD,AMD,Technology,75.25,39885444
2023-08-10,AMZN,Amazon,Cons. Discretionary,174.73,43170696
2023-08-10,AVGO,Broadcom,Technology,98.28,12167421
2023-08-10,CRM,Salesforce,Technology,159.14,5163767
2023-08-10,GOOGL,Alphabet,Communication Svcs.,100.92,22417441
2023-08-10,IBM,IBM,Technology,175.39,3722827
2023-08-10,INTC,Intel,Technology,48.29,29246443
2023-08-10,META,Meta Platforms,Communication Svcs.,285.83,13614321
2023-08-10,MSFT,Microsoft,Technology,283.63,25576206
2023-08-10,NFLX,Netflix,Communication Svcs.,415.93,5094166
2023-08-10,NVDA,NVIDIA,Technology,34.58,370952088
2023-08-10,ORCL,Oracle,Technology,113.07,9489473
2023-08-10,QCOM,Qualcomm,Technology,121.78,9555608
2023-08-10,TSLA,Tesla,Cons. Discretionary,266.36,102850351
2023-08-11,AAPL,Apple,Technology,146.49,43622324
2023-08-11,AMD,AMD,Technology,77.96,59422144
2023-08-11,AMZN,Amazon,Cons. Discretionary,166.01,34340546
2023-08-11,AVGO,Broadcom,Technology,96.41,13766267
2023-08-11,CRM,Salesforce,Technology,157.76,4731648
2023-08-11,GOOGL,Alphabet,Communication Svcs.,103.13,18968648
2023-08-11,IBM,IBM,Technology,177.04,4211773
2023-08-11,INTC,Intel,Technology,49.07,39322689
2023-08-11,META,Meta Platforms,Communication Svcs.,282.16,13035117
2023-08-11,MSFT,Microsoft,Technology,284.45,29418438
2023-08-11,NFLX,Netflix,Communication Svcs.,410.57,5318764
2023-08-11,NVDA,NVIDIA,Technology,33.79,379184016
2023-08-11,ORCL,Oracle,Technology,114.64,8938197
2023-08-11,QCOM,Qualcomm,Technology,124.63,9874674
2023-08-11,TSLA,Tesla,Cons. Discretionary,275.39,147081322
2023-08-14,AAPL,Apple,Technology,149.88,64224955
2023-08-14,AMD,AMD,Technology,75.69,54635614
2023-08-14,AMZN,Amazon,Cons. Discretionary,163.13,53986275
2023-08-14,AVGO,Broadcom,Technology,98.04,15232965
2023-08-14,CRM,Salesforce,Technology,158.76,6987996
2023-08-14,GOOGL,Alphabet,Communication Svcs.,107.47,24246458
2023-08-14,IBM,IBM,Technology,172.97,5049194
2023-08-14,INTC,Intel,Technology,50.85,32333623
2023-08-14,META,Meta Platforms,Communication Svcs.,296.61,20464724
2023-08-14,MSFT,Microsoft,Technology,293.55,17910626
2023-08-14,NFLX,Netflix,Communication Svcs.,407.3,4734541
2023-08-14,NVDA,NVIDIA,Technology,32.69,339338049
2023-08-14,ORCL,Oracle,Technology,114.14,11198447
2023-08-14,QCOM,Qualcomm,Technology,124.75,6576353
2023-08-14,TSLA,Tesla,Cons. Discretionary,262.04,142668394
2023-08-15,AAPL,Apple,Technology,148.36,70890786
2023-08-15,AMD,AMD,Technology,75.71,33651817
2023-08-15,AMZN,Amazon,Cons. Discretionary,160.07,37330688
2023-08-15,AVGO,Broadcom,Technology,96.38,24685479
2023-08-15,CRM,Salesforce,Technology,161.04,5152276
2023-08-15,GOOGL,Alphabet,Communication Svcs.,108.08,20274371
2023-08-15,IBM,IBM,Technology,172.39,3935977
2023-08-15,INTC,Intel,Technology,50.63,39503967
2023-08-15,META,Meta Platforms,Communication Svcs.,302.47,28077298
2023-08-15,MSFT,Microsoft,Technology,292.66,25738241
2023-08-15,NFLX,Netflix,Communication Svcs.,406.75,4505890
2023-08-15,NVDA,NVIDIA,Technology,34.26,474180807
2023-08-15,ORCL,Oracle,Technology,112.93,15031601
2023-08-15,QCOM,Qualcomm,Technology,127.32,9003294
2023-08-15,TSLA,Tesla,Cons. Discretionary,260.98,94884743
2023-08-16,AAPL,Apple,Technology,150.87,53951619
2023-08-16,AMD,AMD,Technology,76.74,57583312
2023-08-16,AMZN,Amazon,Cons. Discretionary,160.82,38241125
2023-08-16,AVGO,Broadcom,Technology,98.5,19640608
2023-08-16,CRM,Salesforce,Technology,161.49,6077823
2023-08-16,GOOGL,Alphabet,Communication Svcs.,111.45,23638919
2023-08-16,IBM,IBM,Technology,172.0,3018959
2023-08-16,INTC,Intel,Technology,49.02,29356599
2023-08-16,META,Meta Platforms,Communication Svcs.,296.64,28854366
2023-08-16,MSFT,Microsoft,Technology,291.93,35040607
2023-08-16,NFLX,Netflix,Communication Svcs.,414.28,3153586
2023-08-16,NVDA,NVIDIA,Technology,34.67,400488279
2023-08-16,ORCL,Oracle,Technology,110.41,7831283
2023-08-16,QCOM,Qualcomm,Technology,127.47,7410758
2023-08-16,TSLA,Tesla,Cons. Discretionary,265.29,93516166
2023-08-17,AAPL,Apple,Technology,150.61,52126590
2023-08-17,AMD,AMD,Technology,78.25,41094301
2023-08-17,AMZN,Amazon,Cons. Discretionary,162.22,88523022
2023-08-17,AVGO,Broadcom,Technology,98.76,19627207
2023-08-17,CRM,Salesforce,Technology,162.8,4617210
2023-08-17,GOOGL,Alphabet,Communication Svcs.,111.42,31262671
2023-08-17,IBM,IBM,Technology,171.55,3188492
2023-08-17,INTC,Intel,Technology,47.21,49183677
2023-08-17,META,Meta Platforms,Communication Svcs.,293.49,21978415
2023-08-17,MSFT,Microsoft,Technology,286.89,42686039
2023-08-17,NFLX,Netflix,Communication Svcs.,417.86,4862892
2023-08-17,NVDA,NVIDIA,Technology,34.56,338197684
2023-08-17,ORCL,Oracle,Technology,111.06,12299369
2023-08-17,QCOM,Qualcomm,Technology,123.72,9452549
2023-08-17,TSLA,Tesla,Cons. Discretionary,270.52,92718333
2023-08-18,AAPL,Apple,Technology,150.73,42303699
2023-08-18,AMD,AMD,Technology,76.35,52779253
2023-08-18,AMZN,Amazon,Cons. Discretionary,159.61,63163605
2023-08-18,AVGO,Broadcom,Technology,99.51,27823511
2023-08-18,CRM,Salesforce,Technology,166.69,5438736
2023-08-18,GOOGL,Alphabet,Communication Svcs.,109.36,20548899
2023-08-18,IBM,IBM,Technology,172.8,7262689
2023-08-18,INTC,Intel,Technology,46.78,36306105
2023-08-18,META,Meta Platforms,Communication Svcs.,297.38,13883892
2023-08-18,MSFT,Microsoft,Technology,289.61,26077470
2023-08-18,NFLX,Netflix,Communication Svcs.,407.84,4345979
2023-08-18,NVDA,NVIDIA,Technology,35.64,350536870
2023-08-18,ORCL,Oracle,Technology,110.8,10955493
2023-08-18,QCOM,Qualcomm,Technology,121.66,8535269
2023-08-18,TSLA,Tesla,Cons. Discretionary,279.03,120869959
2023-08-21,AAPL,Apple,Technology,149.7,100817961
2023-08-21,AMD,AMD,Technology,79.7,45923970
2023-08-21,AMZN,Amazon,Cons. Discretionary,155.64,86767711
2023-08-21,AVGO,Broadcom,Technology,98.45,16477683
2023-08-21,CRM,Salesforce,Technology,164.56,3878065
2023-08-21,GOOGL,Alphabet,Communication Svcs.,106.54,15982649
2023-08-21,IBM,IBM,Technology,173.48,4313652
2023-08-21,INTC,Intel,Technology,46.31,57582708
2023-08-21,META,Meta Platforms,Communication Svcs.,304.42,26825589
2023-08-21,MSFT,Microsoft,Technology,297.26,19245845
2023-08-21,NFLX,Netflix,Communication Svcs.,407.05,3757194
2023-08-21,NVDA,NVIDIA,Technology,35.1,574434343
2023-08-21,ORCL,Oracle,Technology,109.82,8530536
2023-08-21,QCOM,Qualcomm,Technology,118.49,10780113
2023-08-21,TSLA,Tesla,Cons. Discretionary,277.31,123222910
2023-08-22,AAPL,Apple,Technology,147.53,68991139
2023-08-22,AMD,AMD,Technology,84.89,21883165
2023-08-22,AMZN,Amazon,Cons. Discretionary,155.29,68590686
2023-08-22,AVGO,Broadcom,Technology,102.3,23456026
2023-08-22,CRM,Salesforce,Technology,168.39,4934792
2023-08-22,GOOGL,Alphabet,Communication Svcs.,106.07,25694756
2023-08-22,IBM,IBM,Technology,174.94,4845649
2023-08-22,INTC,Intel,Technology,45.85,38662769
2023-08-22,META,Meta Platforms,Communication Svcs.,305.2,12289659
2023-08-22,MSFT,Microsoft,Technology,306.81,37651097
2023-08-22,NFLX,Netflix,Communication Svcs.,415.17,7604205
2023-08-22,NVDA,NVIDIA,Technology,33.68,306770260
2023-08-22,ORCL,Oracle,Technology,110.91,9145015
2023-08-22,QCOM,Qualcomm,Technology,118.76,8991889
2023-08-22,TSLA,Tesla,Cons. Discretionary,280.82,96503485
2023-08-23,AAPL,Apple,Technology,147.84,66401587
2023-08-23,AMD,AMD,Technology,83.48,52866623
2023-08-23,AMZN,Amazon,Cons. Discretionary,157.83,62016338
2023-08-23,AVGO,Broadcom,Technology,100.01,23603266
2023-08-23,CRM,Salesforce,Technology,168.07,5232165
2023-08-23,GOOGL,Alphabet,Communication Svcs.,105.83,16107414
2023-08-23,IBM,IBM,Technology,175.68,2543803
2023-08-23,INTC,Intel,Technology,46.83,27125536
2023-08-23,META,Meta Platforms,Communication Svcs.,300.41,18809839
2023-08-23,MSFT,Microsoft,Technology,304.35,21941573
2023-08-23,NFLX,Netflix,Communication Svcs.,417.01,2918739
2023-08-23,NVDA,NVIDIA,Technology,32.83,358723178
2023-08-23,ORCL,Oracle,Technology,110.58,11039439
2023-08-23,QCOM,Qualcomm,Technology,122.38,11807266
2023-08-23,TSLA,Tesla,Cons. Discretionary,278.42,92912182
2023-08-24,AAPL,Apple,Technology,147.19,65016637
2023-08-24,AMD,AMD,Technology,81.04,25681549
2023-08-24,AMZN,Amazon,Cons. Discretionary,162.39,60330816
2023-08-24,AVGO,Broadcom,Technology,102.73,20325159
2023-08-24,CRM,Salesforce,Technology,169.28,4852067
2023-08-24,GOOGL,Alphabet,Communication Svcs.,105.86,18528652
2023-08-24,IBM,IBM,Technology,177.13,2958896
2023-08-24,INTC,Intel,Technology,46.37,25573184
2023-08-24,META,Meta Platforms,Communication Svcs.,318.64,11251846
2023-08-24,MSFT,Microsoft,Technology,296.77,33984793
2023-08-24,NFLX,Netflix,Communication Svcs.,393.81,5412414
2023-08-24,NVDA,NVIDIA,Technology,33.44,530389918
2023-08-24,ORCL,Oracle,Technology,110.25,6962067
2023-08-24,QCOM,Qualcomm,Technology,123.06,7401960
2023-08-24,TSLA,Tesla,Cons. Discretionary,302.56,113891589
2023-08-25,AAPL,Apple,Technology,145.78,61416084
2023-08-25,AMD,AMD,Technology,80.64,37944481
2023-08-25,AMZN,Amazon,Cons. Discretionary,162.69,34756999
2023-08-25,AVGO,Broadcom,Technology,102.27,25609406
2023-08-25,CRM,Salesforce,Technology,167.41,4367937
2023-08-25,GOOGL,Alphabet,Communication Svcs.,107.05,24189141
2023-08-25,IBM,IBM,Technology,178.17,2462209
2023-08-25,INTC,Intel,Technology,47.21,33759958
2023-08-25,META,Meta Platforms,Communication Svcs.,314.48,26087175
2023-08-25,MSFT,Microsoft,Technology,301.88,21871047
2023-08-25,NFLX,Netflix,Communication Svcs.,407.26,5888400
2023-08-25,NVDA,NVIDIA,Technology,31.45,354859895
2023-08-25,ORCL,Oracle,Technology,110.01,10530005
2023-08-25,QCOM,Qualcomm,Technology,125.34,7654378
2023-08-25,TSLA,Tesla,Cons. Discretionary,301.41,110465585
2023-08-28,AAPL,Apple,Technology,150.29,67246317
2023-08-28,AMD,AMD,Technology,82.83,50628556
2023-08-28,AMZN,Amazon,Cons. Discretionary,163.3,59329893
2023-08-28,AVGO,Broadcom,Technology,99.37,23830685
2023-08-28,CRM,Salesforce,Technology,166.44,6019820
2023-08-28,GOOGL,Alphabet,Communication Svcs.,106.68,19224642
2023-08-28,IBM,IBM,Technology,178.23,3683751
2023-08-28,INTC,Intel,Technology,46.79,32160628
2023-08-28,META,Meta Platforms,Communication Svcs.,320.26,22075834
2023-08-28,MSFT,Microsoft,Technology,307.94,28774209
2023-08-28,NFLX,Netflix,Communication Svcs.,407.67,4115840
2023-08-28,NVDA,NVIDIA,Technology,32.75,335916392
2023-08-28,ORCL,Oracle,Technology,106.47,10420258
2023-08-28,QCOM,Qualcomm,Technology,125.97,7760753
2023-08-28,TSLA,Tesla,Cons. Discretionary,312.42,108423322
2023-08-29,AAPL,Apple,Technology,150.64,57150081
2023-08-29,AMD,AMD,Technology,83.94,47153974
2023-08-29,AMZN,Amazon,Cons. Discretionary,165.46,45725943
2023-08-29,AVGO,Broadcom,Technology,97.59,19529553
2023-08-29,CRM,Salesforce,Technology,163.4,5125960
2023-08-29,GOOGL,Alphabet,Communication Svcs.,107.43,22122479
2023-08-29,IBM,IBM,Technology,178.36,5282346
2023-08-29,INTC,Intel,Technology,45.8,28977150
2023-08-29,META,Meta Platforms,Communication Svcs.,309.03,13550149
2023-08-29,MSFT,Microsoft,Technology,309.25,35853915
2023-08-29,NFLX,Netflix,Communication Svcs.,423.35,4417747
2023-08-29,NVDA,NVIDIA,Technology,32.27,695354783
2023-08-29,ORCL,Oracle,Technology,107.95,12416766
2023-08-29,QCOM,Qualcomm,Technology,124.35,9719217
2023-08-29,TSLA,Tesla,Cons. Discretionary,320.36,89564517
2023-08-30,AAPL,Apple,Technology,152.67,66623445
2023-08-30,AMD,AMD,Technology,83.85,37759259
2023-08-30,AMZN,Amazon,Cons. Discretionary,169.07,48116255
2023-08-30,AVGO,Broadcom,Technology,97.84,13564487
2023-08-30,CRM,Salesforce,Technology,164.17,5787588
2023-08-30,GOOGL,Alphabet,Communication Svcs.,108.45,27753249
2023-08-30,IBM,IBM,Technology,180.6,4819493
2023-08-30,INTC,Intel,Technology,45.29,29854585
2023-08-30,META,Meta Platforms,Communication Svcs.,300.45,15876854
2023-08-30,MSFT,Microsoft,Technology,307.38,26683111
2023-08-30,NFLX,Netflix,Communication Svcs.,435.91,7815532
2023-08-30,NVDA,NVIDIA,Technology,32.31,395061549
2023-08-30,ORCL,Oracle,Technology,109.38,5150300
2023-08-30,QCOM,Qualcomm,Technology,122.12,5786731
2023-08-30,TSLA,Tesla,Cons. Discretionary,316.94,109381382
2023-08-31,AAPL,Apple,Technology,153.89,60968177
2023-08-31,AMD,AMD,Technology,85.61,49993404
2023-08-31,AMZN,Amazon,Cons. Discretionary,174.94,47204040
2023-08-31,AVGO,Broadcom,Technology,99.66,16399499
2023-08-31,CRM,Salesforce,Technology,162.85,7768753
2023-08-31,GOOGL,Alphabet,Communication Svcs.,108.14,25158022
2023-08-31,IBM,IBM,Technology,182.44,3794588
2023-08-31,INTC,Intel,Technology,44.47,33610360
2023-08-31,META,Meta Platforms,Communication Svcs.,291.05,23881114
2023-08-31,MSFT,Microsoft,Technology,306.52,21217838
2023-08-31,NFLX,Netflix,Communication Svcs.,432.99,5559548
2023-08-31,NVDA,NVIDIA,Technology,31.62,278773281
2023-08-31,ORCL,Oracle,Technology,108.13,9952696
2023-08-31,QCOM,Qualcomm,Technology,122.28,11913461
2023-08-31,TSLA,Tesla,Cons. Discretionary,327.69,64173222
2023-09-01,AAPL,Apple,Technology,155.87,64035651
2023-09-01,AMD,AMD,Technology,85.47,49162466
2023-09-01,AMZN,Amazon,Cons. Discretionary,183.69,45590145
2023-09-01,AVGO,Broadcom,Technology,97.4,17705542
2023-09-01,CRM,Salesforce,Technology,162.97,8191712
2023-09-01,GOOGL,Alphabet,Communication Svcs.,107.49,25771024
2023-09-01,IBM,IBM,Technology,184.56,3401872
2023-09-01,INTC,Intel,Technology,42.84,28549184
2023-09-01,META,Meta Platforms,Communication Svcs.,286.98,26495494
2023-09-01,MSFT,Microsoft,Technology,303.61,25959942
2023-09-01,NFLX,Netflix,Communication Svcs.,433.0,4748525
2023-09-01,NVDA,NVIDIA,Technology,30.59,503874342
2023-09-01,ORCL,Oracle,Technology,109.46,11179476
2023-09-01,QCOM,Qualcomm,Technology,126.36,5960218
2023-09-01,TSLA,Tesla,Cons. Discretionary,326.32,95261115
2023-09-04,AAPL,Apple,Technology,159.62,36711972
2023-09-04,AMD,AMD,Technology,88.82,79193629
2023-09-04,AMZN,Amazon,Cons. Discretionary,183.93,33745625
2023-09-04,AVGO,Broadcom,Technology,94.31,20682208
2023-09-04,CRM,Salesforce,Technology,165.16,6006198
2023-09-04,GOOGL,Alphabet,Communication Svcs.,105.49,18474948
2023-09-04,IBM,IBM,Technology,181.8,3444408
2023-09-04,INTC,Intel,Technology,41.9,39391584
2023-09-04,META,Meta Platforms,Communication Svcs.,289.97,20807281
2023-09-04,MSFT,Microsoft,Technology,303.86,24610568
2023-09-04,NFLX,Netflix,Communication Svcs.,433.11,6500117
2023-09-04,NVDA,NVIDIA,Technology,29.34,363244496
2023-09-04,ORCL,Oracle,Technology,110.52,6543205
2023-09-04,QCOM,Qualcomm,Technology,131.44,14554558
2023-09-04,TSLA,Tesla,Cons. Discretionary,318.72,93930386
2023-09-05,AAPL,Apple,Technology,163.93,70176424
2023-09-05,AMD,AMD,Technology,84.56,75643566
2023-09-05,AMZN,Amazon,Cons. Discretionary,188.76,75556301
2023-09-05,AVGO,Broadcom,Technology,94.4,16579307
2023-09-05,CRM,Salesforce,Technology,167.13,6045041
2023-09-05,GOOGL,Alphabet,Communication Svcs.,109.85,29732305
2023-09-05,IBM,IBM,Technology,180.92,3736187
2023-09-05,INTC,Intel,Technology,43.66,41606743
2023-09-05,META,Meta Platforms,Communication Svcs.,291.75,21005244
2023-09-05,MSFT,Microsoft,Technology,306.79,29672160
2023-09-05,NFLX,Netflix,Communication Svcs.,442.64,5375772
2023-09-05,NVDA,NVIDIA,Technology,31.19,208773799
2023-09-05,ORCL,Oracle,Technology,113.87,11840623
2023-09-05,QCOM,Qualcomm,Technology,131.65,6514619
2023-09-05,TSLA,Tesla,Cons. Discretionary,311.03,97966191
2023-09-06,AAPL,Apple,Technology,161.02,59278414
2023-09-06,AMD,AMD,Technology,85.01,53106472
2023-09-06,AMZN,Amazon,Cons. Discretionary,192.27,61030356
2023-09-06,AVGO,Broadcom,Technology,92.59,18952609
2023-09-06,CRM,Salesforce,Technology,166.7,5398733
2023-09-06,GOOGL,Alphabet,Communication Svcs.,109.9,27970542
2023-09-06,IBM,IBM,Technology,176.29,5533404
2023-09-06,INTC,Intel,Technology,43.77,32251638
2023-09-06,META,Meta Platforms,Communication Svcs.,287.68,18310988
2023-09-06,MSFT,Microsoft,Technology,305.22,26129278
2023-09-06,NFLX,Netflix,Communication Svcs.,435.33,4553399
2023-09-06,NVDA,NVIDIA,Technology,31.57,480802167
2023-09-06,ORCL,Oracle,Technology,114.38,10815823
2023-09-06,QCOM,Qualcomm,Technology,131.17,4626686
2023-09-06,TSLA,Tesla,Cons. Discretionary,309.4,92802538
2023-09-07,AAPL,Apple,Technology,159.41,33261559
2023-09-07,AMD,AMD,Technology,86.09,35012663
2023-09-07,AMZN,Amazon,Cons. Discretionary,193.07,77143674
2023-09-07,AVGO,Broadcom,Technology,96.98,15504699
2023-09-07,CRM,Salesforce,Technology,170.53,5527707
2023-09-07,GOOGL,Alphabet,Communication Svcs.,108.8,20590649
2023-09-07,IBM,IBM,Technology,172.88,4944213
2023-09-07,INTC,Intel,Technology,41.82,36126769
2023-09-07,META,Meta Platforms,Communication Svcs.,293.52,37990010
2023-09-07,MSFT,Microsoft,Technology,299.27,22744048
2023-09-07,NFLX,Netflix,Communication Svcs.,445.42,3410144
2023-09-07,NVDA,NVIDIA,Technology,32.93,466422898
2023-09-07,ORCL,Oracle,Technology,116.17,11511304
2023-09-07,QCOM,Qualcomm,Technology,130.68,9404280
2023-09-07,TSLA,Tesla,Cons. Discretionary,303.4,94329855
2023-09-08,AAPL,Apple,Technology,161.66,58970373
2023-09-08,AMD,AMD,Technology,84.34,51574620
2023-09-08,AMZN,Amazon,Cons. Discretionary,192.86,33078438
2023-09-08,AVGO,Broadcom,Technology,93.84,18364392
2023-09-08,CRM,Salesforce,Technology,171.36,5309726
2023-09-08,GOOGL,Alphabet,Communication Svcs.,107.32,27466887
2023-09-08,IBM,IBM,Technology,172.39,3340489
2023-09-08,INTC,Intel,Technology,42.07,31536922
2023-09-08,META,Meta Platforms,Communication Svcs.,303.04,17538366
2023-09-08,MSFT,Microsoft,Technology,302.15,21716185
2023-09-08,NFLX,Netflix,Communication Svcs.,440.99,6752741
2023-09-08,NVDA,NVIDIA,Technology,32.26,437158460
2023-09-08,ORCL,Oracle,Technology,118.19,6204437
2023-09-08,QCOM,Qualcomm,Technology,129.65,7068660
2023-09-08,TSLA,Tesla,Cons. Discretionary,291.71,74696178
2023-09-11,AAPL,Apple,Technology,164.46,71620262
2023-09-11,AMD,AMD,Technology,87.44,65666993
2023-09-11,AMZN,Amazon,Cons. Discretionary,195.12,50819531
2023-09-11,AVGO,Broadcom,Technology,93.0,23255505
2023-09-11,CRM,Salesforce,Technology,167.81,3361175
2023-09-11,GOOGL,Alphabet,Communication Svcs.,106.91,24490175
2023-09-11,IBM,IBM,Technology,171.75,4235950
2023-09-11,INTC,Intel,Technology,43.5,35285078
2023-09-11,META,Meta Platforms,Communication Svcs.,292.45,25221292
2023-09-11,MSFT,Microsoft,Technology,309.34,25878919
2023-09-11,NFLX,Netflix,Communication Svcs.,427.94,4671175
2023-09-11,NVDA,NVIDIA,Technology,32.87,316052694
2023-09-11,ORCL,Oracle,Technology,117.16,8676201
2023-09-11,QCOM,Qualcomm,Technology,133.02,10588553
2023-09-11,TSLA,Tesla,Cons. Discretionary,312.52,79385677
2023-09-12,AAPL,Apple,Technology,165.92,66952771
2023-09-12,AMD,AMD,Technology,88.01,84220604
2023-09-12,AMZN,Amazon,Cons. Discretionary,195.49,63804920
2023-09-12,AVGO,Broadcom,Technology,94.71,13893196
2023-09-12,CRM,Salesforce,Technology,170.39,5375185
2023-09-12,GOOGL,Alphabet,Communication Svcs.,104.81,30082939
2023-09-12,IBM,IBM,Technology,170.95,2798927
2023-09-12,INTC,Intel,Technology,44.22,26785823
2023-09-12,META,Meta Platforms,Communication Svcs.,283.02,24064984
2023-09-12,MSFT,Microsoft,Technology,316.46,27445205
2023-09-12,NFLX,Netflix,Communication Svcs.,429.42,4817366
2023-09-12,NVDA,NVIDIA,Technology,32.71,425760217
2023-09-12,ORCL,Oracle,Technology,116.22,8231570
2023-09-12,QCOM,Qualcomm,Technology,137.24,8323801
2023-09-12,TSLA,Tesla,Cons. Discretionary,308.6,69535093
2023-09-13,AAPL,Apple,Technology,168.73,52795302
2023-09-13,AMD,AMD,Technology,88.2,60932027
2023-09-13,AMZN,Amazon,Cons. Discretionary,199.46,66305072
2023-09-13,AVGO,Broadcom,Technology,97.08,27685632
2023-09-13,CRM,Salesforce,Technology,165.07,5590943
2023-09-13,GOOGL,Alphabet,Communication Svcs.,104.89,38040962
2023-09-13,IBM,IBM,Technology,171.81,4677124
2023-09-13,INTC,Intel,Technology,43.57,49727694
2023-09-13,META,Meta Platforms,Communication Svcs.,283.55,24438589
2023-09-13,MSFT,Microsoft,Technology,320.93,19936473
2023-09-13,NFLX,Netflix,Communication Svcs.,429.34,6120333
2023-09-13,NVDA,NVIDIA,Technology,32.99,321213048
2023-09-13,ORCL,Oracle,Technology,116.4,9535418
2023-09-13,QCOM,Qualcomm,Technology,136.74,8433588
2023-09-13,TSLA,Tesla,Cons. Discretionary,326.69,58213605
2023-09-14,AAPL,Apple,Technology,173.89,79678590
2023-09-14,AMD,AMD,Technology,90.33,43009717
2023-09-14,AMZN,Amazon,Cons. Discretionary,196.82,60189013
2023-09-14,AVGO,Broadcom,Technology,98.02,19840442
2023-09-14,CRM,Salesforce,Technology,168.7,8434512
2023-09-14,GOOGL,Alphabet,Communication Svcs.,104.49,22578542
2023-09-14,IBM,IBM,Technology,173.53,3657795
2023-09-14,INTC,Intel,Technology,43.32,38053382
2023-09-14,META,Meta Platforms,Communication Svcs.,291.37,23507730
2023-09-14,MSFT,Microsoft,Technology,329.55,11688049
2023-09-14,NFLX,Netflix,Communication Svcs.,441.28,3577338
2023-09-14,NVDA,NVIDIA,Technology,33.31,726550331
2023-09-14,ORCL,Oracle,Technology,115.55,8072655
2023-09-14,QCOM,Qualcomm,Technology,141.41,13569892
2023-09-14,TSLA,Tesla,Cons. Discretionary,320.84,118174857
2023-09-15,AAPL,Apple,Technology,173.03,66374771
2023-09-15,AMD,AMD,Technology,89.85,53700199
2023-09-15,AMZN,Amazon,Cons. Discretionary,188.77,52767843
2023-09-15,AVGO,Broadcom,Technology,99.32,27060557
2023-09-15,CRM,Salesforce,Technology,172.65,4500261
2023-09-15,GOOGL,Alphabet,Communication Svcs.,105.26,19795400
2023-09-15,IBM,IBM,Technology,172.11,3450009
2023-09-15,INTC,Intel,Technology,43.41,31498702
2023-09-15,META,Meta Platforms,Communication Svcs.,308.67,17102915
2023-09-15,MSFT,Microsoft,Technology,329.72,23262411
2023-09-15,NFLX,Netflix,Communication Svcs.,427.04,6247241
2023-09-15,NVDA,NVIDIA,Technology,33.83,294978922
2023-09-15,ORCL,Oracle,Technology,115.18,11976691
2023-09-15,QCOM,Qualcomm,Technology,139.61,6457750
2023-09-15,TSLA,Tesla,Cons. Discretionary,302.41,95967809
2023-09-18,AAPL,Apple,Technology,176.49,79645145
2023-09-18,AMD,AMD,Technology,87.49,49028310
2023-09-18,AMZN,Amazon,Cons. Discretionary,187.69,41288561
2023-09-18,AVGO,Broadcom,Technology,99.01,17187178
2023-09-18,CRM,Salesforce,Technology,170.33,4899726
2023-09-18,GOOGL,Alphabet,Communication Svcs.,105.4,42318928
2023-09-18,IBM,IBM,Technology,177.32,3205228
2023-09-18,INTC,Intel,Technology,42.97,25383287
2023-09-18,META,Meta Platforms,Communication Svcs.,312.23,18532052
2023-09-18,MSFT,Microsoft,Technology,335.07,29732393
2023-09-18,NFLX,Netflix,Communication Svcs.,441.42,7560720
2023-09-18,NVDA,NVIDIA,Technology,34.05,550888557
2023-09-18,ORCL,Oracle,Technology,114.46,13426772
2023-09-18,QCOM,Qualcomm,Technology,138.22,7198267
2023-09-18,TSLA,Tesla,Cons. Discretionary,297.69,132441522
2023-09-19,AAPL,Apple,Technology,177.21,63030818
2023-09-19,AMD,AMD,Technology,92.4,34949563
2023-09-19,AMZN,Amazon,Cons. Discretionary,189.84,43512568
2023-09-19,AVGO,Broadcom,Technology,97.34,15625570
2023-09-19,CRM,Salesforce,Technology,171.35,6192802
2023-09-19,GOOGL,Alphabet,Communication Svcs.,101.34,21097144
2023-09-19,IBM,IBM,Technology,175.39,6232224
2023-09-19,INTC,Intel,Technology,43.72,33247044
2023-09-19,META,Meta Platforms,Communication Svcs.,306.97,24268067
2023-09-19,MSFT,Microsoft,Technology,339.48,31257646
2023-09-19,NFLX,Netflix,Communication Svcs.,432.91,5163328
2023-09-19,NVDA,NVIDIA,Technology,32.93,425822662
2023-09-19,ORCL,Oracle,Technology,114.99,10051715
2023-09-19,QCOM,Qualcomm,Technology,136.25,12732161
2023-09-19,TSLA,Tesla,Cons. Discretionary,290.9,92250984
2023-09-20,AAPL,Apple,Technology,176.27,77690242
2023-09-20,AMD,AMD,Technology,88.82,57992924
2023-09-20,AMZN,Amazon,Cons. Discretionary,191.25,57512421
2023-09-20,AVGO,Broadcom,Technology,98.86,23893280
2023-09-20,CRM,Salesforce,Technology,169.51,4717004
2023-09-20,GOOGL,Alphabet,Communication Svcs.,99.53,22400418
2023-09-20,IBM,IBM,Technology,174.4,5612997
2023-09-20,INTC,Intel,Technology,43.49,32064146
2023-09-20,META,Meta Platforms,Communication Svcs.,311.66,22911463
2023-09-20,MSFT,Microsoft,Technology,336.17,23206002
2023-09-20,NFLX,Netflix,Communication Svcs.,429.42,4567661
2023-09-20,NVDA,NVIDIA,Technology,35.4,492343684
2023-09-20,ORCL,Oracle,Technology,114.52,13107463
2023-09-20,QCOM,Qualcomm,Technology,134.99,8834487
2023-09-20,TSLA,Tesla,Cons. Discretionary,289.51,143212094
2023-09-21,AAPL,Apple,Technology,173.4,58727024
2023-09-21,AMD,AMD,Technology,83.43,48209404
2023-09-21,AMZN,Amazon,Cons. Discretionary,192.45,47758719
2023-09-21,AVGO,Broadcom,Technology,98.09,15509782
2023-09-21,CRM,Salesforce,Technology,177.46,8608180
2023-09-21,GOOGL,Alphabet,Communication Svcs.,100.71,23053515
2023-09-21,IBM,IBM,Technology,172.7,3550036
2023-09-21,INTC,Intel,Technology,42.79,32997272
2023-09-21,META,Meta Platforms,Communication Svcs.,317.52,27648775
2023-09-21,MSFT,Microsoft,Technology,333.74,18903298
2023-09-21,NFLX,Netflix,Communication Svcs.,434.44,5840289
2023-09-21,NVDA,NVIDIA,Technology,35.69,402579864
2023-09-21,ORCL,Oracle,Technology,114.12,7679357
2023-09-21,QCOM,Qualcomm,Technology,135.77,8847421
2023-09-21,TSLA,Tesla,Cons. Discretionary,318.77,94408246
2023-09-22,AAPL,Apple,Technology,170.81,48172883
2023-09-22,AMD,AMD,Technology,85.84,67473710
2023-09-22,AMZN,Amazon,Cons. Discretionary,190.89,64895959
2023-09-22,AVGO,Broadcom,Technology,97.95,22823953
2023-09-22,CRM,Salesforce,Technology,178.52,8828215
2023-09-22,GOOGL,Alphabet,Communication Svcs.,103.67,32853376
2023-09-22,IBM,IBM,Technology,172.28,4788865
2023-09-22,INTC,Intel,Technology,45.08,42910427
2023-09-22,META,Meta Platforms,Communication Svcs.,322.98,12905412
2023-09-22,MSFT,Microsoft,Technology,335.37,23194355
2023-09-22,NFLX,Netflix,Communication Svcs.,437.48,2489025
2023-09-22,NVDA,NVIDIA,Technology,37.13,423573604
2023-09-22,ORCL,Oracle,Technology,114.62,8322210
2023-09-22,QCOM,Qualcomm,Technology,132.22,16243005
2023-09-22,TSLA,Tesla,Cons. Discretionary,332.8,63361202
2023-09-25,AAPL,Apple,Technology,165.84,70609136
2023-09-25,AMD,AMD,Technology,87.31,44374260
2023-09-25,AMZN,Amazon,Cons. Discretionary,189.55,43663962
2023-09-25,AVGO,Broadcom,Technology,100.28,19800357
2023-09-25,CRM,Salesforce,Technology,179.57,7672496
2023-09-25,GOOGL,Alphabet,Communication Svcs.,101.46,32719271
2023-09-25,IBM,IBM,Technology,173.07,4314039
2023-09-25,INTC,Intel,Technology,44.13,28162079
2023-09-25,META,Meta Platforms,Communication Svcs.,320.53,27497625
2023-09-25,MSFT,Microsoft,Technology,349.26,26237377
2023-09-25,NFLX,Netflix,Communication Svcs.,436.4,5807482
2023-09-25,NVDA,NVIDIA,Technology,37.45,436908792
2023-09-25,ORCL,Oracle,Technology,112.31,17185564
2023-09-25,QCOM,Qualcomm,Technology,133.33,10587350
2023-09-25,TSLA,Tesla,Cons. Discretionary,332.22,154214881
2023-09-26,AAPL,Apple,Technology,167.81,48254578
2023-09-26,AMD,AMD,Technology,86.4,45861281
2023-09-26,AMZN,Amazon,Cons. Discretionary,191.44,62428588
2023-09-26,AVGO,Broadcom,Technology,101.31,22981740
2023-09-26,CRM,Salesforce,Technology,184.24,4746768
2023-09-26,GOOGL,Alphabet,Communication Svcs.,101.34,31252289
2023-09-26,IBM,IBM,Technology,172.66,4334449
2023-09-26,INTC,Intel,Technology,43.43,51159844
2023-09-26,META,Meta Platforms,Communication Svcs.,314.81,28104841
2023-09-26,MSFT,Microsoft,Technology,344.49,42106061
2023-09-26,NFLX,Netflix,Communication Svcs.,473.77,4229238
2023-09-26,NVDA,NVIDIA,Technology,37.06,347228875
2023-09-26,ORCL,Oracle,Technology,112.23,7290382
2023-09-26,QCOM,Qualcomm,Technology,132.55,6425159
2023-09-26,TSLA,Tesla,Cons. Discretionary,357.29,113150588
2023-09-27,AAPL,Apple,Technology,169.15,70976922
2023-09-27,AMD,AMD,Technology,89.22,54094963
2023-09-27,AMZN,Amazon,Cons. Discretionary,190.21,43009775
2023-09-27,AVGO,Broadcom,Technology,101.89,22474986
2023-09-27,CRM,Salesforce,Technology,183.58,4729271
2023-09-27,GOOGL,Alphabet,Communication Svcs.,103.53,23290440
2023-09-27,IBM,IBM,Technology,174.3,3528778
2023-09-27,INTC,Intel,Technology,43.82,32342957
2023-09-27,META,Meta Platforms,Communication Svcs.,308.72,26878975
2023-09-27,MSFT,Microsoft,Technology,348.45,19739522
2023-09-27,NFLX,Netflix,Communication Svcs.,463.69,5291944
2023-09-27,NVDA,NVIDIA,Technology,37.42,354839417
2023-09-27,ORCL,Oracle,Technology,113.19,7781996
2023-09-27,QCOM,Qualcomm,Technology,134.87,9906735
2023-09-27,TSLA,Tesla,Cons. Discretionary,355.11,102805320
2023-09-28,AAPL,Apple,Technology,170.88,81166826
2023-09-28,AMD,AMD,Technology,89.54,62633483
2023-09-28,AMZN,Amazon,Cons. Discretionary,182.97,46297313
2023-09-28,AVGO,Broadcom,Technology,99.91,23538304
2023-09-28,CRM,Salesforce,Technology,180.46,4100395
2023-09-28,GOOGL,Alphabet,Communication Svcs.,105.88,16108244
2023-09-28,IBM,IBM,Technology,172.83,3826090
2023-09-28,INTC,Intel,Technology,46.01,37401737
2023-09-28,META,Meta Platforms,Communication Svcs.,318.58,16599851
2023-09-28,MSFT,Microsoft,Technology,349.4,33449818
2023-09-28,NFLX,Netflix,Communication Svcs.,467.49,5371841
2023-09-28,NVDA,NVIDIA,Technology,37.36,469312795
2023-09-28,ORCL,Oracle,Technology,113.83,12290434
2023-09-28,QCOM,Qualcomm,Technology,136.79,7027682
2023-09-28,TSLA,Tesla,Cons. Discretionary,350.27,91659745
2023-09-29,AAPL,Apple,Technology,172.2,67038307
2023-09-29,AMD,AMD,Technology,89.06,22946580
2023-09-29,AMZN,Amazon,Cons. Discretionary,178.86,49464961
2023-09-29,AVGO,Broadcom,Technology,98.36,23120110
2023-09-29,CRM,Salesforce,Technology,179.58,4615773
2023-09-29,GOOGL,Alphabet,Communication Svcs.,106.4,25913030
2023-09-29,IBM,IBM,Technology,175.92,3150161
2023-09-29,INTC,Intel,Technology,47.88,32378834
2023-09-29,META,Meta Platforms,Communication Svcs.,312.64,19828132
2023-09-29,MSFT,Microsoft,Technology,355.73,39401590
2023-09-29,NFLX,Netflix,Communication Svcs.,458.11,4954090
2023-09-29,NVDA,NVIDIA,Technology,39.31,485627878
2023-09-29,ORCL,Oracle,Technology,114.79,8897967
2023-09-29,QCOM,Qualcomm,Technology,141.4,8274462
2023-09-29,TSLA,Tesla,Cons. Discretionary,340.87,112900843
2023-10-02,AAPL,Apple,Technology,174.58,47147422
2023-10-02,AMD,AMD,Technology,89.32,66837742
2023-10-02,AMZN,Amazon,Cons. Discretionary,179.23,53225874
2023-10-02,AVGO,Broadcom,Technology,97.95,18318852
2023-10-02,CRM,Salesforce,Technology,181.05,5262666
2023-10-02,GOOGL,Alphabet,Communication Svcs.,106.52,16313976
2023-10-02,IBM,IBM,Technology,174.96,5896638
2023-10-02,INTC,Intel,Technology,47.46,39328543
2023-10-02,META,Meta Platforms,Communication Svcs.,328.03,22209025
2023-10-02,MSFT,Microsoft,Technology,349.74,22882347
2023-10-02,NFLX,Netflix,Communication Svcs.,454.42,3795163
2023-10-02,NVDA,NVIDIA,Technology,38.51,508505535
2023-10-02,ORCL,Oracle,Technology,115.22,10387908
2023-10-02,QCOM,Qualcomm,Technology,142.68,7192870
2023-10-02,TSLA,Tesla,Cons. Discretionary,346.76,184031252
2023-10-03,AAPL,Apple,Technology,176.29,70443680
2023-10-03,AMD,AMD,Technology,86.05,40575123
2023-10-03,AMZN,Amazon,Cons. Discretionary,176.99,41101206
2023-10-03,AVGO,Broadcom,Technology,98.25,18216347
2023-10-03,CRM,Salesforce,Technology,179.97,4814647
2023-10-03,GOOGL,Alphabet,Communication Svcs.,109.79,33458292
2023-10-03,IBM,IBM,Technology,174.12,3523262
2023-10-03,INTC,Intel,Technology,45.92,40215550
2023-10-03,META,Meta Platforms,Communication Svcs.,323.89,26883059
2023-10-03,MSFT,Microsoft,Technology,356.79,21856906
2023-10-03,NFLX,Netflix,Communication Svcs.,484.55,5962671
2023-10-03,NVDA,NVIDIA,Technology,37.89,411326340
2023-10-03,ORCL,Oracle,Technology,114.85,11579137
2023-10-03,QCOM,Qualcomm,Technology,144.87,8171846
2023-10-03,TSLA,Tesla,Cons. Discretionary,345.18,45341152
2023-10-04,AAPL,Apple,Technology,172.18,53091655
2023-10-04,AMD,AMD,Technology,88.66,58476523
2023-10-04,AMZN,Amazon,Cons. Discretionary,176.5,50534215
2023-10-04,AVGO,Broadcom,Technology,97.23,16924305
2023-10-04,CRM,Salesforce,Technology,177.07,4630026
2023-10-04,GOOGL,Alphabet,Communication Svcs.,109.61,35495042
2023-10-04,IBM,IBM,Technology,172.5,3384857
2023-10-04,INTC,Intel,Technology,46.57,22699680
2023-10-04,META,Meta Platforms,Communication Svcs.,327.34,24535738
2023-10-04,MSFT,Microsoft,Technology,363.91,41664481
2023-10-04,NFLX,Netflix,Communication Svcs.,482.97,4491482
2023-10-04,NVDA,NVIDIA,Technology,39.13,513800977
2023-10-04,ORCL,Oracle,Technology,113.88,10529551
2023-10-04,QCOM,Qualcomm,Technology,147.42,5556065
2023-10-04,TSLA,Tesla,Cons. Discretionary,363.59,124664077
2023-10-05,AAPL,Apple,Technology,172.73,54754700
2023-10-05,AMD,AMD,Technology,87.1,55504059
2023-10-05,AMZN,Amazon,Cons. Discretionary,177.99,43247956
2023-10-05,AVGO,Broadcom,Technology,95.88,18187643
2023-10-05,CRM,Salesforce,Technology,178.82,5780170
2023-10-05,GOOGL,Alphabet,Communication Svcs.,107.44,43408858
2023-10-05,IBM,IBM,Technology,171.32,2689742
2023-10-05,INTC,Intel,Technology,45.27,28453786
2023-10-05,META,Meta Platforms,Communication Svcs.,322.09,35732931
2023-10-05,MSFT,Microsoft,Technology,365.79,39541235
2023-10-05,NFLX,Netflix,Communication Svcs.,496.75,4658477
2023-10-05,NVDA,NVIDIA,Technology,38.86,305095313
2023-10-05,ORCL,Oracle,Technology,111.36,10611736
2023-10-05,QCOM,Qualcomm,Technology,143.39,13212667
2023-10-05,TSLA,Tesla,Cons. Discretionary,366.2,71359285
2023-10-06,AAPL,Apple,Technology,175.99,46346484
2023-10-06,AMD,AMD,Technology,86.78,54588023
2023-10-06,AMZN,Amazon,Cons. Discretionary,173.56,32920114
2023-10-06,AVGO,Broadcom,Technology,92.84,18486846
2023-10-06,CRM,Salesforce,Technology,178.9,6595961
2023-10-06,GOOGL,Alphabet,Communication Svcs.,107.15,24013821
2023-10-06,IBM,IBM,Technology,167.26,3895976
2023-10-06,INTC,Intel,Technology,43.62,22969495
2023-10-06,META,Meta Platforms,Communication Svcs.,325.35,16153236
2023-10-06,MSFT,Microsoft,Technology,365.43,25275478
2023-10-06,NFLX,Netflix,Communication Svcs.,502.47,8273395
2023-10-06,NVDA,NVIDIA,Technology,38.88,748269102
2023-10-06,ORCL,Oracle,Technology,110.76,12685953
2023-10-06,QCOM,Qualcomm,Technology,143.39,5739472
2023-10-06,TSLA,Tesla,Cons. Discretionary,379.05,60640637
2023-10-09,AAPL,Apple,Technology,175.4,69661793
2023-10-09,AMD,AMD,Technology,87.6,43036259
2023-10-09,AMZN,Amazon,Cons. Discretionary,167.6,40140621
2023-10-09,AVGO,Broadcom,Technology,99.54,25628727
2023-10-09,CRM,Salesforce,Technology,178.49,4201177
2023-10-09,GOOGL,Alphabet,Communication Svcs.,106.94,18717847
2023-10-09,IBM,IBM,Technology,163.98,4357788
2023-10-09,INTC,Intel,Technology,44.16,46104096
2023-10-09,META,Meta Platforms,Communication Svcs.,328.34,15554723
2023-10-09,MSFT,Microsoft,Technology,372.83,37355254
2023-10-09,NFLX,Netflix,Communication Svcs.,496.28,3831081
2023-10-09,NVDA,NVIDIA,Technology,39.1,447149958
2023-10-09,ORCL,Oracle,Technology,113.55,9698391
2023-10-09,QCOM,Qualcomm,Technology,142.37,4709969
2023-10-09,TSLA,Tesla,Cons. Discretionary,385.89,65674014
2023-10-10,AAPL,Apple,Technology,172.6,53993022
2023-10-10,AMD,AMD,Technology,91.35,38336631
2023-10-10,AMZN,Amazon,Cons. Discretionary,163.78,85568499
2023-10-10,AVGO,Broadcom,Technology,98.26,13587330
2023-10-10,CRM,Salesforce,Technology,176.51,5876221
2023-10-10,GOOGL,Alphabet,Communication Svcs.,111.57,31860258
2023-10-10,IBM,IBM,Technology,162.81,3000300
2023-10-10,INTC,Intel,Technology,43.33,22037830
2023-10-10,META,Meta Platforms,Communication Svcs.,316.55,23398216
2023-10-10,MSFT,Microsoft,Technology,369.7,22397128
2023-10-10,NFLX,Netflix,Communication Svcs.,490.1,8097140
2023-10-10,NVDA,NVIDIA,Technology,39.49,353382474
2023-10-10,ORCL,Oracle,Technology,109.75,8747714
2023-10-10,QCOM,Qualcomm,Technology,140.5,4947224
2023-10-10,TSLA,Tesla,Cons. Discretionary,375.71,94189681
2023-10-11,AAPL,Apple,Technology,175.52,70073519
2023-10-11,AMD,AMD,Technology,88.48,29239961
2023-10-11,AMZN,Amazon,Cons. Discretionary,158.71,57072778
2023-10-11,AVGO,Broadcom,Technology,98.19,21614488
2023-10-11,CRM,Salesforce,Technology,177.05,6125499
2023-10-11,GOOGL,Alphabet,Communication Svcs.,113.25,23452241
2023-10-11,IBM,IBM,Technology,163.47,5255097
2023-10-11,INTC,Intel,Technology,43.38,25909207
2023-10-11,META,Meta Platforms,Communication Svcs.,326.29,17897329
2023-10-11,MSFT,Microsoft,Technology,364.81,15773664
2023-10-11,NFLX,Netflix,Communication Svcs.,500.18,6713696
2023-10-11,NVDA,NVIDIA,Technology,40.22,443825076
2023-10-11,ORCL,Oracle,Technology,108.47,6101817
2023-10-11,QCOM,Qualcomm,Technology,144.58,7063771
2023-10-11,TSLA,Tesla,Cons. Discretionary,368.47,139703214
2023-10-12,AAPL,Apple,Technology,174.9,44753475
2023-10-12,AMD,AMD,Technology,91.79,52348283
2023-10-12,AMZN,Amazon,Cons. Discretionary,158.63,49896505
2023-10-12,AVGO,Broadcom,Technology,100.09,18045489
2023-10-12,CRM,Salesforce,Technology,171.62,5942784
2023-10-12,GOOGL,Alphabet,Communication Svcs.,114.47,19794752
2023-10-12,IBM,IBM,Technology,161.98,4006925
2023-10-12,INTC,Intel,Technology,45.98,17217749
2023-10-12,META,Meta Platforms,Communication Svcs.,339.92,12511346
2023-10-12,MSFT,Microsoft,Technology,369.38,27984165
2023-10-12,NFLX,Netflix,Communication Svcs.,488.86,4687746
2023-10-12,NVDA,NVIDIA,Technology,39.2,428829237
2023-10-12,ORCL,Oracle,Technology,107.95,9693716
2023-10-12,QCOM,Qualcomm,Technology,144.16,7135441
2023-10-12,TSLA,Tesla,Cons. Discretionary,359.02,90645876
2023-10-13,AAPL,Apple,Technology,177.65,82357336
2023-10-13,AMD,AMD,Technology,94.54,31986892
2023-10-13,AMZN,Amazon,Cons. Discretionary,162.68,65577987
2023-10-13,AVGO,Broadcom,Technology,98.46,17385454
2023-10-13,CRM,Salesforce,Technology,173.77,4911367
2023-10-13,GOOGL,Alphabet,Communication Svcs.,116.86,29795376
2023-10-13,IBM,IBM,Technology,162.51,3294077
2023-10-13,INTC,Intel,Technology,46.75,33203262
2023-10-13,META,Meta Platforms,Communication Svcs.,331.86,21947853
2023-10-13,MSFT,Microsoft,Technology,369.68,21522943
2023-10-13,NFLX,Netflix,Communication Svcs.,505.96,6726475
2023-10-13,NVDA,NVIDIA,Technology,38.26,388576205
2023-10-13,ORCL,Oracle,Technology,109.98,11402986
2023-10-13,QCOM,Qualcomm,Technology,142.54,6873835
2023-10-13,TSLA,Tesla,Cons. Discretionary,378.67,85277475
2023-10-16,AAPL,Apple,Technology,175.99,69789602
2023-10-16,AMD,AMD,Technology,93.66,41401882
2023-10-16,AMZN,Amazon,Cons. Discretionary,163.01,55605669
2023-10-16,AVGO,Broadcom,Technology,99.42,28236097
2023-10-16,CRM,Salesforce,Technology,182.32,8521616
2023-10-16,GOOGL,Alphabet,Communication Svcs.,117.19,21568407
2023-10-16,IBM,IBM,Technology,163.79,2673104
2023-10-16,INTC,Intel,Technology,45.89,38722266
2023-10-16,META,Meta Platforms,Communication Svcs.,348.32,19749082
2023-10-16,MSFT,Microsoft,Technology,370.36,25491568
2023-10-16,NFLX,Netflix,Communication Svcs.,513.44,3434413
2023-10-16,NVDA,NVIDIA,Technology,38.19,403477333
2023-10-16,ORCL,Oracle,Technology,109.99,7718912
2023-10-16,QCOM,Qualcomm,Technology,144.85,8321801
2023-10-16,TSLA,Tesla,Cons. Discretionary,381.06,65767903
2023-10-17,AAPL,Apple,Technology,177.85,48474756
2023-10-17,AMD,AMD,Technology,102.25,39256801
2023-10-17,AMZN,Amazon,Cons. Discretionary,165.94,72937816
2023-10-17,AVGO,Broadcom,Technology,97.22,18590973
2023-10-17,CRM,Salesforce,Technology,185.58,7773247
2023-10-17,GOOGL,Alphabet,Communication Svcs.,117.85,24839510
2023-10-17,IBM,IBM,Technology,166.18,4650602
2023-10-17,INTC,Intel,Technology,45.43,46468723
2023-10-17,META,Meta Platforms,Communication Svcs.,344.48,14955283
2023-10-17,MSFT,Microsoft,Technology,378.1,33292030
2023-10-17,NFLX,Netflix,Communication Svcs.,528.92,5747050
2023-10-17,NVDA,NVIDIA,Technology,38.44,340248383
2023-10-17,ORCL,Oracle,Technology,109.89,10690122
2023-10-17,QCOM,Qualcomm,Technology,149.73,7020009
2023-10-17,TSLA,Tesla,Cons. Discretionary,378.06,91823123
2023-10-18,AAPL,Apple,Technology,180.21,51048589
2023-10-18,AMD,AMD,Technology,103.06,46692960
2023-10-18,AMZN,Amazon,Cons. Discretionary,164.63,34467280
2023-10-18,AVGO,Broadcom,Technology,95.97,24635670
2023-10-18,CRM,Salesforce,Technology,185.53,4588685
2023-10-18,GOOGL,Alphabet,Communication Svcs.,121.56,22740001
2023-10-18,IBM,IBM,Technology,166.39,3483289
2023-10-18,INTC,Intel,Technology,46.98,33482911
2023-10-18,META,Meta Platforms,Communication Svcs.,343.49,16579315
2023-10-18,MSFT,Microsoft,Technology,372.5,28324342
2023-10-18,NFLX,Netflix,Communication Svcs.,526.92,4526800
2023-10-18,NVDA,NVIDIA,Technology,36.79,489396894
2023-10-18,ORCL,Oracle,Technology,109.92,8225592
2023-10-18,QCOM,Qualcomm,Technology,152.08,7529586
2023-10-18,TSLA,Tesla,Cons. Discretionary,353.96,134123052
2023-10-19,AAPL,Apple,Technology,181.44,50867472
2023-10-19,AMD,AMD,Technology,102.93,46262941
2023-10-19,AMZN,Amazon,Cons. Discretionary,163.34,40124032
2023-10-19,AVGO,Broadcom,Technology,91.68,26489303
2023-10-19,CRM,Salesforce,Technology,187.59,5690229
2023-10-19,GOOGL,Alphabet,Communication Svcs.,123.97,23590045
2023-10-19,IBM,IBM,Technology,168.17,3773081
2023-10-19,INTC,Intel,Technology,46.46,54230911
2023-10-19,META,Meta Platforms,Communication Svcs.,348.95,23022393
2023-10-19,MSFT,Microsoft,Technology,376.55,20529384
2023-10-19,NFLX,Netflix,Communication Svcs.,523.06,7112416
2023-10-19,NVDA,NVIDIA,Technology,36.74,324211416
2023-10-19,ORCL,Oracle,Technology,109.38,11188390
2023-10-19,QCOM,Qualcomm,Technology,147.75,7074863
2023-10-19,TSLA,Tesla,Cons. Discretionary,366.95,112565920
2023-10-20,AAPL,Apple,Technology,180.36,45377758
2023-10-20,AMD,AMD,Technology,102.86,41451920
2023-10-20,AMZN,Amazon,Cons. Discretionary,166.93,50665973
2023-10-20,AVGO,Broadcom,Technology,92.17,26521461
2023-10-20,CRM,Salesforce,Technology,186.65,6597509
2023-10-20,GOOGL,Alphabet,Communication Svcs.,126.1,20673442
2023-10-20,IBM,IBM,Technology,168.58,3702515
2023-10-20,INTC,Intel,Technology,45.19,49685815
2023-10-20,META,Meta Platforms,Communication Svcs.,341.85,14825780
2023-10-20,MSFT,Microsoft,Technology,367.38,27911536
2023-10-20,NFLX,Netflix,Communication Svcs.,522.62,3455017
2023-10-20,NVDA,NVIDIA,Technology,36.43,633278730
2023-10-20,ORCL,Oracle,Technology,108.01,15142178
2023-10-20,QCOM,Qualcomm,Technology,147.5,11272022
2023-10-20,TSLA,Tesla,Cons. Discretionary,356.78,85480452
2023-10-23,AAPL,Apple,Technology,179.28,54411477
2023-10-23,AMD,AMD,Technology,98.31,36534357
2023-10-23,AMZN,Amazon,Cons. Discretionary,169.03,38383902
2023-10-23,AVGO,Broadcom,Technology,94.91,26726180
2023-10-23,CRM,Salesforce,Technology,184.36,4168059
2023-10-23,GOOGL,Alphabet,Communication Svcs.,125.06,15529374
2023-10-23,IBM,IBM,Technology,172.36,2950603
2023-10-23,INTC,Intel,Technology,46.02,32163903
2023-10-23,META,Meta Platforms,Communication Svcs.,330.1,10768011
2023-10-23,MSFT,Microsoft,Technology,369.42,28854831
2023-10-23,NFLX,Netflix,Communication Svcs.,500.45,4302410
2023-10-23,NVDA,NVIDIA,Technology,37.18,305071674
2023-10-23,ORCL,Oracle,Technology,108.45,12839032
2023-10-23,QCOM,Qualcomm,Technology,149.79,10911660
2023-10-23,TSLA,Tesla,Cons. Discretionary,355.94,121702288
2023-10-24,AAPL,Apple,Technology,181.26,84372771
2023-10-24,AMD,AMD,Technology,99.18,73564533
2023-10-24,AMZN,Amazon,Cons. Discretionary,169.95,36713621
2023-10-24,AVGO,Broadcom,Technology,94.28,18968360
2023-10-24,CRM,Salesforce,Technology,186.68,3595223
2023-10-24,GOOGL,Alphabet,Communication Svcs.,122.08,21088999
2023-10-24,IBM,IBM,Technology,172.93,4508275
2023-10-24,INTC,Intel,Technology,46.38,33404144
2023-10-24,META,Meta Platforms,Communication Svcs.,319.11,22694606
2023-10-24,MSFT,Microsoft,Technology,366.44,30724941
2023-10-24,NFLX,Netflix,Communication Svcs.,493.1,4271347
2023-10-24,NVDA,NVIDIA,Technology,36.78,548793384
2023-10-24,ORCL,Oracle,Technology,107.33,12337595
2023-10-24,QCOM,Qualcomm,Technology,149.96,5364196
2023-10-24,TSLA,Tesla,Cons. Discretionary,356.03,111669248
2023-10-25,AAPL,Apple,Technology,181.9,69594067
2023-10-25,AMD,AMD,Technology,99.76,66401220
2023-10-25,AMZN,Amazon,Cons. Discretionary,170.07,55830642
2023-10-25,AVGO,Broadcom,Technology,98.27,19490841
2023-10-25,CRM,Salesforce,Technology,190.75,4666440
2023-10-25,GOOGL,Alphabet,Communication Svcs.,122.57,25760355
2023-10-25,IBM,IBM,Technology,173.81,3706039
2023-10-25,INTC,Intel,Technology,45.57,33386252
2023-10-25,META,Meta Platforms,Communication Svcs.,312.42,12704842
2023-10-25,MSFT,Microsoft,Technology,374.57,24638285
2023-10-25,NFLX,Netflix,Communication Svcs.,488.64,5277412
2023-10-25,NVDA,NVIDIA,Technology,39.36,508860427
2023-10-25,ORCL,Oracle,Technology,108.23,11921158
2023-10-25,QCOM,Qualcomm,Technology,146.2,6747973
2023-10-25,TSLA,Tesla,Cons. Discretionary,352.84,98014431
2023-10-26,AAPL,Apple,Technology,179.49,56612499
2023-10-26,AMD,AMD,Technology,103.91,43299018
2023-10-26,AMZN,Amazon,Cons. Discretionary,167.09,36454165
2023-10-26,AVGO,Broadcom,Technology,103.56,22508567
2023-10-26,CRM,Salesforce,Technology,195.39,5439208
2023-10-26,GOOGL,Alphabet,Communication Svcs.,123.34,24082874
2023-10-26,IBM,IBM,Technology,172.57,2471446
2023-10-26,INTC,Intel,Technology,44.96,36981460
2023-10-26,META,Meta Platforms,Communication Svcs.,300.2,15994711
2023-10-26,MSFT,Microsoft,Technology,375.44,20892690
2023-10-26,NFLX,Netflix,Communication Svcs.,483.6,8014520
2023-10-26,NVDA,NVIDIA,Technology,39.62,396730950
2023-10-26,ORCL,Oracle,Technology,107.44,7892269
2023-10-26,QCOM,Qualcomm,Technology,145.43,7490531
2023-10-26,TSLA,Tesla,Cons. Discretionary,347.4,127374229
2023-10-27,AAPL,Apple,Technology,180.97,54486291
2023-10-27,AMD,AMD,Technology,98.28,51587214
2023-10-27,AMZN,Amazon,Cons. Discretionary,158.04,51129657
2023-10-27,AVGO,Broadcom,Technology,106.57,25875696
2023-10-27,CRM,Salesforce,Technology,199.74,4875657
2023-10-27,GOOGL,Alphabet,Communication Svcs.,120.24,30197513
2023-10-27,IBM,IBM,Technology,172.28,3635430
2023-10-27,INTC,Intel,Technology,45.93,21136095
2023-10-27,META,Meta Platforms,Communication Svcs.,316.85,13660770
2023-10-27,MSFT,Microsoft,Technology,379.68,39532529
2023-10-27,NFLX,Netflix,Communication Svcs.,480.23,4779059
2023-10-27,NVDA,NVIDIA,Technology,39.9,479649609
2023-10-27,ORCL,Oracle,Technology,105.48,7650409
2023-10-27,QCOM,Qualcomm,Technology,145.42,13257576
2023-10-27,TSLA,Tesla,Cons. Discretionary,342.18,128056585
2023-10-30,AAPL,Apple,Technology,179.49,59674984
2023-10-30,AMD,AMD,Technology,96.83,31527214
2023-10-30,AMZN,Amazon,Cons. Discretionary,155.74,60608542
2023-10-30,AVGO,Broadcom,Technology,109.87,18484259
2023-10-30,CRM,Salesforce,Technology,196.3,5889120
2023-10-30,GOOGL,Alphabet,Communication Svcs.,120.43,30454792
2023-10-30,IBM,IBM,Technology,169.78,4081215
2023-10-30,INTC,Intel,Technology,46.22,24353492
2023-10-30,META,Meta Platforms,Communication Svcs.,329.39,18054698
2023-10-30,MSFT,Microsoft,Technology,381.38,17715062
2023-10-30,NFLX,Netflix,Communication Svcs.,488.85,5928611
2023-10-30,NVDA,NVIDIA,Technology,41.37,321645955
2023-10-30,ORCL,Oracle,Technology,102.34,8525162
2023-10-30,QCOM,Qualcomm,Technology,142.14,10651312
2023-10-30,TSLA,Tesla,Cons. Discretionary,326.95,154926219
2023-10-31,AAPL,Apple,Technology,180.86,75872317
2023-10-31,AMD,AMD,Technology,95.83,45795726
2023-10-31,AMZN,Amazon,Cons. Discretionary,155.87,31841394
2023-10-31,AVGO,Broadcom,Technology,111.57,16893240
2023-10-31,CRM,Salesforce,Technology,195.84,6659400
2023-10-31,GOOGL,Alphabet,Communication Svcs.,121.51,16552503
2023-10-31,IBM,IBM,Technology,168.69,4124015
2023-10-31,INTC,Intel,Technology,47.0,45689409
2023-10-31,META,Meta Platforms,Communication Svcs.,309.79,14422808
2023-10-31,MSFT,Microsoft,Technology,385.48,28138441
2023-10-31,NFLX,Netflix,Communication Svcs.,478.03,5906626
2023-10-31,NVDA,NVIDIA,Technology,42.26,364229340
2023-10-31,ORCL,Oracle,Technology,100.77,7656087
2023-10-31,QCOM,Qualcomm,Technology,139.39,6022485
2023-10-31,TSLA,Tesla,Cons. Discretionary,322.85,104619616
2023-11-01,AAPL,Apple,Technology,186.54,71977105
2023-11-01,AMD,AMD,Technology,93.18,56918370
2023-11-01,AMZN,Amazon,Cons. Discretionary,151.33,39243017
2023-11-01,AVGO,Broadcom,Technology,110.95,22538650
2023-11-01,CRM,Salesforce,Technology,194.38,4936213
2023-11-01,GOOGL,Alphabet,Communication Svcs.,121.0,26201123
2023-11-01,IBM,IBM,Technology,169.18,4957966
2023-11-01,INTC,Intel,Technology,47.86,32158331
2023-11-01,META,Meta Platforms,Communication Svcs.,318.6,18784167
2023-11-01,MSFT,Microsoft,Technology,383.65,20916969
2023-11-01,NFLX,Netflix,Communication Svcs.,478.44,8994206
2023-11-01,NVDA,NVIDIA,Technology,43.36,314759919
2023-11-01,ORCL,Oracle,Technology,99.86,8897439
2023-11-01,QCOM,Qualcomm,Technology,139.97,6417493
2023-11-01,TSLA,Tesla,Cons. Discretionary,308.86,109259463
2023-11-02,AAPL,Apple,Technology,187.85,51703486
2023-11-02,AMD,AMD,Technology,94.27,51398158
2023-11-02,AMZN,Amazon,Cons. Discretionary,154.69,48216523
2023-11-02,AVGO,Broadcom,Technology,108.47,16989331
2023-11-02,CRM,Salesforce,Technology,200.03,6802374
2023-11-02,GOOGL,Alphabet,Communication Svcs.,123.03,38069157
2023-11-02,IBM,IBM,Technology,170.02,4639018
2023-11-02,INTC,Intel,Technology,46.75,41260738
2023-11-02,META,Meta Platforms,Communication Svcs.,317.24,19702163
2023-11-02,MSFT,Microsoft,Technology,381.03,20520981
2023-11-02,NFLX,Netflix,Communication Svcs.,470.31,5751763
2023-11-02,NVDA,NVIDIA,Technology,43.08,393970666
2023-11-02,ORCL,Oracle,Technology,100.72,12497521
2023-11-02,QCOM,Qualcomm,Technology,139.64,9456246
2023-11-02,TSLA,Tesla,Cons. Discretionary,304.32,98103854
2023-11-03,AAPL,Apple,Technology,188.4,65390624
2023-11-03,AMD,AMD,Technology,96.67,24667043
2023-11-03,AMZN,Amazon,Cons. Discretionary,160.98,47073938
2023-11-03,AVGO,Broadcom,Technology,109.39,27600488
2023-11-03,CRM,Salesforce,Technology,198.7,3994916
2023-11-03,GOOGL,Alphabet,Communication Svcs.,128.52,27869724
2023-11-03,IBM,IBM,Technology,172.56,3273090
2023-11-03,INTC,Intel,Technology,46.79,38442933
2023-11-03,META,Meta Platforms,Communication Svcs.,324.31,25083199
2023-11-03,MSFT,Microsoft,Technology,377.45,14022961
2023-11-03,NFLX,Netflix,Communication Svcs.,473.57,5251408
2023-11-03,NVDA,NVIDIA,Technology,42.98,384429286
2023-11-03,ORCL,Oracle,Technology,101.72,10476108
2023-11-03,QCOM,Qualcomm,Technology,136.37,12957767
2023-11-03,TSLA,Tesla,Cons. Discretionary,293.59,134284158
2023-11-06,AAPL,Apple,Technology,189.07,60249876
2023-11-06,AMD,AMD,Technology,92.59,49326131
2023-11-06,AMZN,Amazon,Cons. Discretionary,161.65,52878121
2023-11-06,AVGO,Broadcom,Technology,110.93,15156109
2023-11-06,CRM,Salesforce,Technology,196.71,8708076
2023-11-06,GOOGL,Alphabet,Communication Svcs.,132.52,26745630
2023-11-06,IBM,IBM,Technology,172.2,3552409
2023-11-06,INTC,Intel,Technology,46.89,42939958
2023-11-06,META,Meta Platforms,Communication Svcs.,316.15,13504600
2023-11-06,MSFT,Microsoft,Technology,375.47,21984488
2023-11-06,NFLX,Netflix,Communication Svcs.,457.85,4386193
2023-11-06,NVDA,NVIDIA,Technology,44.98,378069983
2023-11-06,ORCL,Oracle,Technology,100.54,12013404
2023-11-06,QCOM,Qualcomm,Technology,133.25,8397006
2023-11-06,TSLA,Tesla,Cons. Discretionary,297.38,181348619
2023-11-07,AAPL,Apple,Technology,187.35,62703223
2023-11-07,AMD,AMD,Technology,95.62,64040391
2023-11-07,AMZN,Amazon,Cons. Discretionary,160.56,43710711
2023-11-07,AVGO,Broadcom,Technology,117.11,14696781
2023-11-07,CRM,Salesforce,Technology,196.6,5470528
2023-11-07,GOOGL,Alphabet,Communication Svcs.,131.15,20139228
2023-11-07,IBM,IBM,Technology,173.31,2328845
2023-11-07,INTC,Intel,Technology,47.43,30509248
2023-11-07,META,Meta Platforms,Communication Svcs.,304.29,19870783
2023-11-07,MSFT,Microsoft,Technology,372.79,26034270
2023-11-07,NFLX,Netflix,Communication Svcs.,478.0,4590003
2023-11-07,NVDA,NVIDIA,Technology,46.24,558916952
2023-11-07,ORCL,Oracle,Technology,97.98,7982441
2023-11-07,QCOM,Qualcomm,Technology,138.08,9525776
2023-11-07,TSLA,Tesla,Cons. Discretionary,306.31,58620470
2023-11-08,AAPL,Apple,Technology,188.62,70042417
2023-11-08,AMD,AMD,Technology,96.38,56716895
2023-11-08,AMZN,Amazon,Cons. Discretionary,157.63,39098110
2023-11-08,AVGO,Broadcom,Technology,119.42,10037741
2023-11-08,CRM,Salesforce,Technology,197.61,4095526
2023-11-08,GOOGL,Alphabet,Communication Svcs.,133.27,34448528
2023-11-08,IBM,IBM,Technology,174.94,4214247
2023-11-08,INTC,Intel,Technology,45.5,22107225
2023-11-08,META,Meta Platforms,Communication Svcs.,306.85,22747898
2023-11-08,MSFT,Microsoft,Technology,374.54,23840464
2023-11-08,NFLX,Netflix,Communication Svcs.,492.05,5843162
2023-11-08,NVDA,NVIDIA,Technology,46.78,466378862
2023-11-08,ORCL,Oracle,Technology,97.22,8332705
2023-11-08,QCOM,Qualcomm,Technology,137.89,8093455
2023-11-08,TSLA,Tesla,Cons. Discretionary,320.3,104550578
2023-11-09,AAPL,Apple,Technology,185.36,59827131
2023-11-09,AMD,AMD,Technology,99.29,42217764
2023-11-09,AMZN,Amazon,Cons. Discretionary,153.89,47169648
2023-11-09,AVGO,Broadcom,Technology,125.63,25752857
2023-11-09,CRM,Salesforce,Technology,200.19,7372231
2023-11-09,GOOGL,Alphabet,Communication Svcs.,132.54,24092010
2023-11-09,IBM,IBM,Technology,172.63,6714914
2023-11-09,INTC,Intel,Technology,44.92,18710225
2023-11-09,META,Meta Platforms,Communication Svcs.,319.36,17299591
2023-11-09,MSFT,Microsoft,Technology,380.11,35407691
2023-11-09,NFLX,Netflix,Communication Svcs.,496.53,5784718
2023-11-09,NVDA,NVIDIA,Technology,49.32,632577244
2023-11-09,ORCL,Oracle,Technology,100.6,8734458
2023-11-09,QCOM,Qualcomm,Technology,137.74,7106515
2023-11-09,TSLA,Tesla,Cons. Discretionary,318.62,94555035
2023-11-10,AAPL,Apple,Technology,189.68,56153060
2023-11-10,AMD,AMD,Technology,94.13,73841069
2023-11-10,AMZN,Amazon,Cons. Discretionary,154.73,55063138
2023-11-10,AVGO,Broadcom,Technology,123.54,17168354
2023-11-10,CRM,Salesforce,Technology,202.26,3342553
2023-11-10,GOOGL,Alphabet,Communication Svcs.,134.26,15713089
2023-11-10,IBM,IBM,Technology,170.93,5881736
2023-11-10,INTC,Intel,Technology,43.58,48256797
2023-11-10,META,Meta Platforms,Communication Svcs.,334.95,16059554
2023-11-10,MSFT,Microsoft,Technology,374.6,29593285
2023-11-10,NFLX,Netflix,Communication Svcs.,483.74,4580250
2023-11-10,NVDA,NVIDIA,Technology,50.27,593474432
2023-11-10,ORCL,Oracle,Technology,101.2,10040716
2023-11-10,QCOM,Qualcomm,Technology,137.14,6298506
2023-11-10,TSLA,Tesla,Cons. Discretionary,315.1,94820025
2023-11-13,AAPL,Apple,Technology,193.92,73568136
2023-11-13,AMD,AMD,Technology,94.08,55751247
2023-11-13,AMZN,Amazon,Cons. Discretionary,155.32,50218316
2023-11-13,AVGO,Broadcom,Technology,128.75,22282496
2023-11-13,CRM,Salesforce,Technology,206.01,3575665
2023-11-13,GOOGL,Alphabet,Communication Svcs.,138.36,30410713
2023-11-13,IBM,IBM,Technology,169.31,3210008
2023-11-13,INTC,Intel,Technology,43.2,35669666
2023-11-13,META,Meta Platforms,Communication Svcs.,339.82,20764008
2023-11-13,MSFT,Microsoft,Technology,377.97,16868081
2023-11-13,NFLX,Netflix,Communication Svcs.,476.89,3341575
2023-11-13,NVDA,NVIDIA,Technology,50.03,745562160
2023-11-13,ORCL,Oracle,Technology,104.42,13288367
2023-11-13,QCOM,Qualcomm,Technology,137.86,7541459
2023-11-13,TSLA,Tesla,Cons. Discretionary,343.7,126316590
2023-11-14,AAPL,Apple,Technology,194.86,43727494
2023-11-14,AMD,AMD,Technology,97.04,40303502
2023-11-14,AMZN,Amazon,Cons. Discretionary,156.79,37927034
2023-11-14,AVGO,Broadcom,Technology,132.98,14068429
2023-11-14,CRM,Salesforce,Technology,209.83,5088629
2023-11-14,GOOGL,Alphabet,Communication Svcs.,136.77,27075785
2023-11-14,IBM,IBM,Technology,170.46,5265706
2023-11-14,INTC,Intel,Technology,42.5,31802251
2023-11-14,META,Meta Platforms,Communication Svcs.,347.68,14427799
2023-11-14,MSFT,Microsoft,Technology,383.4,18375789
2023-11-14,NFLX,Netflix,Communication Svcs.,462.75,4505411
2023-11-14,NVDA,NVIDIA,Technology,47.52,416018335
2023-11-14,ORCL,Oracle,Technology,105.4,10490858
2023-11-14,QCOM,Qualcomm,Technology,137.75,9656583
2023-11-14,TSLA,Tesla,Cons. Discretionary,345.73,118277597
2023-11-15,AAPL,Apple,Technology,190.73,52180279
2023-11-15,AMD,AMD,Technology,102.07,58183388
2023-11-15,AMZN,Amazon,Cons. Discretionary,154.91,54375182
2023-11-15,AVGO,Broadcom,Technology,130.34,24103078
2023-11-15,CRM,Salesforce,Technology,216.78,3877530
2023-11-15,GOOGL,Alphabet,Communication Svcs.,136.48,23633003
2023-11-15,IBM,IBM,Technology,174.35,3753576
2023-11-15,INTC,Intel,Technology,43.85,19923202
2023-11-15,META,Meta Platforms,Communication Svcs.,356.79,23385365
2023-11-15,MSFT,Microsoft,Technology,392.11,26694571
2023-11-15,NFLX,Netflix,Communication Svcs.,475.82,8873031
2023-11-15,NVDA,NVIDIA,Technology,48.37,381907803
2023-11-15,ORCL,Oracle,Technology,104.64,10796113
2023-11-15,QCOM,Qualcomm,Technology,136.05,12100432
2023-11-15,TSLA,Tesla,Cons. Discretionary,344.79,130418342
2023-11-16,AAPL,Apple,Technology,193.17,45786589
2023-11-16,AMD,AMD,Technology,104.17,36373466
2023-11-16,AMZN,Amazon,Cons. Discretionary,152.92,59361278
2023-11-16,AVGO,Broadcom,Technology,131.26,17081522
2023-11-16,CRM,Salesforce,Technology,221.13,4458870
2023-11-16,GOOGL,Alphabet,Communication Svcs.,140.41,13477728
2023-11-16,IBM,IBM,Technology,173.63,2528498
2023-11-16,INTC,Intel,Technology,43.36,26114409
2023-11-16,META,Meta Platforms,Communication Svcs.,354.44,15036712
2023-11-16,MSFT,Microsoft,Technology,388.33,27222435
2023-11-16,NFLX,Netflix,Communication Svcs.,481.44,4351906
2023-11-16,NVDA,NVIDIA,Technology,49.14,322376067
2023-11-16,ORCL,Oracle,Technology,101.66,10200990
2023-11-16,QCOM,Qualcomm,Technology,135.0,6893425
2023-11-16,TSLA,Tesla,Cons. Discretionary,326.24,92341342
2023-11-17,AAPL,Apple,Technology,198.04,52476726
2023-11-17,AMD,AMD,Technology,105.84,60152362
2023-11-17,AMZN,Amazon,Cons. Discretionary,153.92,49824311
2023-11-17,AVGO,Broadcom,Technology,128.42,12479611
2023-11-17,CRM,Salesforce,Technology,222.2,5396879
2023-11-17,GOOGL,Alphabet,Communication Svcs.,140.76,30148097
2023-11-17,IBM,IBM,Technology,175.73,5640338
2023-11-17,INTC,Intel,Technology,45.55,44747267
2023-11-17,META,Meta Platforms,Communication Svcs.,353.16,13862529
2023-11-17,MSFT,Microsoft,Technology,390.73,26843647
2023-11-17,NFLX,Netflix,Communication Svcs.,469.46,4249721
2023-11-17,NVDA,NVIDIA,Technology,50.93,519175044
2023-11-17,ORCL,Oracle,Technology,100.21,12045096
2023-11-17,QCOM,Qualcomm,Technology,141.24,13650450
2023-11-17,TSLA,Tesla,Cons. Discretionary,310.05,108563819
2023-11-20,AAPL,Apple,Technology,197.6,60205687
2023-11-20,AMD,AMD,Technology,104.61,53369988
2023-11-20,AMZN,Amazon,Cons. Discretionary,146.68,45422783
2023-11-20,AVGO,Broadcom,Technology,125.29,15414997
2023-11-20,CRM,Salesforce,Technology,222.31,4495584
2023-11-20,GOOGL,Alphabet,Communication Svcs.,136.12,24377035
2023-11-20,IBM,IBM,Technology,172.77,4646128
2023-11-20,INTC,Intel,Technology,45.52,26912337
2023-11-20,META,Meta Platforms,Communication Svcs.,350.18,12319988
2023-11-20,MSFT,Microsoft,Technology,390.67,23486142
2023-11-20,NFLX,Netflix,Communication Svcs.,474.8,3977460
2023-11-20,NVDA,NVIDIA,Technology,49.55,339958670
2023-11-20,ORCL,Oracle,Technology,101.98,16278008
2023-11-20,QCOM,Qualcomm,Technology,138.82,9245207
2023-11-20,TSLA,Tesla,Cons. Discretionary,313.57,122223149
2023-11-21,AAPL,Apple,Technology,198.72,54672772
2023-11-21,AMD,AMD,Technology,105.34,39811359
2023-11-21,AMZN,Amazon,Cons. Discretionary,143.77,44764877
2023-11-21,AVGO,Broadcom,Technology,125.44,23940065
2023-11-21,CRM,Salesforce,Technology,220.62,5376471
2023-11-21,GOOGL,Alphabet,Communication Svcs.,134.08,18803471
2023-11-21,IBM,IBM,Technology,173.72,2906831
2023-11-21,INTC,Intel,Technology,45.24,49531243
2023-11-21,META,Meta Platforms,Communication Svcs.,357.95,17321835
2023-11-21,MSFT,Microsoft,Technology,385.42,27628908
2023-11-21,NFLX,Netflix,Communication Svcs.,484.34,5335156
2023-11-21,NVDA,NVIDIA,Technology,50.9,477861187
2023-11-21,ORCL,Oracle,Technology,103.25,10777983
2023-11-21,QCOM,Qualcomm,Technology,141.89,9089429
2023-11-21,TSLA,Tesla,Cons. Discretionary,324.02,86368943
2023-11-22,AAPL,Apple,Technology,202.41,77525516
2023-11-22,AMD,AMD,Technology,105.78,44059235
2023-11-22,AMZN,Amazon,Cons. Discretionary,147.69,56493089
2023-11-22,AVGO,Broadcom,Technology,124.99,18571471
2023-11-22,CRM,Salesforce,Technology,217.47,5338756
2023-11-22,GOOGL,Alphabet,Communication Svcs.,137.25,32291384
2023-11-22,IBM,IBM,Technology,172.82,3900113
2023-11-22,INTC,Intel,Technology,45.96,39304724
2023-11-22,META,Meta Platforms,Communication Svcs.,381.21,22670487
2023-11-22,MSFT,Microsoft,Technology,385.94,35243047
2023-11-22,NFLX,Netflix,Communication Svcs.,492.68,4107858
2023-11-22,NVDA,NVIDIA,Technology,53.09,508921845
2023-11-22,ORCL,Oracle,Technology,102.59,11450257
2023-11-22,QCOM,Qualcomm,Technology,136.97,9683170
2023-11-22,TSLA,Tesla,Cons. Discretionary,316.71,91624112
2023-11-23,AAPL,Apple,Technology,196.09,62097591
2023-11-23,AMD,AMD,Technology,106.1,39367649
2023-11-23,AMZN,Amazon,Cons. Discretionary,149.06,46201397
2023-11-23,AVGO,Broadcom,Technology,118.7,19108452
2023-11-23,CRM,Salesforce,Technology,211.79,4688574
2023-11-23,GOOGL,Alphabet,Communication Svcs.,136.51,30640225
2023-11-23,IBM,IBM,Technology,174.58,7433564
2023-11-23,INTC,Intel,Technology,45.48,34549354
2023-11-23,META,Meta Platforms,Communication Svcs.,396.25,13157412
2023-11-23,MSFT,Microsoft,Technology,384.72,23738416
2023-11-23,NFLX,Netflix,Communication Svcs.,492.59,4911776
2023-11-23,NVDA,NVIDIA,Technology,54.43,357602032
2023-11-23,ORCL,Oracle,Technology,101.55,13244363
2023-11-23,QCOM,Qualcomm,Technology,136.22,7303470
2023-11-23,TSLA,Tesla,Cons. Discretionary,298.16,80850117
2023-11-24,AAPL,Apple,Technology,194.65,64368085
2023-11-24,AMD,AMD,Technology,106.74,43909014
2023-11-24,AMZN,Amazon,Cons. Discretionary,142.99,50181671
2023-11-24,AVGO,Broadcom,Technology,115.66,31715398
2023-11-24,CRM,Salesforce,Technology,214.25,6213168
2023-11-24,GOOGL,Alphabet,Communication Svcs.,136.07,20231927
2023-11-24,IBM,IBM,Technology,176.72,5310149
2023-11-24,INTC,Intel,Technology,45.15,28682451
2023-11-24,META,Meta Platforms,Communication Svcs.,407.69,24825703
2023-11-24,MSFT,Microsoft,Technology,379.57,33505333
2023-11-24,NFLX,Netflix,Communication Svcs.,476.32,6195302
2023-11-24,NVDA,NVIDIA,Technology,54.88,468835189
2023-11-24,ORCL,Oracle,Technology,99.56,9441254
2023-11-24,QCOM,Qualcomm,Technology,138.91,6191232
2023-11-24,TSLA,Tesla,Cons. Discretionary,294.39,81131127
2023-11-27,AAPL,Apple,Technology,196.22,57227304
2023-11-27,AMD,AMD,Technology,105.62,42336978
2023-11-27,AMZN,Amazon,Cons. Discretionary,141.99,54744284
2023-11-27,AVGO,Broadcom,Technology,113.45,15853541
2023-11-27,CRM,Salesforce,Technology,226.86,5061318
2023-11-27,GOOGL,Alphabet,Communication Svcs.,135.43,26358536
2023-11-27,IBM,IBM,Technology,173.47,4488561
2023-11-27,INTC,Intel,Technology,45.19,28521575
2023-11-27,META,Meta Platforms,Communication Svcs.,414.49,22430130
2023-11-27,MSFT,Microsoft,Technology,384.21,22781701
2023-11-27,NFLX,Netflix,Communication Svcs.,488.42,3993499
2023-11-27,NVDA,NVIDIA,Technology,52.63,326277329
2023-11-27,ORCL,Oracle,Technology,98.07,7854622
2023-11-27,QCOM,Qualcomm,Technology,137.62,9166192
2023-11-27,TSLA,Tesla,Cons. Discretionary,285.5,70505381
2023-11-28,AAPL,Apple,Technology,198.88,69212929
2023-11-28,AMD,AMD,Technology,110.98,77041052
2023-11-28,AMZN,Amazon,Cons. Discretionary,140.32,41613272
2023-11-28,AVGO,Broadcom,Technology,110.94,23324761
2023-11-28,CRM,Salesforce,Technology,219.72,4611503
2023-11-28,GOOGL,Alphabet,Communication Svcs.,138.15,21389982
2023-11-28,IBM,IBM,Technology,171.36,3568704
2023-11-28,INTC,Intel,Technology,44.81,53846789
2023-11-28,META,Meta Platforms,Communication Svcs.,420.39,20046833
2023-11-28,MSFT,Microsoft,Technology,386.42,25929706
2023-11-28,NFLX,Netflix,Communication Svcs.,497.91,5502508
2023-11-28,NVDA,NVIDIA,Technology,50.23,607030413
2023-11-28,ORCL,Oracle,Technology,97.71,14969906
2023-11-28,QCOM,Qualcomm,Technology,139.4,8810728
2023-11-28,TSLA,Tesla,Cons. Discretionary,276.56,118039854
2023-11-29,AAPL,Apple,Technology,202.32,49362938
2023-11-29,AMD,AMD,Technology,111.95,42890406
2023-11-29,AMZN,Amazon,Cons. Discretionary,143.58,58237468
2023-11-29,AVGO,Broadcom,Technology,115.47,15940543
2023-11-29,CRM,Salesforce,Technology,216.22,5215286
2023-11-29,GOOGL,Alphabet,Communication Svcs.,137.87,44454309
2023-11-29,IBM,IBM,Technology,170.34,4363056
2023-11-29,INTC,Intel,Technology,45.27,33509954
2023-11-29,META,Meta Platforms,Communication Svcs.,425.83,28723969
2023-11-29,MSFT,Microsoft,Technology,385.61,17896275
2023-11-29,NFLX,Netflix,Communication Svcs.,494.65,3166285
2023-11-29,NVDA,NVIDIA,Technology,50.14,474051575
2023-11-29,ORCL,Oracle,Technology,99.72,14482578
2023-11-29,QCOM,Qualcomm,Technology,143.57,10527253
2023-11-29,TSLA,Tesla,Cons. Discretionary,273.44,111024061
2023-11-30,AAPL,Apple,Technology,206.76,54011976
2023-11-30,AMD,AMD,Technology,110.2,42880701
2023-11-30,AMZN,Amazon,Cons. Discretionary,141.48,56261118
2023-11-30,AVGO,Broadcom,Technology,116.5,23452020
2023-11-30,CRM,Salesforce,Technology,215.72,7540535
2023-11-30,GOOGL,Alphabet,Communication Svcs.,136.96,23801143
2023-11-30,IBM,IBM,Technology,171.52,4134700
2023-11-30,INTC,Intel,Technology,47.37,32535264
2023-11-30,META,Meta Platforms,Communication Svcs.,438.41,16833946
2023-11-30,MSFT,Microsoft,Technology,389.94,37477500
2023-11-30,NFLX,Netflix,Communication Svcs.,485.8,5043363
2023-11-30,NVDA,NVIDIA,Technology,52.0,432302882
2023-11-30,ORCL,Oracle,Technology,101.93,5596128
2023-11-30,QCOM,Qualcomm,Technology,144.81,8261429
2023-11-30,TSLA,Tesla,Cons. Discretionary,277.97,148889805
2023-12-01,AAPL,Apple,Technology,206.06,42996274
2023-12-01,AMD,AMD,Technology,116.03,42162283
2023-12-01,AMZN,Amazon,Cons. Discretionary,140.75,27483880
2023-12-01,AVGO,Broadcom,Technology,117.71,14867311
2023-12-01,CRM,Salesforce,Technology,214.12,6281810
2023-12-01,GOOGL,Alphabet,Communication Svcs.,135.88,25203381
2023-12-01,IBM,IBM,Technology,173.34,3428978
2023-12-01,INTC,Intel,Technology,47.78,56446732
2023-12-01,META,Meta Platforms,Communication Svcs.,456.13,18685884
2023-12-01,MSFT,Microsoft,Technology,382.33,22509257
2023-12-01,NFLX,Netflix,Communication Svcs.,498.45,4895886
2023-12-01,NVDA,NVIDIA,Technology,50.97,350852397
2023-12-01,ORCL,Oracle,Technology,106.71,13606065
2023-12-01,QCOM,Qualcomm,Technology,141.09,7214830
2023-12-01,TSLA,Tesla,Cons. Discretionary,286.42,91339139
2023-12-04,AAPL,Apple,Technology,206.18,74032375
2023-12-04,AMD,AMD,Technology,113.2,46150392
2023-12-04,AMZN,Amazon,Cons. Discretionary,134.85,49679157
2023-12-04,AVGO,Broadcom,Technology,120.3,16285701
2023-12-04,CRM,Salesforce,Technology,215.32,4343175
2023-12-04,GOOGL,Alphabet,Communication Svcs.,134.1,23259668
2023-12-04,IBM,IBM,Technology,170.35,4600053
2023-12-04,INTC,Intel,Technology,46.53,30157764
2023-12-04,META,Meta Platforms,Communication Svcs.,459.44,20147248
2023-12-04,MSFT,Microsoft,Technology,376.53,20309239
2023-12-04,NFLX,Netflix,Communication Svcs.,494.48,5936364
2023-12-04,NVDA,NVIDIA,Technology,50.96,307119722
2023-12-04,ORCL,Oracle,Technology,106.1,12081230
2023-12-04,QCOM,Qualcomm,Technology,145.17,9913129
2023-12-04,TSLA,Tesla,Cons. Discretionary,263.9,99017401
2023-12-05,AAPL,Apple,Technology,211.2,48828038
2023-12-05,AMD,AMD,Technology,116.34,69345057
2023-12-05,AMZN,Amazon,Cons. Discretionary,134.58,27948678
2023-12-05,AVGO,Broadcom,Technology,120.4,10444563
2023-12-05,CRM,Salesforce,Technology,220.34,4738970
2023-12-05,GOOGL,Alphabet,Communication Svcs.,132.4,26667791
2023-12-05,IBM,IBM,Technology,170.96,3825118
2023-12-05,INTC,Intel,Technology,45.74,54562841
2023-12-05,META,Meta Platforms,Communication Svcs.,459.92,23766961
2023-12-05,MSFT,Microsoft,Technology,378.06,26758337
2023-12-05,NFLX,Netflix,Communication Svcs.,490.0,3858932
2023-12-05,NVDA,NVIDIA,Technology,50.21,487168829
2023-12-05,ORCL,Oracle,Technology,105.92,9817215
2023-12-05,QCOM,Qualcomm,Technology,143.59,5530167
2023-12-05,TSLA,Tesla,Cons. Discretionary,276.91,100701548
2023-12-06,AAPL,Apple,Technology,219.56,70209305
2023-12-06,AMD,AMD,Technology,117.3,55274269
2023-12-06,AMZN,Amazon,Cons. Discretionary,139.61,75184773
2023-12-06,AVGO,Broadcom,Technology,120.7,16494051
2023-12-06,CRM,Salesforce,Technology,224.25,5694493
2023-12-06,GOOGL,Alphabet,Communication Svcs.,128.77,21732200
2023-12-06,IBM,IBM,Technology,170.32,4494192
2023-12-06,INTC,Intel,Technology,47.87,28871111
2023-12-06,META,Meta Platforms,Communication Svcs.,452.9,24036336
2023-12-06,MSFT,Microsoft,Technology,370.1,23343383
2023-12-06,NFLX,Netflix,Communication Svcs.,483.66,4444469
2023-12-06,NVDA,NVIDIA,Technology,50.45,578092525
2023-12-06,ORCL,Oracle,Technology,106.0,14356230
2023-12-06,QCOM,Qualcomm,Technology,139.51,10290918
2023-12-06,TSLA,Tesla,Cons. Discretionary,266.34,71365862
2023-12-07,AAPL,Apple,Technology,219.31,80886191
2023-12-07,AMD,AMD,Technology,118.68,56935600
2023-12-07,AMZN,Amazon,Cons. Discretionary,138.0,37245190
2023-12-07,AVGO,Broadcom,Technology,117.48,21892694
2023-12-07,CRM,Salesforce,Technology,220.74,4241560
2023-12-07,GOOGL,Alphabet,Communication Svcs.,125.78,15011206
2023-12-07,IBM,IBM,Technology,169.97,4031803
2023-12-07,INTC,Intel,Technology,49.91,26498026
2023-12-07,META,Meta Platforms,Communication Svcs.,451.76,19807053
2023-12-07,MSFT,Microsoft,Technology,374.72,32316198
2023-12-07,NFLX,Netflix,Communication Svcs.,504.88,4411853
2023-12-07,NVDA,NVIDIA,Technology,49.9,411195163
2023-12-07,ORCL,Oracle,Technology,102.99,12053733
2023-12-07,QCOM,Qualcomm,Technology,145.37,8046683
2023-12-07,TSLA,Tesla,Cons. Discretionary,241.51,98212162
2023-12-08,AAPL,Apple,Technology,216.69,54683408
2023-12-08,AMD,AMD,Technology,115.36,54055467
2023-12-08,AMZN,Amazon,Cons. Discretionary,136.22,51512057
2023-12-08,AVGO,Broadcom,Technology,115.96,23423334
2023-12-08,CRM,Salesforce,Technology,224.58,4785371
2023-12-08,GOOGL,Alphabet,Communication Svcs.,124.63,17076125
2023-12-08,IBM,IBM,Technology,166.75,3360195
2023-12-08,INTC,Intel,Technology,50.03,36965447
2023-12-08,META,Meta Platforms,Communication Svcs.,436.9,19350425
2023-12-08,MSFT,Microsoft,Technology,370.15,36458646
2023-12-08,NFLX,Netflix,Communication Svcs.,501.77,6166881
2023-12-08,NVDA,NVIDIA,Technology,53.92,283289629
2023-12-08,ORCL,Oracle,Technology,104.5,12837932
2023-12-08,QCOM,Qualcomm,Technology,147.75,7982973
2023-12-08,TSLA,Tesla,Cons. Discretionary,253.57,121729310
2023-12-11,AAPL,Apple,Technology,222.8,51639536
2023-12-11,AMD,AMD,Technology,119.64,38537270
2023-12-11,AMZN,Amazon,Cons. Discretionary,143.71,69864418
2023-12-11,AVGO,Broadcom,Technology,114.16,24686990
2023-12-11,CRM,Salesforce,Technology,223.89,4609185
2023-12-11,GOOGL,Alphabet,Communication Svcs.,128.99,20870199
2023-12-11,IBM,IBM,Technology,165.53,4877037
2023-12-11,INTC,Intel,Technology,50.76,41062796
2023-12-11,META,Meta Platforms,Communication Svcs.,454.91,38111534
2023-12-11,MSFT,Microsoft,Technology,373.52,35412480
2023-12-11,NFLX,Netflix,Communication Svcs.,497.93,4821658
2023-12-11,NVDA,NVIDIA,Technology,54.71,376835356
2023-12-11,ORCL,Oracle,Technology,103.41,8966680
2023-12-11,QCOM,Qualcomm,Technology,145.92,6927857
2023-12-11,TSLA,Tesla,Cons. Discretionary,256.73,79810711
2023-12-12,AAPL,Apple,Technology,225.03,68397327
2023-12-12,AMD,AMD,Technology,115.85,40853514
2023-12-12,AMZN,Amazon,Cons. Discretionary,148.3,42889757
2023-12-12,AVGO,Broadcom,Technology,119.02,15579001
2023-12-12,CRM,Salesforce,Technology,219.22,3913638
2023-12-12,GOOGL,Alphabet,Communication Svcs.,132.26,21571694
2023-12-12,IBM,IBM,Technology,166.03,4522193
2023-12-12,INTC,Intel,Technology,51.63,26042699
2023-12-12,META,Meta Platforms,Communication Svcs.,449.08,21265382
2023-12-12,MSFT,Microsoft,Technology,371.84,43722622
2023-12-12,NFLX,Netflix,Communication Svcs.,499.55,5231906
2023-12-12,NVDA,NVIDIA,Technology,54.82,463150135
2023-12-12,ORCL,Oracle,Technology,106.31,11280931
2023-12-12,QCOM,Qualcomm,Technology,148.14,8489596
2023-12-12,TSLA,Tesla,Cons. Discretionary,274.75,158365594
2023-12-13,AAPL,Apple,Technology,222.4,57976891
2023-12-13,AMD,AMD,Technology,115.07,47603542
2023-12-13,AMZN,Amazon,Cons. Discretionary,156.9,49824989
2023-12-13,AVGO,Broadcom,Technology,116.51,21891099
2023-12-13,CRM,Salesforce,Technology,224.96,5449684
2023-12-13,GOOGL,Alphabet,Communication Svcs.,131.64,21583235
2023-12-13,IBM,IBM,Technology,166.78,4444508
2023-12-13,INTC,Intel,Technology,49.01,27722960
2023-12-13,META,Meta Platforms,Communication Svcs.,444.82,19307465
2023-12-13,MSFT,Microsoft,Technology,370.65,17050770
2023-12-13,NFLX,Netflix,Communication Svcs.,498.88,4874987
2023-12-13,NVDA,NVIDIA,Technology,53.9,559040224
2023-12-13,ORCL,Oracle,Technology,108.56,6783217
2023-12-13,QCOM,Qualcomm,Technology,145.95,5843345
2023-12-13,TSLA,Tesla,Cons. Discretionary,278.09,131892907
2023-12-14,AAPL,Apple,Technology,215.96,43001900
2023-12-14,AMD,AMD,Technology,114.16,33172845
2023-12-14,AMZN,Amazon,Cons. Discretionary,155.58,43792939
2023-12-14,AVGO,Broadcom,Technology,115.47,11502533
2023-12-14,CRM,Salesforce,Technology,232.66,5374428
2023-12-14,GOOGL,Alphabet,Communication Svcs.,127.47,18836894
2023-12-14,IBM,IBM,Technology,166.86,3664048
2023-12-14,INTC,Intel,Technology,48.97,35006723
2023-12-14,META,Meta Platforms,Communication Svcs.,433.32,11976463
2023-12-14,MSFT,Microsoft,Technology,379.43,21683035
2023-12-14,NFLX,Netflix,Communication Svcs.,492.34,3601046
2023-12-14,NVDA,NVIDIA,Technology,52.97,424749194
2023-12-14,ORCL,Oracle,Technology,108.78,10842113
2023-12-14,QCOM,Qualcomm,Technology,147.28,9944282
2023-12-14,TSLA,Tesla,Cons. Discretionary,278.35,167294414
2023-12-15,AAPL,Apple,Technology,217.2,83802450
2023-12-15,AMD,AMD,Technology,119.5,31502311
2023-12-15,AMZN,Amazon,Cons. Discretionary,154.74,63598066
2023-12-15,AVGO,Broadcom,Technology,115.3,25909198
2023-12-15,CRM,Salesforce,Technology,238.67,3559928
2023-12-15,GOOGL,Alphabet,Communication Svcs.,125.94,26357579
2023-12-15,IBM,IBM,Technology,166.07,3816338
2023-12-15,INTC,Intel,Technology,48.93,53653677
2023-12-15,META,Meta Platforms,Communication Svcs.,449.23,9673694
2023-12-15,MSFT,Microsoft,Technology,383.24,24698440
2023-12-15,NFLX,Netflix,Communication Svcs.,484.16,7008135
2023-12-15,NVDA,NVIDIA,Technology,50.74,398425197
2023-12-15,ORCL,Oracle,Technology,106.93,12724921
2023-12-15,QCOM,Qualcomm,Technology,146.21,5747791
2023-12-15,TSLA,Tesla,Cons. Discretionary,274.17,51276575
2023-12-18,AAPL,Apple,Technology,223.34,68400516
2023-12-18,AMD,AMD,Technology,121.56,46060445
2023-12-18,AMZN,Amazon,Cons. Discretionary,152.43,60195604
2023-12-18,AVGO,Broadcom,Technology,115.46,14628611
2023-12-18,CRM,Salesforce,Technology,241.72,8126429
2023-12-18,GOOGL,Alphabet,Communication Svcs.,126.85,16533648
2023-12-18,IBM,IBM,Technology,165.47,4419737
2023-12-18,INTC,Intel,Technology,47.55,33588151
2023-12-18,META,Meta Platforms,Communication Svcs.,428.42,21304605
2023-12-18,MSFT,Microsoft,Technology,382.84,25531207
2023-12-18,NFLX,Netflix,Communication Svcs.,494.51,4862078
2023-12-18,NVDA,NVIDIA,Technology,50.43,386322320
2023-12-18,ORCL,Oracle,Technology,107.98,8510594
2023-12-18,QCOM,Qualcomm,Technology,147.27,9701161
2023-12-18,TSLA,Tesla,Cons. Discretionary,282.46,98437127
2023-12-19,AAPL,Apple,Technology,218.59,83662073
2023-12-19,AMD,AMD,Technology,135.22,45295023
2023-12-19,AMZN,Amazon,Cons. Discretionary,157.8,25381872
2023-12-19,AVGO,Broadcom,Technology,114.14,33895780
2023-12-19,CRM,Salesforce,Technology,247.53,5906124
2023-12-19,GOOGL,Alphabet,Communication Svcs.,126.88,22773971
2023-12-19,IBM,IBM,Technology,166.72,3462299
2023-12-19,INTC,Intel,Technology,49.06,59831993
2023-12-19,META,Meta Platforms,Communication Svcs.,418.08,17365419
2023-12-19,MSFT,Microsoft,Technology,379.71,21600903
2023-12-19,NFLX,Netflix,Communication Svcs.,506.53,5350490
2023-12-19,NVDA,NVIDIA,Technology,49.4,568149652
2023-12-19,ORCL,Oracle,Technology,106.48,9630734
2023-12-19,QCOM,Qualcomm,Technology,143.57,6991054
2023-12-19,TSLA,Tesla,Cons. Discretionary,270.8,75002074
2023-12-20,AAPL,Apple,Technology,216.35,79925106
2023-12-20,AMD,AMD,Technology,131.83,34435805
2023-12-20,AMZN,Amazon,Cons. Discretionary,155.35,52324603
2023-12-20,AVGO,Broadcom,Technology,114.72,16829848
2023-12-20,CRM,Salesforce,Technology,252.36,4388386
2023-12-20,GOOGL,Alphabet,Communication Svcs.,130.14,36142252
2023-12-20,IBM,IBM,Technology,166.75,2876347
2023-12-20,INTC,Intel,Technology,48.21,21083858
2023-12-20,META,Meta Platforms,Communication Svcs.,417.87,25808534
2023-12-20,MSFT,Microsoft,Technology,375.7,25832545
2023-12-20,NFLX,Netflix,Communication Svcs.,489.41,7330356
2023-12-20,NVDA,NVIDIA,Technology,49.1,417563813
2023-12-20,ORCL,Oracle,Technology,108.49,9013624
2023-12-20,QCOM,Qualcomm,Technology,141.2,8283762
2023-12-20,TSLA,Tesla,Cons. Discretionary,266.28,140093801
2023-12-21,AAPL,Apple,Technology,209.6,55031037
2023-12-21,AMD,AMD,Technology,134.5,45032638
2023-12-21,AMZN,Amazon,Cons. Discretionary,148.99,45951954
2023-12-21,AVGO,Broadcom,Technology,111.62,23521258
2023-12-21,CRM,Salesforce,Technology,254.54,4903607
2023-12-21,GOOGL,Alphabet,Communication Svcs.,129.35,22752420
2023-12-21,IBM,IBM,Technology,166.04,3313057
2023-12-21,INTC,Intel,Technology,49.6,35556101
2023-12-21,META,Meta Platforms,Communication Svcs.,412.63,16995930
2023-12-21,MSFT,Microsoft,Technology,375.03,26076863
2023-12-21,NFLX,Netflix,Communication Svcs.,480.73,8484500
2023-12-21,NVDA,NVIDIA,Technology,48.14,780239211
2023-12-21,ORCL,Oracle,Technology,110.56,7990281
2023-12-21,QCOM,Qualcomm,Technology,140.35,7869895
2023-12-21,TSLA,Tesla,Cons. Discretionary,263.38,101472957
2023-12-22,AAPL,Apple,Technology,210.45,129443864
2023-12-22,AMD,AMD,Technology,137.59,32508444
2023-12-22,AMZN,Amazon,Cons. Discretionary,145.62,38356129
2023-12-22,AVGO,Broadcom,Technology,110.68,17283206
2023-12-22,CRM,Salesforce,Technology,252.66,6369925
2023-12-22,GOOGL,Alphabet,Communication Svcs.,132.06,44476245
2023-12-22,IBM,IBM,Technology,165.34,3066688
2023-12-22,INTC,Intel,Technology,47.25,38167105
2023-12-22,META,Meta Platforms,Communication Svcs.,411.96,34263402
2023-12-22,MSFT,Microsoft,Technology,368.31,26892779
2023-12-22,NFLX,Netflix,Communication Svcs.,498.82,5425626
2023-12-22,NVDA,NVIDIA,Technology,46.75,377948882
2023-12-22,ORCL,Oracle,Technology,109.49,8072785
2023-12-22,QCOM,Qualcomm,Technology,142.43,8150892
2023-12-22,TSLA,Tesla,Cons. Discretionary,274.99,101272778
2023-12-25,AAPL,Apple,Technology,209.87,77960847
2023-12-25,AMD,AMD,Technology,143.31,34837310
2023-12-25,AMZN,Amazon,Cons. Discretionary,143.46,35218479
2023-12-25,AVGO,Broadcom,Technology,114.63,19499528
2023-12-25,CRM,Salesforce,Technology,258.65,5503217
2023-12-25,GOOGL,Alphabet,Communication Svcs.,133.92,18557468
2023-12-25,IBM,IBM,Technology,166.39,4709680
2023-12-25,INTC,Intel,Technology,48.82,37308513
2023-12-25,META,Meta Platforms,Communication Svcs.,403.88,16845978
2023-12-25,MSFT,Microsoft,Technology,364.78,29259793
2023-12-25,NFLX,Netflix,Communication Svcs.,487.32,6872738
2023-12-25,NVDA,NVIDIA,Technology,47.61,503455879
2023-12-25,ORCL,Oracle,Technology,110.04,9170852
2023-12-25,QCOM,Qualcomm,Technology,143.73,6162132
2023-12-25,TSLA,Tesla,Cons. Discretionary,291.11,87469643
2023-12-26,AAPL,Apple,Technology,209.29,42446462
2023-12-26,AMD,AMD,Technology,142.41,51750691
2023-12-26,AMZN,Amazon,Cons. Discretionary,148.97,54091152
2023-12-26,AVGO,Broadcom,Technology,112.81,24501410
2023-12-26,CRM,Salesforce,Technology,253.63,3784754
2023-12-26,GOOGL,Alphabet,Communication Svcs.,133.47,19742541
2023-12-26,IBM,IBM,Technology,163.9,3681899
2023-12-26,INTC,Intel,Technology,49.32,34843273
2023-12-26,META,Meta Platforms,Communication Svcs.,391.9,21851642
2023-12-26,MSFT,Microsoft,Technology,367.2,20465895
2023-12-26,NFLX,Netflix,Communication Svcs.,474.15,4120943
2023-12-26,NVDA,NVIDIA,Technology,48.67,654609053
2023-12-26,ORCL,Oracle,Technology,109.37,10651007
2023-12-26,QCOM,Qualcomm,Technology,143.75,4241402
2023-12-26,TSLA,Tesla,Cons. Discretionary,285.04,74309399
2023-12-27,AAPL,Apple,Technology,202.47,51662345
2023-12-27,AMD,AMD,Technology,138.31,43279005
2023-12-27,AMZN,Amazon,Cons. Discretionary,151.6,45410534
2023-12-27,AVGO,Broadcom,Technology,112.77,17379358
2023-12-27,CRM,Salesforce,Technology,257.83,4892262
2023-12-27,GOOGL,Alphabet,Communication Svcs.,136.18,29194913
2023-12-27,IBM,IBM,Technology,162.35,3506754
2023-12-27,INTC,Intel,Technology,50.4,26720116
2023-12-27,META,Meta Platforms,Communication Svcs.,371.2,15478947
2023-12-27,MSFT,Microsoft,Technology,368.43,28240952
2023-12-27,NFLX,Netflix,Communication Svcs.,469.11,8223108
2023-12-27,NVDA,NVIDIA,Technology,49.7,395152319
2023-12-27,ORCL,Oracle,Technology,110.64,7199316
2023-12-27,QCOM,Qualcomm,Technology,144.3,7318736
2023-12-27,TSLA,Tesla,Cons. Discretionary,284.27,127092313
2023-12-28,AAPL,Apple,Technology,199.38,43868486
2023-12-28,AMD,AMD,Technology,139.81,66447399
2023-12-28,AMZN,Amazon,Cons. Discretionary,156.55,43572370
2023-12-28,AVGO,Broadcom,Technology,111.88,15062783
2023-12-28,CRM,Salesforce,Technology,262.08,4408338
2023-12-28,GOOGL,Alphabet,Communication Svcs.,138.74,23844227
2023-12-28,IBM,IBM,Technology,165.16,2755828
2023-12-28,INTC,Intel,Technology,49.86,37229449
2023-12-28,META,Meta Platforms,Communication Svcs.,369.46,17505156
2023-12-28,MSFT,Microsoft,Technology,381.24,27613383
2023-12-28,NFLX,Netflix,Communication Svcs.,466.76,4284410
2023-12-28,NVDA,NVIDIA,Technology,49.91,577741429
2023-12-28,ORCL,Oracle,Technology,110.75,8846058
2023-12-28,QCOM,Qualcomm,Technology,144.0,9309667
2023-12-28,TSLA,Tesla,Cons. Discretionary,265.01,101436480
2023-12-29,AAPL,Apple,Technology,197.96,77738880
2023-12-29,AMD,AMD,Technology,147.1,21664037
2023-12-29,AMZN,Amazon,Cons. Discretionary,151.14,54761085
2023-12-29,AVGO,Broadcom,Technology,109.27,19712287
2023-12-29,CRM,Salesforce,Technology,261.52,6539322
2023-12-29,GOOGL,Alphabet,Communication Svcs.,139.75,35695899
2023-12-29,IBM,IBM,Technology,164.77,4365616
2023-12-29,INTC,Intel,Technology,49.68,34993936
2023-12-29,META,Meta Platforms,Communication Svcs.,358.8,20427229
2023-12-29,MSFT,Microsoft,Technology,377.55,34798985
2023-12-29,NFLX,Netflix,Communication Svcs.,482.67,6999497
2023-12-29,NVDA,NVIDIA,Technology,51.0,363256494
2023-12-29,ORCL,Oracle,Technology,116.16,6855011
2023-12-29,QCOM,Qualcomm,Technology,144.14,7817778
2023-12-29,TSLA,Tesla,Cons. Discretionary,282.8,119870594
2024-01-01,AAPL,Apple,Technology,197.96,67081235
2024-01-01,AMD,AMD,Technology,147.1,48366961
2024-01-01,AMZN,Amazon,Cons. Discretionary,151.14,53070317
2024-01-01,AVGO,Broadcom,Technology,109.27,24843450
2024-01-01,CRM,Salesforce,Technology,261.52,7850613
2024-01-01,GOOGL,Alphabet,Communication Svcs.,139.75,26865072
2024-01-01,IBM,IBM,Technology,164.77,3901095
2024-01-01,INTC,Intel,Technology,49.68,24455792
2024-01-01,META,Meta Platforms,Communication Svcs.,358.8,25086762
2024-01-01,MSFT,Microsoft,Technology,377.55,24468956
2024-01-01,NFLX,Netflix,Communication Svcs.,482.67,6259010
2024-01-01,NVDA,NVIDIA,Technology,51.0,213288977
2024-01-01,ORCL,Oracle,Technology,116.16,11727362
2024-01-01,QCOM,Qualcomm,Technology,144.14,5339107
2024-01-01,TSLA,Tesla,Cons. Discretionary,282.8,67233283
2024-01-02,AAPL,Apple,Technology,195.53,35666293
2024-01-02,AMD,AMD,Technology,150.68,27057902
2024-01-02,AMZN,Amazon,Cons. Discretionary,150.09,65417545
2024-01-02,AVGO,Broadcom,Technology,103.82,26673585
2024-01-02,CRM,Salesforce,Technology,254.07,4264874
2024-01-02,GOOGL,Alphabet,Communication Svcs.,137.41,35743230
2024-01-02,IBM,IBM,Technology,163.59,4711495
2024-01-02,INTC,Intel,Technology,48.8,37246003
2024-01-02,META,Meta Platforms,Communication Svcs.,357.49,24796224
2024-01-02,MSFT,Microsoft,Technology,381.08,16766087
2024-01-02,NFLX,Netflix,Communication Svcs.,494.23,4352731
2024-01-02,NVDA,NVIDIA,Technology,52.83,419903671
2024-01-02,ORCL,Oracle,Technology,116.06,6511444
2024-01-02,QCOM,Qualcomm,Technology,147.02,6192403
2024-01-02,TSLA,Tesla,Cons. Discretionary,272.6,89522457
2024-01-03,AAPL,Apple,Technology,192.55,70200641
2024-01-03,AMD,AMD,Technology,150.03,64913581
2024-01-03,AMZN,Amazon,Cons. Discretionary,153.3,34411428
2024-01-03,AVGO,Broadcom,Technology,103.35,25591758
2024-01-03,CRM,Salesforce,Technology,254.93,5760568
2024-01-03,GOOGL,Alphabet,Communication Svcs.,138.14,19425289
2024-01-03,IBM,IBM,Technology,160.49,3499486
2024-01-03,INTC,Intel,Technology,49.15,47052733
2024-01-03,META,Meta Platforms,Communication Svcs.,366.66,27850233
2024-01-03,MSFT,Microsoft,Technology,382.26,17689324
2024-01-03,NFLX,Netflix,Communication Svcs.,501.37,5421075
2024-01-03,NVDA,NVIDIA,Technology,54.57,342841315
2024-01-03,ORCL,Oracle,Technology,115.13,8107315
2024-01-03,QCOM,Qualcomm,Technology,151.87,6997561
2024-01-03,TSLA,Tesla,Cons. Discretionary,275.67,79209338
2024-01-04,AAPL,Apple,Technology,190.25,72238774
2024-01-04,AMD,AMD,Technology,154.77,49843642
2024-01-04,AMZN,Amazon,Cons. Discretionary,155.84,59606879
2024-01-04,AVGO,Broadcom,Technology,103.09,26213734
2024-01-04,CRM,Salesforce,Technology,254.94,4805871
2024-01-04,GOOGL,Alphabet,Communication Svcs.,135.94,21111038
2024-01-04,IBM,IBM,Technology,162.08,3965000
2024-01-04,INTC,Intel,Technology,49.57,27549478
2024-01-04,META,Meta Platforms,Communication Svcs.,358.07,30489566
2024-01-04,MSFT,Microsoft,Technology,379.5,26442181
2024-01-04,NFLX,Netflix,Communication Svcs.,506.96,6370088
2024-01-04,NVDA,NVIDIA,Technology,56.39,530041230
2024-01-04,ORCL,Oracle,Technology,114.55,7496221
2024-01-04,QCOM,Qualcomm,Technology,153.18,5808118
2024-01-04,TSLA,Tesla,Cons. Discretionary,275.82,156594092
2024-01-05,AAPL,Apple,Technology,187.35,58464148
2024-01-05,AMD,AMD,Technology,157.48,40979841
2024-01-05,AMZN,Amazon,Cons. Discretionary,152.98,60259856
2024-01-05,AVGO,Broadcom,Technology,105.23,33845915
2024-01-05,CRM,Salesforce,Technology,252.62,5951263
2024-01-05,GOOGL,Alphabet,Communication Svcs.,134.1,35699945
2024-01-05,IBM,IBM,Technology,164.0,3787202
2024-01-05,INTC,Intel,Technology,49.99,38855404
2024-01-05,META,Meta Platforms,Communication Svcs.,361.7,32637345
2024-01-05,MSFT,Microsoft,Technology,373.66,23643931
2024-01-05,NFLX,Netflix,Communication Svcs.,490.89,5046127
2024-01-05,NVDA,NVIDIA,Technology,57.55,364218304
2024-01-05,ORCL,Oracle,Technology,114.44,11386882
2024-01-05,QCOM,Qualcomm,Technology,151.43,8362824
2024-01-05,TSLA,Tesla,Cons. Discretionary,270.49,115980585
2024-01-08,AAPL,Apple,Technology,188.9,56757246
2024-01-08,AMD,AMD,Technology,158.36,60129362
2024-01-08,AMZN,Amazon,Cons. Discretionary,151.12,59925747
2024-01-08,AVGO,Broadcom,Technology,102.59,27312101
2024-01-08,CRM,Salesforce,Technology,249.23,4018116
2024-01-08,GOOGL,Alphabet,Communication Svcs.,133.53,34925711
2024-01-08,IBM,IBM,Technology,162.41,3258414
2024-01-08,INTC,Intel,Technology,50.72,42297203
2024-01-08,META,Meta Platforms,Communication Svcs.,368.65,32359333
2024-01-08,MSFT,Microsoft,Technology,373.54,28429233
2024-01-08,NFLX,Netflix,Communication Svcs.,488.36,4547262
2024-01-08,NVDA,NVIDIA,Technology,57.05,282270370
2024-01-08,ORCL,Oracle,Technology,112.57,10951352
2024-01-08,QCOM,Qualcomm,Technology,145.87,6278971
2024-01-08,TSLA,Tesla,Cons. Discretionary,255.8,90129135
2024-01-09,AAPL,Apple,Technology,188.03,53404908
2024-01-09,AMD,AMD,Technology,156.89,64419702
2024-01-09,AMZN,Amazon,Cons. Discretionary,148.47,43803762
2024-01-09,AVGO,Broadcom,Technology,101.45,19950751
2024-01-09,CRM,Salesforce,Technology,244.77,4257502
2024-01-09,GOOGL,Alphabet,Communication Svcs.,134.5,21185118
2024-01-09,IBM,IBM,Technology,161.46,2818181
2024-01-09,INTC,Intel,Technology,48.73,26560138
2024-01-09,META,Meta Platforms,Communication Svcs.,355.97,16090120
2024-01-09,MSFT,Microsoft,Technology,372.58,35939238
2024-01-09,NFLX,Netflix,Communication Svcs.,493.07,5814243
2024-01-09,NVDA,NVIDIA,Technology,56.88,456792291
2024-01-09,ORCL,Oracle,Technology,113.12,14018518
2024-01-09,QCOM,Qualcomm,Technology,149.68,8580844
2024-01-09,TSLA,Tesla,Cons. Discretionary,273.21,62191196
2024-01-10,AAPL,Apple,Technology,185.02,35328984
2024-01-10,AMD,AMD,Technology,152.93,57568458
2024-01-10,AMZN,Amazon,Cons. Discretionary,140.07,124117117
2024-01-10,AVGO,Broadcom,Technology,102.68,22661551
2024-01-10,CRM,Salesforce,Technology,244.11,5296093
2024-01-10,GOOGL,Alphabet,Communication Svcs.,133.61,28188182
2024-01-10,IBM,IBM,Technology,163.23,5221255
2024-01-10,INTC,Intel,Technology,47.2,31622896
2024-01-10,META,Meta Platforms,Communication Svcs.,367.95,21017391
2024-01-10,MSFT,Microsoft,Technology,362.91,34798085
2024-01-10,NFLX,Netflix,Communication Svcs.,497.9,6586571
2024-01-10,NVDA,NVIDIA,Technology,58.27,594905548
2024-01-10,ORCL,Oracle,Technology,113.59,18170906
2024-01-10,QCOM,Qualcomm,Technology,148.78,9908736
2024-01-10,TSLA,Tesla,Cons. Discretionary,282.29,101000603
2024-01-11,AAPL,Apple,Technology,184.61,86196202
2024-01-11,AMD,AMD,Technology,145.43,53704797
2024-01-11,AMZN,Amazon,Cons. Discretionary,144.07,46976046
2024-01-11,AVGO,Broadcom,Technology,100.51,25794610
2024-01-11,CRM,Salesforce,Technology,249.19,4027114
2024-01-11,GOOGL,Alphabet,Communication Svcs.,137.99,16788865
2024-01-11,IBM,IBM,Technology,163.12,4436061
2024-01-11,INTC,Intel,Technology,47.56,22842583
2024-01-11,META,Meta Platforms,Communication Svcs.,374.97,26669628
2024-01-11,MSFT,Microsoft,Technology,363.68,30717681
2024-01-11,NFLX,Netflix,Communication Svcs.,486.04,6783377
2024-01-11,NVDA,NVIDIA,Technology,59.95,578493005
2024-01-11,ORCL,Oracle,Technology,113.25,7245630
2024-01-11,QCOM,Qualcomm,Technology,145.05,5345960
2024-01-11,TSLA,Tesla,Cons. Discretionary,302.84,130362309
2024-01-12,AAPL,Apple,Technology,189.68,64525516
2024-01-12,AMD,AMD,Technology,146.98,64341904
2024-01-12,AMZN,Amazon,Cons. Discretionary,149.47,63261376
2024-01-12,AVGO,Broadcom,Technology,99.36,27299784
2024-01-12,CRM,Salesforce,Technology,250.46,4456123
2024-01-12,GOOGL,Alphabet,Communication Svcs.,139.01,19564105
2024-01-12,IBM,IBM,Technology,162.12,5002476
2024-01-12,INTC,Intel,Technology,47.36,37058558
2024-01-12,META,Meta Platforms,Communication Svcs.,386.91,19618351
2024-01-12,MSFT,Microsoft,Technology,361.59,27332949
2024-01-12,NFLX,Netflix,Communication Svcs.,484.08,4184020
2024-01-12,NVDA,NVIDIA,Technology,58.86,525485869
2024-01-12,ORCL,Oracle,Technology,116.36,9768532
2024-01-12,QCOM,Qualcomm,Technology,146.35,7755720
2024-01-12,TSLA,Tesla,Cons. Discretionary,311.92,89535399
2024-01-15,AAPL,Apple,Technology,192.71,54656900
2024-01-15,AMD,AMD,Technology,145.13,34897758
2024-01-15,AMZN,Amazon,Cons. Discretionary,145.23,45122865
2024-01-15,AVGO,Broadcom,Technology,100.05,21031676
2024-01-15,CRM,Salesforce,Technology,260.84,5055966
2024-01-15,GOOGL,Alphabet,Communication Svcs.,139.55,28401411
2024-01-15,IBM,IBM,Technology,160.95,4308071
2024-01-15,INTC,Intel,Technology,47.91,29526190
2024-01-15,META,Meta Platforms,Communication Svcs.,378.21,26860189
2024-01-15,MSFT,Microsoft,Technology,357.91,31590724
2024-01-15,NFLX,Netflix,Communication Svcs.,479.76,6066473
2024-01-15,NVDA,NVIDIA,Technology,58.06,412501280
2024-01-15,ORCL,Oracle,Technology,119.76,12093513
2024-01-15,QCOM,Qualcomm,Technology,144.06,9836881
2024-01-15,TSLA,Tesla,Cons. Discretionary,336.92,77826973
2024-01-16,AAPL,Apple,Technology,188.56,45363580
2024-01-16,AMD,AMD,Technology,146.89,53408959
2024-01-16,AMZN,Amazon,Cons. Discretionary,145.23,54460432
2024-01-16,AVGO,Broadcom,Technology,100.6,17749241
2024-01-16,CRM,Salesforce,Technology,254.88,4792079
2024-01-16,GOOGL,Alphabet,Communication Svcs.,138.17,26212247
2024-01-16,IBM,IBM,Technology,159.69,5042808
2024-01-16,INTC,Intel,Technology,46.37,46872017
2024-01-16,META,Meta Platforms,Communication Svcs.,362.63,18042456
2024-01-16,MSFT,Microsoft,Technology,352.06,23372956
2024-01-16,NFLX,Netflix,Communication Svcs.,485.87,8358697
2024-01-16,NVDA,NVIDIA,Technology,57.91,411685287
2024-01-16,ORCL,Oracle,Technology,117.39,12036391
2024-01-16,QCOM,Qualcomm,Technology,148.27,5690738
2024-01-16,TSLA,Tesla,Cons. Discretionary,321.86,100127466
2024-01-17,AAPL,Apple,Technology,188.87,55822061
2024-01-17,AMD,AMD,Technology,145.23,47179907
2024-01-17,AMZN,Amazon,Cons. Discretionary,143.91,52919403
2024-01-17,AVGO,Broadcom,Technology,101.18,20495802
2024-01-17,CRM,Salesforce,Technology,264.95,5983724
2024-01-17,GOOGL,Alphabet,Communication Svcs.,144.11,29243195
2024-01-17,IBM,IBM,Technology,159.46,4636562
2024-01-17,INTC,Intel,Technology,47.26,42076855
2024-01-17,META,Meta Platforms,Communication Svcs.,355.2,20898105
2024-01-17,MSFT,Microsoft,Technology,358.07,29579287
2024-01-17,NFLX,Netflix,Communication Svcs.,472.06,4723638
2024-01-17,NVDA,NVIDIA,Technology,56.1,307903450
2024-01-17,ORCL,Oracle,Technology,113.79,8812971
2024-01-17,QCOM,Qualcomm,Technology,147.96,9971750
2024-01-17,TSLA,Tesla,Cons. Discretionary,315.07,110052903
2024-01-18,AAPL,Apple,Technology,185.36,68876747
2024-01-18,AMD,AMD,Technology,136.45,72576614
2024-01-18,AMZN,Amazon,Cons. Discretionary,144.95,62300952
2024-01-18,AVGO,Broadcom,Technology,99.09,23007320
2024-01-18,CRM,Salesforce,Technology,273.21,4558810
2024-01-18,GOOGL,Alphabet,Communication Svcs.,150.52,21731428
2024-01-18,IBM,IBM,Technology,159.31,4818124
2024-01-18,INTC,Intel,Technology,47.35,31166779
2024-01-18,META,Meta Platforms,Communication Svcs.,367.57,21173637
2024-01-18,MSFT,Microsoft,Technology,353.16,37267017
2024-01-18,NFLX,Netflix,Communication Svcs.,478.37,7252831
2024-01-18,NVDA,NVIDIA,Technology,54.9,400705337
2024-01-18,ORCL,Oracle,Technology,113.86,12130459
2024-01-18,QCOM,Qualcomm,Technology,148.75,6295583
2024-01-18,TSLA,Tesla,Cons. Discretionary,319.62,99266658
2024-01-19,AAPL,Apple,Technology,185.34,79115202
2024-01-19,AMD,AMD,Technology,135.26,72898823
2024-01-19,AMZN,Amazon,Cons. Discretionary,140.38,45059603
2024-01-19,AVGO,Broadcom,Technology,100.32,24810847
2024-01-19,CRM,Salesforce,Technology,277.0,7085235
2024-01-19,GOOGL,Alphabet,Communication Svcs.,153.45,12997724
2024-01-19,IBM,IBM,Technology,160.72,2655017
2024-01-19,INTC,Intel,Technology,47.38,30577638
2024-01-19,META,Meta Platforms,Communication Svcs.,362.33,20386761
2024-01-19,MSFT,Microsoft,Technology,356.43,18516753
2024-01-19,NFLX,Netflix,Communication Svcs.,482.76,4576235
2024-01-19,NVDA,NVIDIA,Technology,56.04,326142081
2024-01-19,ORCL,Oracle,Technology,114.75,11375333
2024-01-19,QCOM,Qualcomm,Technology,145.15,5751240
2024-01-19,TSLA,Tesla,Cons. Discretionary,327.06,66688494
2024-01-22,AAPL,Apple,Technology,185.96,65221614
2024-01-22,AMD,AMD,Technology,126.93,26141800
2024-01-22,AMZN,Amazon,Cons. Discretionary,136.04,61309933
2024-01-22,AVGO,Broadcom,Technology,99.74,15496435
2024-01-22,CRM,Salesforce,Technology,270.0,4152177
2024-01-22,GOOGL,Alphabet,Communication Svcs.,157.64,19615739
2024-01-22,IBM,IBM,Technology,162.29,2474159
2024-01-22,INTC,Intel,Technology,47.59,29292596
2024-01-22,META,Meta Platforms,Communication Svcs.,363.81,28463393
2024-01-22,MSFT,Microsoft,Technology,362.84,21895411
2024-01-22,NFLX,Netflix,Communication Svcs.,478.27,5618183
2024-01-22,NVDA,NVIDIA,Technology,57.41,355903471
2024-01-22,ORCL,Oracle,Technology,115.75,11817128
2024-01-22,QCOM,Qualcomm,Technology,145.86,6688114
2024-01-22,TSLA,Tesla,Cons. Discretionary,332.33,165207197
2024-01-23,AAPL,Apple,Technology,184.84,68636531
2024-01-23,AMD,AMD,Technology,127.84,57954873
2024-01-23,AMZN,Amazon,Cons. Discretionary,137.83,44984720
2024-01-23,AVGO,Broadcom,Technology,100.41,17809814
2024-01-23,CRM,Salesforce,Technology,268.23,4633719
2024-01-23,GOOGL,Alphabet,Communication Svcs.,164.65,29164771
2024-01-23,IBM,IBM,Technology,162.18,4321278
2024-01-23,INTC,Intel,Technology,48.88,33174839
2024-01-23,META,Meta Platforms,Communication Svcs.,347.91,13252999
2024-01-23,MSFT,Microsoft,Technology,356.61,21338933
2024-01-23,NFLX,Netflix,Communication Svcs.,478.81,3854428
2024-01-23,NVDA,NVIDIA,Technology,56.79,292365745
2024-01-23,ORCL,Oracle,Technology,114.4,10152675
2024-01-23,QCOM,Qualcomm,Technology,148.34,12675124
2024-01-23,TSLA,Tesla,Cons. Discretionary,340.0,86319198
2024-01-24,AAPL,Apple,Technology,184.8,65701490
2024-01-24,AMD,AMD,Technology,123.45,41322648
2024-01-24,AMZN,Amazon,Cons. Discretionary,135.6,60524577
2024-01-24,AVGO,Broadcom,Technology,101.67,23278754
2024-01-24,CRM,Salesforce,Technology,264.54,4788428
2024-01-24,GOOGL,Alphabet,Communication Svcs.,161.39,31358094
2024-01-24,IBM,IBM,Technology,162.98,4865897
2024-01-24,INTC,Intel,Technology,49.04,43895996
2024-01-24,META,Meta Platforms,Communication Svcs.,368.96,21356994
2024-01-24,MSFT,Microsoft,Technology,351.97,33370693
2024-01-24,NFLX,Netflix,Communication Svcs.,463.25,5404898
2024-01-24,NVDA,NVIDIA,Technology,54.31,423063254
2024-01-24,ORCL,Oracle,Technology,114.95,14403229
2024-01-24,QCOM,Qualcomm,Technology,150.01,8358728
2024-01-24,TSLA,Tesla,Cons. Discretionary,336.22,140884621
2024-01-25,AAPL,Apple,Technology,183.05,45009994
2024-01-25,AMD,AMD,Technology,127.59,69799575
2024-01-25,AMZN,Amazon,Cons. Discretionary,129.44,49560756
2024-01-25,AVGO,Broadcom,Technology,102.05,20137399
2024-01-25,CRM,Salesforce,Technology,278.07,4014055
2024-01-25,GOOGL,Alphabet,Communication Svcs.,164.53,16668766
2024-01-25,IBM,IBM,Technology,163.23,3987810
2024-01-25,INTC,Intel,Technology,48.23,30041794
2024-01-25,META,Meta Platforms,Communication Svcs.,369.85,20617422
2024-01-25,MSFT,Microsoft,Technology,352.7,40479128
2024-01-25,NFLX,Netflix,Communication Svcs.,488.86,3759232
2024-01-25,NVDA,NVIDIA,Technology,53.23,536506696
2024-01-25,ORCL,Oracle,Technology,117.2,11212934
2024-01-25,QCOM,Qualcomm,Technology,145.95,9735705
2024-01-25,TSLA,Tesla,Cons. Discretionary,323.04,111658286
2024-01-26,AAPL,Apple,Technology,182.96,61020625
2024-01-26,AMD,AMD,Technology,132.79,39965138
2024-01-26,AMZN,Amazon,Cons. Discretionary,130.02,53843522
2024-01-26,AVGO,Broadcom,Technology,102.17,24535704
2024-01-26,CRM,Salesforce,Technology,273.39,4801237
2024-01-26,GOOGL,Alphabet,Communication Svcs.,160.21,18305946
2024-01-26,IBM,IBM,Technology,162.23,3708777
2024-01-26,INTC,Intel,Technology,47.78,31104486
2024-01-26,META,Meta Platforms,Communication Svcs.,381.59,20580212
2024-01-26,MSFT,Microsoft,Technology,353.02,17819686
2024-01-26,NFLX,Netflix,Communication Svcs.,481.84,6229022
2024-01-26,NVDA,NVIDIA,Technology,50.66,388488090
2024-01-26,ORCL,Oracle,Technology,117.6,6810723
2024-01-26,QCOM,Qualcomm,Technology,144.08,9770559
2024-01-26,TSLA,Tesla,Cons. Discretionary,328.37,138404094
2024-01-29,AAPL,Apple,Technology,180.94,58322134
2024-01-29,AMD,AMD,Technology,138.97,54462175
2024-01-29,AMZN,Amazon,Cons. Discretionary,132.51,70302938
2024-01-29,AVGO,Broadcom,Technology,103.96,24336262
2024-01-29,CRM,Salesforce,Technology,272.42,5012415
2024-01-29,GOOGL,Alphabet,Communication Svcs.,154.46,32911590
2024-01-29,IBM,IBM,Technology,163.5,4524247
2024-01-29,INTC,Intel,Technology,48.78,25571980
2024-01-29,META,Meta Platforms,Communication Svcs.,367.64,27178024
2024-01-29,MSFT,Microsoft,Technology,355.06,23284943
2024-01-29,NFLX,Netflix,Communication Svcs.,466.65,5192456
2024-01-29,NVDA,NVIDIA,Technology,50.45,332273456
2024-01-29,ORCL,Oracle,Technology,116.81,8564052
2024-01-29,QCOM,Qualcomm,Technology,148.37,11910929
2024-01-29,TSLA,Tesla,Cons. Discretionary,304.19,103873187
2024-01-30,AAPL,Apple,Technology,181.13,64940272
2024-01-30,AMD,AMD,Technology,139.22,51197044
2024-01-30,AMZN,Amazon,Cons. Discretionary,128.23,41926079
2024-01-30,AVGO,Broadcom,Technology,106.77,22115880
2024-01-30,CRM,Salesforce,Technology,271.0,4292921
2024-01-30,GOOGL,Alphabet,Communication Svcs.,150.23,31456549
2024-01-30,IBM,IBM,Technology,166.25,5496549
2024-01-30,INTC,Intel,Technology,49.83,26858873
2024-01-30,META,Meta Platforms,Communication Svcs.,374.03,22955030
2024-01-30,MSFT,Microsoft,Technology,355.65,12884857
2024-01-30,NFLX,Netflix,Communication Svcs.,473.68,4478456
2024-01-30,NVDA,NVIDIA,Technology,52.66,395801322
2024-01-30,ORCL,Oracle,Technology,113.69,8059348
2024-01-30,QCOM,Qualcomm,Technology,151.59,6905011
2024-01-30,TSLA,Tesla,Cons. Discretionary,300.21,137630596
2024-01-31,AAPL,Apple,Technology,178.51,75119758
2024-01-31,AMD,AMD,Technology,145.72,44154401
2024-01-31,AMZN,Amazon,Cons. Discretionary,130.42,33223742
2024-01-31,AVGO,Broadcom,Technology,108.52,18163660
2024-01-31,CRM,Salesforce,Technology,272.87,5580164
2024-01-31,GOOGL,Alphabet,Communication Svcs.,150.63,34689207
2024-01-31,IBM,IBM,Technology,165.3,3508809
2024-01-31,INTC,Intel,Technology,48.82,42049028
2024-01-31,META,Meta Platforms,Communication Svcs.,388.13,27757338
2024-01-31,MSFT,Microsoft,Technology,352.39,24028397
2024-01-31,NFLX,Netflix,Communication Svcs.,475.64,5247963
2024-01-31,NVDA,NVIDIA,Technology,52.56,466157364
2024-01-31,ORCL,Oracle,Technology,113.31,13160659
2024-01-31,QCOM,Qualcomm,Technology,150.69,9347410
2024-01-31,TSLA,Tesla,Cons. Discretionary,307.61,81675546
2024-02-01,AAPL,Apple,Technology,176.4,73195863
2024-02-01,AMD,AMD,Technology,143.37,56926546
2024-02-01,AMZN,Amazon,Cons. Discretionary,129.74,41252335
2024-02-01,AVGO,Broadcom,Technology,110.51,17621671
2024-02-01,CRM,Salesforce,Technology,270.97,5219673
2024-02-01,GOOGL,Alphabet,Communication Svcs.,145.36,22816745
2024-02-01,IBM,IBM,Technology,163.96,3090370
2024-02-01,INTC,Intel,Technology,49.47,44342070
2024-02-01,META,Meta Platforms,Communication Svcs.,389.43,21043068
2024-02-01,MSFT,Microsoft,Technology,350.26,32387313
2024-02-01,NFLX,Netflix,Communication Svcs.,466.64,3896671
2024-02-01,NVDA,NVIDIA,Technology,54.28,374964253
2024-02-01,ORCL,Oracle,Technology,115.13,10688499
2024-02-01,QCOM,Qualcomm,Technology,147.68,12689735
2024-02-01,TSLA,Tesla,Cons. Discretionary,296.42,87265630
2024-02-02,AAPL,Apple,Technology,178.85,60122703
2024-02-02,AMD,AMD,Technology,147.43,59606331
2024-02-02,AMZN,Amazon,Cons. Discretionary,132.22,45868988
2024-02-02,AVGO,Broadcom,Technology,111.82,22388467
2024-02-02,CRM,Salesforce,Technology,274.34,3776346
2024-02-02,GOOGL,Alphabet,Communication Svcs.,144.81,36497624
2024-02-02,IBM,IBM,Technology,163.31,3964392
2024-02-02,INTC,Intel,Technology,48.53,42459774
2024-02-02,META,Meta Platforms,Communication Svcs.,393.64,29170787
2024-02-02,MSFT,Microsoft,Technology,352.22,29271660
2024-02-02,NFLX,Netflix,Communication Svcs.,470.34,5523943
2024-02-02,NVDA,NVIDIA,Technology,54.03,315209888
2024-02-02,ORCL,Oracle,Technology,116.42,7791549
2024-02-02,QCOM,Qualcomm,Technology,146.91,8112610
2024-02-02,TSLA,Tesla,Cons. Discretionary,303.34,98740026
2024-02-05,AAPL,Apple,Technology,175.12,63929821
2024-02-05,AMD,AMD,Technology,146.7,35097048
2024-02-05,AMZN,Amazon,Cons. Discretionary,134.95,51433821
2024-02-05,AVGO,Broadcom,Technology,112.73,22323039
2024-02-05,CRM,Salesforce,Technology,270.52,7753621
2024-02-05,GOOGL,Alphabet,Communication Svcs.,142.61,22348977
2024-02-05,IBM,IBM,Technology,162.01,3431116
2024-02-05,INTC,Intel,Technology,47.02,40298914
2024-02-05,META,Meta Platforms,Communication Svcs.,396.44,32367584
2024-02-05,MSFT,Microsoft,Technology,352.84,19854218
2024-02-05,NFLX,Netflix,Communication Svcs.,477.57,5234596
2024-02-05,NVDA,NVIDIA,Technology,51.77,299949383
2024-02-05,ORCL,Oracle,Technology,116.39,12852626
2024-02-05,QCOM,Qualcomm,Technology,148.78,10622459
2024-02-05,TSLA,Tesla,Cons. Discretionary,277.21,97657681
2024-02-06,AAPL,Apple,Technology,173.0,83730199
2024-02-06,AMD,AMD,Technology,148.74,62916788
2024-02-06,AMZN,Amazon,Cons. Discretionary,136.33,49143472
2024-02-06,AVGO,Broadcom,Technology,109.52,22231043
2024-02-06,CRM,Salesforce,Technology,274.2,7306608
2024-02-06,GOOGL,Alphabet,Communication Svcs.,144.47,32035281
2024-02-06,IBM,IBM,Technology,161.69,7269850
2024-02-06,INTC,Intel,Technology,50.15,31730806
2024-02-06,META,Meta Platforms,Communication Svcs.,387.78,20171586
2024-02-06,MSFT,Microsoft,Technology,362.5,16155335
2024-02-06,NFLX,Netflix,Communication Svcs.,475.89,3530321
2024-02-06,NVDA,NVIDIA,Technology,51.84,511129118
2024-02-06,ORCL,Oracle,Technology,115.22,12036210
2024-02-06,QCOM,Qualcomm,Technology,147.18,7038972
2024-02-06,TSLA,Tesla,Cons. Discretionary,270.59,119857716
2024-02-07,AAPL,Apple,Technology,175.47,53268770
2024-02-07,AMD,AMD,Technology,148.61,45659154
2024-02-07,AMZN,Amazon,Cons. Discretionary,137.2,44874333
2024-02-07,AVGO,Broadcom,Technology,112.12,23851959
2024-02-07,CRM,Salesforce,Technology,276.74,4370989
2024-02-07,GOOGL,Alphabet,Communication Svcs.,148.05,43562660
2024-02-07,IBM,IBM,Technology,165.28,2768741
2024-02-07,INTC,Intel,Technology,49.79,24552554
2024-02-07,META,Meta Platforms,Communication Svcs.,392.36,22744742
2024-02-07,MSFT,Microsoft,Technology,364.32,26338979
2024-02-07,NFLX,Netflix,Communication Svcs.,491.32,6369208
2024-02-07,NVDA,NVIDIA,Technology,51.22,476442611
2024-02-07,ORCL,Oracle,Technology,111.04,9425686
2024-02-07,QCOM,Qualcomm,Technology,149.45,10656426
2024-02-07,TSLA,Tesla,Cons. Discretionary,269.7,105621370
2024-02-08,AAPL,Apple,Technology,178.4,41823933
2024-02-08,AMD,AMD,Technology,147.64,36091997
2024-02-08,AMZN,Amazon,Cons. Discretionary,136.7,56132757
2024-02-08,AVGO,Broadcom,Technology,115.23,15730146
2024-02-08,CRM,Salesforce,Technology,273.54,8254720
2024-02-08,GOOGL,Alphabet,Communication Svcs.,150.63,16971278
2024-02-08,IBM,IBM,Technology,162.43,5485524
2024-02-08,INTC,Intel,Technology,49.58,41219975
2024-02-08,META,Meta Platforms,Communication Svcs.,373.35,35498483
2024-02-08,MSFT,Microsoft,Technology,360.37,29355385
2024-02-08,NFLX,Netflix,Communication Svcs.,482.4,4971404
2024-02-08,NVDA,NVIDIA,Technology,52.37,408335693
2024-02-08,ORCL,Oracle,Technology,111.04,8331653
2024-02-08,QCOM,Qualcomm,Technology,148.74,10577112
2024-02-08,TSLA,Tesla,Cons. Discretionary,265.19,96213067
2024-02-09,AAPL,Apple,Technology,179.84,70161736
2024-02-09,AMD,AMD,Technology,148.97,47833403
2024-02-09,AMZN,Amazon,Cons. Discretionary,130.51,57811035
2024-02-09,AVGO,Broadcom,Technology,119.03,18405336
2024-02-09,CRM,Salesforce,Technology,274.69,4499759
2024-02-09,GOOGL,Alphabet,Communication Svcs.,151.16,29484862
2024-02-09,IBM,IBM,Technology,164.07,3543767
2024-02-09,INTC,Intel,Technology,51.99,35608819
2024-02-09,META,Meta Platforms,Communication Svcs.,370.74,26891203
2024-02-09,MSFT,Microsoft,Technology,357.97,26969171
2024-02-09,NFLX,Netflix,Communication Svcs.,472.61,4264110
2024-02-09,NVDA,NVIDIA,Technology,54.9,446668484
2024-02-09,ORCL,Oracle,Technology,111.05,11493174
2024-02-09,QCOM,Qualcomm,Technology,144.39,6126199
2024-02-09,TSLA,Tesla,Cons. Discretionary,275.25,130322278
2024-02-12,AAPL,Apple,Technology,180.98,60650942
2024-02-12,AMD,AMD,Technology,153.72,29386448
2024-02-12,AMZN,Amazon,Cons. Discretionary,132.12,47951399
2024-02-12,AVGO,Broadcom,Technology,118.24,11179225
2024-02-12,CRM,Salesforce,Technology,281.87,4509003
2024-02-12,GOOGL,Alphabet,Communication Svcs.,150.78,27966273
2024-02-12,IBM,IBM,Technology,165.06,3196337
2024-02-12,INTC,Intel,Technology,52.52,33763626
2024-02-12,META,Meta Platforms,Communication Svcs.,355.25,24671951
2024-02-12,MSFT,Microsoft,Technology,357.11,29243660
2024-02-12,NFLX,Netflix,Communication Svcs.,467.21,5602201
2024-02-12,NVDA,NVIDIA,Technology,54.83,370928238
2024-02-12,ORCL,Oracle,Technology,109.18,14574700
2024-02-12,QCOM,Qualcomm,Technology,139.71,7891285
2024-02-12,TSLA,Tesla,Cons. Discretionary,256.69,108129266
2024-02-13,AAPL,Apple,Technology,184.02,76965544
2024-02-13,AMD,AMD,Technology,157.61,42774861
2024-02-13,AMZN,Amazon,Cons. Discretionary,132.98,48370760
2024-02-13,AVGO,Broadcom,Technology,120.52,13893290
2024-02-13,CRM,Salesforce,Technology,282.93,7461839
2024-02-13,GOOGL,Alphabet,Communication Svcs.,146.87,25476637
2024-02-13,IBM,IBM,Technology,164.83,3152212
2024-02-13,INTC,Intel,Technology,52.65,24545964
2024-02-13,META,Meta Platforms,Communication Svcs.,362.68,18013498
2024-02-13,MSFT,Microsoft,Technology,361.28,26151739
2024-02-13,NFLX,Netflix,Communication Svcs.,490.73,3792872
2024-02-13,NVDA,NVIDIA,Technology,56.06,365146469
2024-02-13,ORCL,Oracle,Technology,108.62,11955040
2024-02-13,QCOM,Qualcomm,Technology,142.91,7861844
2024-02-13,TSLA,Tesla,Cons. Discretionary,262.77,103016567
2024-02-14,AAPL,Apple,Technology,176.67,48033917
2024-02-14,AMD,AMD,Technology,150.25,32938559
2024-02-14,AMZN,Amazon,Cons. Discretionary,132.58,34546968
2024-02-14,AVGO,Broadcom,Technology,124.69,21332318
2024-02-14,CRM,Salesforce,Technology,280.72,7491501
2024-02-14,GOOGL,Alphabet,Communication Svcs.,145.76,21999104
2024-02-14,IBM,IBM,Technology,164.97,4308393
2024-02-14,INTC,Intel,Technology,52.31,29382292
2024-02-14,META,Meta Platforms,Communication Svcs.,363.18,18557666
2024-02-14,MSFT,Microsoft,Technology,365.85,25329600
2024-02-14,NFLX,Netflix,Communication Svcs.,473.47,6117372
2024-02-14,NVDA,NVIDIA,Technology,55.53,502606148
2024-02-14,ORCL,Oracle,Technology,107.74,9995261
2024-02-14,QCOM,Qualcomm,Technology,145.51,5715406
2024-02-14,TSLA,Tesla,Cons. Discretionary,272.41,64227825
2024-02-15,AAPL,Apple,Technology,178.04,56892093
2024-02-15,AMD,AMD,Technology,145.28,63795171
2024-02-15,AMZN,Amazon,Cons. Discretionary,128.63,30343483
2024-02-15,AVGO,Broadcom,Technology,121.36,14593424
2024-02-15,CRM,Salesforce,Technology,280.24,7265665
2024-02-15,GOOGL,Alphabet,Communication Svcs.,142.91,24500144
2024-02-15,IBM,IBM,Technology,167.8,4412989
2024-02-15,INTC,Intel,Technology,53.82,34534790
2024-02-15,META,Meta Platforms,Communication Svcs.,350.92,18876540
2024-02-15,MSFT,Microsoft,Technology,360.75,16418356
2024-02-15,NFLX,Netflix,Communication Svcs.,491.52,3670725
2024-02-15,NVDA,NVIDIA,Technology,56.19,467556248
2024-02-15,ORCL,Oracle,Technology,107.2,13125863
2024-02-15,QCOM,Qualcomm,Technology,146.17,6535525
2024-02-15,TSLA,Tesla,Cons. Discretionary,268.98,100351375
2024-02-16,AAPL,Apple,Technology,178.41,46733382
2024-02-16,AMD,AMD,Technology,148.48,46312256
2024-02-16,AMZN,Amazon,Cons. Discretionary,132.27,75319494
2024-02-16,AVGO,Broadcom,Technology,122.16,13557272
2024-02-16,CRM,Salesforce,Technology,287.42,5283877
2024-02-16,GOOGL,Alphabet,Communication Svcs.,141.2,21341943
2024-02-16,IBM,IBM,Technology,167.14,3881165
2024-02-16,INTC,Intel,Technology,54.24,29240590
2024-02-16,META,Meta Platforms,Communication Svcs.,353.27,16896206
2024-02-16,MSFT,Microsoft,Technology,362.99,22494632
2024-02-16,NFLX,Netflix,Communication Svcs.,481.09,4487847
2024-02-16,NVDA,NVIDIA,Technology,58.73,618891290
2024-02-16,ORCL,Oracle,Technology,108.29,9959328
2024-02-16,QCOM,Qualcomm,Technology,145.32,12623730
2024-02-16,TSLA,Tesla,Cons. Discretionary,269.57,142833350
2024-02-19,AAPL,Apple,Technology,179.38,71126034
2024-02-19,AMD,AMD,Technology,146.48,67901336
2024-02-19,AMZN,Amazon,Cons. Discretionary,130.12,53078285
2024-02-19,AVGO,Broadcom,Technology,123.84,27768491
2024-02-19,CRM,Salesforce,Technology,290.94,4608537
2024-02-19,GOOGL,Alphabet,Communication Svcs.,143.16,22363725
2024-02-19,IBM,IBM,Technology,165.32,5061646
2024-02-19,INTC,Intel,Technology,51.4,35590666
2024-02-19,META,Meta Platforms,Communication Svcs.,364.96,32806253
2024-02-19,MSFT,Microsoft,Technology,360.56,22813512
2024-02-19,NFLX,Netflix,Communication Svcs.,504.79,5322282
2024-02-19,NVDA,NVIDIA,Technology,55.47,595738697
2024-02-19,ORCL,Oracle,Technology,109.93,13237944
2024-02-19,QCOM,Qualcomm,Technology,143.58,7593928
2024-02-19,TSLA,Tesla,Cons. Discretionary,269.09,124815445
2024-02-20,AAPL,Apple,Technology,179.51,68870290
2024-02-20,AMD,AMD,Technology,148.07,35439329
2024-02-20,AMZN,Amazon,Cons. Discretionary,128.41,44380117
2024-02-20,AVGO,Broadcom,Technology,120.55,20948188
2024-02-20,CRM,Salesforce,Technology,284.83,6519722
2024-02-20,GOOGL,Alphabet,Communication Svcs.,143.17,19416773
2024-02-20,IBM,IBM,Technology,164.26,3125734
2024-02-20,INTC,Intel,Technology,52.51,56003180
2024-02-20,META,Meta Platforms,Communication Svcs.,364.02,21638169
2024-02-20,MSFT,Microsoft,Technology,371.56,27190803
2024-02-20,NFLX,Netflix,Communication Svcs.,512.42,3786340
2024-02-20,NVDA,NVIDIA,Technology,53.94,453294209
2024-02-20,ORCL,Oracle,Technology,108.79,7598077
2024-02-20,QCOM,Qualcomm,Technology,145.76,5533451
2024-02-20,TSLA,Tesla,Cons. Discretionary,287.47,60282904
2024-02-21,AAPL,Apple,Technology,182.8,69499590
2024-02-21,AMD,AMD,Technology,139.86,39241847
2024-02-21,AMZN,Amazon,Cons. Discretionary,131.79,81947645
2024-02-21,AVGO,Broadcom,Technology,116.39,27733596
2024-02-21,CRM,Salesforce,Technology,280.59,5619726
2024-02-21,GOOGL,Alphabet,Communication Svcs.,144.56,39981167
2024-02-21,IBM,IBM,Technology,165.65,3269331
2024-02-21,INTC,Intel,Technology,53.07,33360724
2024-02-21,META,Meta Platforms,Communication Svcs.,374.73,21413485
2024-02-21,MSFT,Microsoft,Technology,367.5,28255097
2024-02-21,NFLX,Netflix,Communication Svcs.,499.94,3662009
2024-02-21,NVDA,NVIDIA,Technology,56.8,439067355
2024-02-21,ORCL,Oracle,Technology,112.93,9962160
2024-02-21,QCOM,Qualcomm,Technology,147.91,8121584
2024-02-21,TSLA,Tesla,Cons. Discretionary,296.76,126467915
2024-02-22,AAPL,Apple,Technology,181.76,76031238
2024-02-22,AMD,AMD,Technology,141.48,37737630
2024-02-22,AMZN,Amazon,Cons. Discretionary,135.81,50947830
2024-02-22,AVGO,Broadcom,Technology,117.87,22444109
2024-02-22,CRM,Salesforce,Technology,272.25,3958590
2024-02-22,GOOGL,Alphabet,Communication Svcs.,147.87,41515206
2024-02-22,IBM,IBM,Technology,165.8,4435803
2024-02-22,INTC,Intel,Technology,53.52,30581812
2024-02-22,META,Meta Platforms,Communication Svcs.,364.23,23721441
2024-02-22,MSFT,Microsoft,Technology,372.78,24220418
2024-02-22,NFLX,Netflix,Communication Svcs.,494.64,3990423
2024-02-22,NVDA,NVIDIA,Technology,56.07,518757860
2024-02-22,ORCL,Oracle,Technology,111.34,16483918
2024-02-22,QCOM,Qualcomm,Technology,143.58,10771789
2024-02-22,TSLA,Tesla,Cons. Discretionary,283.61,96464104
2024-02-23,AAPL,Apple,Technology,182.84,66493358
2024-02-23,AMD,AMD,Technology,136.87,59092766
2024-02-23,AMZN,Amazon,Cons. Discretionary,133.48,48927001
2024-02-23,AVGO,Broadcom,Technology,117.61,19471483
2024-02-23,CRM,Salesforce,Technology,276.3,3881389
2024-02-23,GOOGL,Alphabet,Communication Svcs.,149.15,33286098
2024-02-23,IBM,IBM,Technology,167.06,4998998
2024-02-23,INTC,Intel,Technology,52.53,32591112
2024-02-23,META,Meta Platforms,Communication Svcs.,362.92,14771623
2024-02-23,MSFT,Microsoft,Technology,373.65,30337914
2024-02-23,NFLX,Netflix,Communication Svcs.,512.23,4864826
2024-02-23,NVDA,NVIDIA,Technology,54.37,399309873
2024-02-23,ORCL,Oracle,Technology,108.49,10433908
2024-02-23,QCOM,Qualcomm,Technology,146.61,9920679
2024-02-23,TSLA,Tesla,Cons. Discretionary,265.62,97082981
2024-02-26,AAPL,Apple,Technology,181.8,49007193
2024-02-26,AMD,AMD,Technology,135.95,52789984
2024-02-26,AMZN,Amazon,Cons. Discretionary,136.43,44544215
2024-02-26,AVGO,Broadcom,Technology,116.79,26029905
2024-02-26,CRM,Salesforce,Technology,283.67,4933073
2024-02-26,GOOGL,Alphabet,Communication Svcs.,147.6,21483350
2024-02-26,IBM,IBM,Technology,170.54,3103547
2024-02-26,INTC,Intel,Technology,51.99,36572336
2024-02-26,META,Meta Platforms,Communication Svcs.,381.15,19383464
2024-02-26,MSFT,Microsoft,Technology,373.86,16779982
2024-02-26,NFLX,Netflix,Communication Svcs.,532.08,5808148
2024-02-26,NVDA,NVIDIA,Technology,57.46,440392549
2024-02-26,ORCL,Oracle,Technology,107.19,12897314
2024-02-26,QCOM,Qualcomm,Technology,151.84,9685773
2024-02-26,TSLA,Tesla,Cons. Discretionary,243.39,88144828
2024-02-27,AAPL,Apple,Technology,182.89,88552808
2024-02-27,AMD,AMD,Technology,132.04,52838466
2024-02-27,AMZN,Amazon,Cons. Discretionary,136.33,84448513
2024-02-27,AVGO,Broadcom,Technology,122.77,16113257
2024-02-27,CRM,Salesforce,Technology,284.7,4772581
2024-02-27,GOOGL,Alphabet,Communication Svcs.,141.62,28529360
2024-02-27,IBM,IBM,Technology,169.83,3988789
2024-02-27,INTC,Intel,Technology,53.36,32776136
2024-02-27,META,Meta Platforms,Communication Svcs.,386.65,28561837
2024-02-27,MSFT,Microsoft,Technology,367.63,25295236
2024-02-27,NFLX,Netflix,Communication Svcs.,520.82,2933706
2024-02-27,NVDA,NVIDIA,Technology,59.78,555342631
2024-02-27,ORCL,Oracle,Technology,110.42,11201004
2024-02-27,QCOM,Qualcomm,Technology,152.71,6950297
2024-02-27,TSLA,Tesla,Cons. Discretionary,233.53,60785242
2024-02-28,AAPL,Apple,Technology,182.57,58388663
2024-02-28,AMD,AMD,Technology,129.98,60151706
2024-02-28,AMZN,Amazon,Cons. Discretionary,140.83,46876354
2024-02-28,AVGO,Broadcom,Technology,124.49,25333435
2024-02-28,CRM,Salesforce,Technology,283.88,3445583
2024-02-28,GOOGL,Alphabet,Communication Svcs.,140.04,22187605
2024-02-28,IBM,IBM,Technology,169.86,4922117
2024-02-28,INTC,Intel,Technology,52.64,35919571
2024-02-28,META,Meta Platforms,Communication Svcs.,376.83,19943161
2024-02-28,MSFT,Microsoft,Technology,362.63,24869460
2024-02-28,NFLX,Netflix,Communication Svcs.,536.68,3552162
2024-02-28,NVDA,NVIDIA,Technology,61.32,423416297
2024-02-28,ORCL,Oracle,Technology,111.93,12344388
2024-02-28,QCOM,Qualcomm,Technology,153.42,9218780
2024-02-28,TSLA,Tesla,Cons. Discretionary,241.23,81116591
2024-02-29,AAPL,Apple,Technology,181.73,77087977
2024-02-29,AMD,AMD,Technology,128.2,56219820
2024-02-29,AMZN,Amazon,Cons. Discretionary,143.76,78751220
2024-02-29,AVGO,Broadcom,Technology,122.08,23741702
2024-02-29,CRM,Salesforce,Technology,283.43,4043536
2024-02-29,GOOGL,Alphabet,Communication Svcs.,146.26,34101876
2024-02-29,IBM,IBM,Technology,169.41,2852079
2024-02-29,INTC,Intel,Technology,53.45,21044067
2024-02-29,META,Meta Platforms,Communication Svcs.,368.23,21579611
2024-02-29,MSFT,Microsoft,Technology,357.93,22712851
2024-02-29,NFLX,Netflix,Communication Svcs.,513.11,3166052
2024-02-29,NVDA,NVIDIA,Technology,62.75,563486192
2024-02-29,ORCL,Oracle,Technology,112.94,8941639
2024-02-29,QCOM,Qualcomm,Technology,148.55,8898973
2024-02-29,TSLA,Tesla,Cons. Discretionary,247.39,78066922
2024-03-01,AAPL,Apple,Technology,186.44,67005810
2024-03-01,AMD,AMD,Technology,128.74,51852048
2024-03-01,AMZN,Amazon,Cons. Discretionary,141.89,63708044
2024-03-01,AVGO,Broadcom,Technology,124.38,30936872
2024-03-01,CRM,Salesforce,Technology,279.32,7128116
2024-03-01,GOOGL,Alphabet,Communication Svcs.,147.75,17885788
2024-03-01,IBM,IBM,Technology,171.64,3265276
2024-03-01,INTC,Intel,Technology,53.92,27985116
2024-03-01,META,Meta Platforms,Communication Svcs.,376.68,17448649
2024-03-01,MSFT,Microsoft,Technology,364.44,19564900
2024-03-01,NFLX,Netflix,Communication Svcs.,524.85,6944814
2024-03-01,NVDA,NVIDIA,Technology,61.92,459853751
2024-03-01,ORCL,Oracle,Technology,112.85,10099314
2024-03-01,QCOM,Qualcomm,Technology,143.02,6493737
2024-03-01,TSLA,Tesla,Cons. Discretionary,257.45,59903936
2024-03-04,AAPL,Apple,Technology,189.8,41595570
2024-03-04,AMD,AMD,Technology,135.07,50689642
2024-03-04,AMZN,Amazon,Cons. Discretionary,147.0,68562521
2024-03-04,AVGO,Broadcom,Technology,126.2,17212570
2024-03-04,CRM,Salesforce,Technology,273.19,7171526
2024-03-04,GOOGL,Alphabet,Communication Svcs.,148.87,32691162
2024-03-04,IBM,IBM,Technology,172.96,3264100
2024-03-04,INTC,Intel,Technology,51.9,23174694
2024-03-04,META,Meta Platforms,Communication Svcs.,367.44,18715229
2024-03-04,MSFT,Microsoft,Technology,362.69,23356813
2024-03-04,NFLX,Netflix,Communication Svcs.,524.69,4533019
2024-03-04,NVDA,NVIDIA,Technology,64.66,627966460
2024-03-04,ORCL,Oracle,Technology,114.02,8491053
2024-03-04,QCOM,Qualcomm,Technology,145.33,7877968
2024-03-04,TSLA,Tesla,Cons. Discretionary,253.58,84799679
2024-03-05,AAPL,Apple,Technology,192.03,74036504
2024-03-05,AMD,AMD,Technology,136.89,39959729
2024-03-05,AMZN,Amazon,Cons. Discretionary,139.94,49048711
2024-03-05,AVGO,Broadcom,Technology,128.62,16803616
2024-03-05,CRM,Salesforce,Technology,273.5,4538206
2024-03-05,GOOGL,Alphabet,Communication Svcs.,150.11,21941265
2024-03-05,IBM,IBM,Technology,175.76,4363419
2024-03-05,INTC,Intel,Technology,52.51,31373860
2024-03-05,META,Meta Platforms,Communication Svcs.,353.02,14799113
2024-03-05,MSFT,Microsoft,Technology,361.09,23118521
2024-03-05,NFLX,Netflix,Communication Svcs.,537.72,5170453
2024-03-05,NVDA,NVIDIA,Technology,65.19,399712212
2024-03-05,ORCL,Oracle,Technology,112.77,11110340
2024-03-05,QCOM,Qualcomm,Technology,142.8,7379400
2024-03-05,TSLA,Tesla,Cons. Discretionary,246.21,112151520
2024-03-06,AAPL,Apple,Technology,193.0,63844415
2024-03-06,AMD,AMD,Technology,141.33,66655161
2024-03-06,AMZN,Amazon,Cons. Discretionary,138.28,47923934
2024-03-06,AVGO,Broadcom,Technology,125.95,25203798
2024-03-06,CRM,Salesforce,Technology,275.11,4555572
2024-03-06,GOOGL,Alphabet,Communication Svcs.,144.16,21553092
2024-03-06,IBM,IBM,Technology,176.32,4431490
2024-03-06,INTC,Intel,Technology,53.26,49105576
2024-03-06,META,Meta Platforms,Communication Svcs.,356.52,18048866
2024-03-06,MSFT,Microsoft,Technology,362.89,31589635
2024-03-06,NFLX,Netflix,Communication Svcs.,547.89,5186131
2024-03-06,NVDA,NVIDIA,Technology,65.42,432719999
2024-03-06,ORCL,Oracle,Technology,113.25,8588889
2024-03-06,QCOM,Qualcomm,Technology,143.84,7342160
2024-03-06,TSLA,Tesla,Cons. Discretionary,253.98,70975663
2024-03-07,AAPL,Apple,Technology,191.63,39055714
2024-03-07,AMD,AMD,Technology,143.53,50487714
2024-03-07,AMZN,Amazon,Cons. Discretionary,133.47,72165715
2024-03-07,AVGO,Broadcom,Technology,122.08,17705217
2024-03-07,CRM,Salesforce,Technology,272.73,5382852
2024-03-07,GOOGL,Alphabet,Communication Svcs.,151.16,18837106
2024-03-07,IBM,IBM,Technology,174.55,4671341
2024-03-07,INTC,Intel,Technology,51.18,47200696
2024-03-07,META,Meta Platforms,Communication Svcs.,353.84,19906708
2024-03-07,MSFT,Microsoft,Technology,357.84,23609153
2024-03-07,NFLX,Netflix,Communication Svcs.,550.55,6408647
2024-03-07,NVDA,NVIDIA,Technology,61.12,365533933
2024-03-07,ORCL,Oracle,Technology,115.08,9600000
2024-03-07,QCOM,Qualcomm,Technology,141.15,5659080
2024-03-07,TSLA,Tesla,Cons. Discretionary,261.25,92492716
2024-03-08,AAPL,Apple,Technology,194.23,70163246
2024-03-08,AMD,AMD,Technology,158.66,86580243
2024-03-08,AMZN,Amazon,Cons. Discretionary,130.44,43622837
2024-03-08,AVGO,Broadcom,Technology,125.04,19665503
2024-03-08,CRM,Salesforce,Technology,272.57,4651144
2024-03-08,GOOGL,Alphabet,Communication Svcs.,156.51,24243532
2024-03-08,IBM,IBM,Technology,175.17,4775174
2024-03-08,INTC,Intel,Technology,51.35,28695319
2024-03-08,META,Meta Platforms,Communication Svcs.,371.29,15335063
2024-03-08,MSFT,Microsoft,Technology,354.68,40535717
2024-03-08,NFLX,Netflix,Communication Svcs.,573.51,7334290
2024-03-08,NVDA,NVIDIA,Technology,60.22,574188282
2024-03-08,ORCL,Oracle,Technology,117.36,12732733
2024-03-08,QCOM,Qualcomm,Technology,136.36,7337743
2024-03-08,TSLA,Tesla,Cons. Discretionary,253.85,78304804
2024-03-11,AAPL,Apple,Technology,201.05,67920536
2024-03-11,AMD,AMD,Technology,161.16,54771531
2024-03-11,AMZN,Amazon,Cons. Discretionary,125.81,46224965
2024-03-11,AVGO,Broadcom,Technology,127.09,22669147
2024-03-11,CRM,Salesforce,Technology,273.44,6507843
2024-03-11,GOOGL,Alphabet,Communication Svcs.,157.41,29000570
2024-03-11,IBM,IBM,Technology,172.84,5913698
2024-03-11,INTC,Intel,Technology,51.14,25919836
2024-03-11,META,Meta Platforms,Communication Svcs.,365.91,16203488
2024-03-11,MSFT,Microsoft,Technology,350.44,35731942
2024-03-11,NFLX,Netflix,Communication Svcs.,579.19,5767662
2024-03-11,NVDA,NVIDIA,Technology,59.05,357116806
2024-03-11,ORCL,Oracle,Technology,118.46,13685154
2024-03-11,QCOM,Qualcomm,Technology,137.72,10235033
2024-03-11,TSLA,Tesla,Cons. Discretionary,255.41,67081494
2024-03-12,AAPL,Apple,Technology,196.82,38833796
2024-03-12,AMD,AMD,Technology,155.84,39723385
2024-03-12,AMZN,Amazon,Cons. Discretionary,130.4,72629932
2024-03-12,AVGO,Broadcom,Technology,129.0,14045081
2024-03-12,CRM,Salesforce,Technology,268.13,4820566
2024-03-12,GOOGL,Alphabet,Communication Svcs.,161.8,21367744
2024-03-12,IBM,IBM,Technology,174.47,2881952
2024-03-12,INTC,Intel,Technology,49.34,38279071
2024-03-12,META,Meta Platforms,Communication Svcs.,372.48,20255636
2024-03-12,MSFT,Microsoft,Technology,351.19,24927900
2024-03-12,NFLX,Netflix,Communication Svcs.,579.79,5919364
2024-03-12,NVDA,NVIDIA,Technology,58.6,577693319
2024-03-12,ORCL,Oracle,Technology,114.75,11053393
2024-03-12,QCOM,Qualcomm,Technology,133.98,7146279
2024-03-12,TSLA,Tesla,Cons. Discretionary,259.36,122919112
2024-03-13,AAPL,Apple,Technology,191.11,62317943
2024-03-13,AMD,AMD,Technology,154.96,39609734
2024-03-13,AMZN,Amazon,Cons. Discretionary,129.86,44588690
2024-03-13,AVGO,Broadcom,Technology,127.84,25281049
2024-03-13,CRM,Salesforce,Technology,261.99,5880395
2024-03-13,GOOGL,Alphabet,Communication Svcs.,165.35,29210833
2024-03-13,IBM,IBM,Technology,172.89,5539440
2024-03-13,INTC,Intel,Technology,48.76,27867966
2024-03-13,META,Meta Platforms,Communication Svcs.,353.63,40477987
2024-03-13,MSFT,Microsoft,Technology,354.18,13841593
2024-03-13,NFLX,Netflix,Communication Svcs.,566.94,4562451
2024-03-13,NVDA,NVIDIA,Technology,58.78,498525633
2024-03-13,ORCL,Oracle,Technology,113.37,13033482
2024-03-13,QCOM,Qualcomm,Technology,138.17,8524364
2024-03-13,TSLA,Tesla,Cons. Discretionary,263.67,78135033
2024-03-14,AAPL,Apple,Technology,187.62,83935106
2024-03-14,AMD,AMD,Technology,148.45,41260039
2024-03-14,AMZN,Amazon,Cons. Discretionary,129.97,45057373
2024-03-14,AVGO,Broadcom,Technology,124.88,30881545
2024-03-14,CRM,Salesforce,Technology,260.75,4139260
2024-03-14,GOOGL,Alphabet,Communication Svcs.,159.77,39835444
2024-03-14,IBM,IBM,Technology,170.22,4874534
2024-03-14,INTC,Intel,Technology,49.16,56981893
2024-03-14,META,Meta Platforms,Communication Svcs.,347.38,14493540
2024-03-14,MSFT,Microsoft,Technology,344.58,28243189
2024-03-14,NFLX,Netflix,Communication Svcs.,551.42,4319559
2024-03-14,NVDA,NVIDIA,Technology,56.93,301325898
2024-03-14,ORCL,Oracle,Technology,113.6,12348637
2024-03-14,QCOM,Qualcomm,Technology,138.62,9019843
2024-03-14,TSLA,Tesla,Cons. Discretionary,261.11,98981234
2024-03-15,AAPL,Apple,Technology,189.6,44642178
2024-03-15,AMD,AMD,Technology,149.95,35417162
2024-03-15,AMZN,Amazon,Cons. Discretionary,131.55,35026447
2024-03-15,AVGO,Broadcom,Technology,124.02,27721435
2024-03-15,CRM,Salesforce,Technology,263.6,5789259
2024-03-15,GOOGL,Alphabet,Communication Svcs.,154.97,27543552
2024-03-15,IBM,IBM,Technology,171.85,3088102
2024-03-15,INTC,Intel,Technology,47.95,42710890
2024-03-15,META,Meta Platforms,Communication Svcs.,348.55,32594133
2024-03-15,MSFT,Microsoft,Technology,340.74,17791851
2024-03-15,NFLX,Netflix,Communication Svcs.,561.46,4210283
2024-03-15,NVDA,NVIDIA,Technology,57.38,467475251
2024-03-15,ORCL,Oracle,Technology,112.25,7026921
2024-03-15,QCOM,Qualcomm,Technology,141.47,7873591
2024-03-15,TSLA,Tesla,Cons. Discretionary,256.81,122439245
2024-03-18,AAPL,Apple,Technology,181.71,70458389
2024-03-18,AMD,AMD,Technology,144.22,87652935
2024-03-18,AMZN,Amazon,Cons. Discretionary,131.21,39627850
2024-03-18,AVGO,Broadcom,Technology,119.78,15119102
2024-03-18,CRM,Salesforce,Technology,267.04,4292657
2024-03-18,GOOGL,Alphabet,Communication Svcs.,156.43,28867125
2024-03-18,IBM,IBM,Technology,171.35,4185884
2024-03-18,INTC,Intel,Technology,48.34,47571538
2024-03-18,META,Meta Platforms,Communication Svcs.,352.51,12886628
2024-03-18,MSFT,Microsoft,Technology,341.35,19773856
2024-03-18,NFLX,Netflix,Communication Svcs.,547.33,5548315
2024-03-18,NVDA,NVIDIA,Technology,57.03,478588444
2024-03-18,ORCL,Oracle,Technology,114.05,7640759
2024-03-18,QCOM,Qualcomm,Technology,141.77,11249001
2024-03-18,TSLA,Tesla,Cons. Discretionary,274.11,104924666
2024-03-19,AAPL,Apple,Technology,181.08,40942278
2024-03-19,AMD,AMD,Technology,144.36,81818900
2024-03-19,AMZN,Amazon,Cons. Discretionary,129.4,38689600
2024-03-19,AVGO,Broadcom,Technology,120.95,20685886
2024-03-19,CRM,Salesforce,Technology,265.81,4876907
2024-03-19,GOOGL,Alphabet,Communication Svcs.,158.41,28574874
2024-03-19,IBM,IBM,Technology,171.25,6438817
2024-03-19,INTC,Intel,Technology,46.45,34683797
2024-03-19,META,Meta Platforms,Communication Svcs.,366.44,29133383
2024-03-19,MSFT,Microsoft,Technology,337.71,19579424
2024-03-19,NFLX,Netflix,Communication Svcs.,535.69,6323548
2024-03-19,NVDA,NVIDIA,Technology,59.12,509246689
2024-03-19,ORCL,Oracle,Technology,119.52,13915663
2024-03-19,QCOM,Qualcomm,Technology,139.78,6805284
2024-03-19,TSLA,Tesla,Cons. Discretionary,261.16,104126811
2024-03-20,AAPL,Apple,Technology,185.17,37491489
2024-03-20,AMD,AMD,Technology,150.72,29878348
2024-03-20,AMZN,Amazon,Cons. Discretionary,130.37,32708863
2024-03-20,AVGO,Broadcom,Technology,123.88,25553845
2024-03-20,CRM,Salesforce,Technology,258.79,4802538
2024-03-20,GOOGL,Alphabet,Communication Svcs.,156.35,34690501
2024-03-20,IBM,IBM,Technology,172.48,3369990
2024-03-20,INTC,Intel,Technology,46.03,50546890
2024-03-20,META,Meta Platforms,Communication Svcs.,367.17,23809545
2024-03-20,MSFT,Microsoft,Technology,341.2,25853446
2024-03-20,NFLX,Netflix,Communication Svcs.,523.49,5216624
2024-03-20,NVDA,NVIDIA,Technology,58.96,380692544
2024-03-20,ORCL,Oracle,Technology,123.68,14557524
2024-03-20,QCOM,Qualcomm,Technology,142.79,7392995
2024-03-20,TSLA,Tesla,Cons. Discretionary,254.94,126135577
2024-03-21,AAPL,Apple,Technology,184.02,69908530
2024-03-21,AMD,AMD,Technology,150.62,47807525
2024-03-21,AMZN,Amazon,Cons. Discretionary,133.54,57308247
2024-03-21,AVGO,Broadcom,Technology,124.83,13982523
2024-03-21,CRM,Salesforce,Technology,259.72,3460364
2024-03-21,GOOGL,Alphabet,Communication Svcs.,159.65,25118926
2024-03-21,IBM,IBM,Technology,171.82,3883763
2024-03-21,INTC,Intel,Technology,45.7,38887190
2024-03-21,META,Meta Platforms,Communication Svcs.,364.09,23583964
2024-03-21,MSFT,Microsoft,Technology,341.82,19491007
2024-03-21,NFLX,Netflix,Communication Svcs.,535.69,6833327
2024-03-21,NVDA,NVIDIA,Technology,59.82,300280032
2024-03-21,ORCL,Oracle,Technology,125.39,8452257
2024-03-21,QCOM,Qualcomm,Technology,141.69,5340177
2024-03-21,TSLA,Tesla,Cons. Discretionary,247.49,89406842
2024-03-22,AAPL,Apple,Technology,186.35,37640608
2024-03-22,AMD,AMD,Technology,145.29,57313965
2024-03-22,AMZN,Amazon,Cons. Discretionary,131.44,49998832
2024-03-22,AVGO,Broadcom,Technology,120.63,25876547
2024-03-22,CRM,Salesforce,Technology,251.81,6234077
2024-03-22,GOOGL,Alphabet,Communication Svcs.,158.99,20630760
2024-03-22,IBM,IBM,Technology,171.33,3985989
2024-03-22,INTC,Intel,Technology,46.42,49749237
2024-03-22,META,Meta Platforms,Communication Svcs.,371.44,25766412
2024-03-22,MSFT,Microsoft,Technology,340.4,26772937
2024-03-22,NFLX,Netflix,Communication Svcs.,532.7,8658887
2024-03-22,NVDA,NVIDIA,Technology,60.87,395526366
2024-03-22,ORCL,Oracle,Technology,126.25,13247591
2024-03-22,QCOM,Qualcomm,Technology,139.59,9040826
2024-03-22,TSLA,Tesla,Cons. Discretionary,252.31,120683025
2024-03-25,AAPL,Apple,Technology,188.52,50044924
2024-03-25,AMD,AMD,Technology,138.31,71262056
2024-03-25,AMZN,Amazon,Cons. Discretionary,133.68,42649436
2024-03-25,AVGO,Broadcom,Technology,120.62,21889977
2024-03-25,CRM,Salesforce,Technology,250.07,4565682
2024-03-25,GOOGL,Alphabet,Communication Svcs.,157.99,39517305
2024-03-25,IBM,IBM,Technology,170.64,2702439
2024-03-25,INTC,Intel,Technology,47.01,31778920
2024-03-25,META,Meta Platforms,Communication Svcs.,363.72,21559075
2024-03-25,MSFT,Microsoft,Technology,340.49,28415331
2024-03-25,NFLX,Netflix,Communication Svcs.,522.11,5640545
2024-03-25,NVDA,NVIDIA,Technology,63.16,447006390
2024-03-25,ORCL,Oracle,Technology,127.72,11075599
2024-03-25,QCOM,Qualcomm,Technology,141.61,10344233
2024-03-25,TSLA,Tesla,Cons. Discretionary,247.06,115452946
2024-03-26,AAPL,Apple,Technology,193.3,36728907
2024-03-26,AMD,AMD,Technology,134.46,36417146
2024-03-26,AMZN,Amazon,Cons. Discretionary,135.74,32257664
2024-03-26,AVGO,Broadcom,Technology,119.88,18988321
2024-03-26,CRM,Salesforce,Technology,255.61,2906924
2024-03-26,GOOGL,Alphabet,Communication Svcs.,157.1,34211807
2024-03-26,IBM,IBM,Technology,174.39,3946965
2024-03-26,INTC,Intel,Technology,47.7,27729911
2024-03-26,META,Meta Platforms,Communication Svcs.,372.38,17193807
2024-03-26,MSFT,Microsoft,Technology,348.47,50906514
2024-03-26,NFLX,Netflix,Communication Svcs.,498.74,2990643
2024-03-26,NVDA,NVIDIA,Technology,63.11,352639189
2024-03-26,ORCL,Oracle,Technology,127.15,13032585
2024-03-26,QCOM,Qualcomm,Technology,139.02,8909954
2024-03-26,TSLA,Tesla,Cons. Discretionary,245.29,108268742
2024-03-27,AAPL,Apple,Technology,193.09,50490851
2024-03-27,AMD,AMD,Technology,138.72,42728485
2024-03-27,AMZN,Amazon,Cons. Discretionary,135.55,40436700
2024-03-27,AVGO,Broadcom,Technology,123.34,13975784
2024-03-27,CRM,Salesforce,Technology,255.15,5138221
2024-03-27,GOOGL,Alphabet,Communication Svcs.,160.18,32610240
2024-03-27,IBM,IBM,Technology,174.38,4078056
2024-03-27,INTC,Intel,Technology,47.81,56699590
2024-03-27,META,Meta Platforms,Communication Svcs.,369.39,25456672
2024-03-27,MSFT,Microsoft,Technology,348.24,23651044
2024-03-27,NFLX,Netflix,Communication Svcs.,482.69,4730937
2024-03-27,NVDA,NVIDIA,Technology,63.03,471710795
2024-03-27,ORCL,Oracle,Technology,127.73,12821828
2024-03-27,QCOM,Qualcomm,Technology,134.71,7822804
2024-03-27,TSLA,Tesla,Cons. Discretionary,262.11,87741335
2024-03-28,AAPL,Apple,Technology,189.89,52955304
2024-03-28,AMD,AMD,Technology,147.34,59407492
2024-03-28,AMZN,Amazon,Cons. Discretionary,137.02,25967186
2024-03-28,AVGO,Broadcom,Technology,119.63,18250072
2024-03-28,CRM,Salesforce,Technology,251.88,6436617
2024-03-28,GOOGL,Alphabet,Communication Svcs.,159.92,25426233
2024-03-28,IBM,IBM,Technology,178.61,3376797
2024-03-28,INTC,Intel,Technology,47.09,31652595
2024-03-28,META,Meta Platforms,Communication Svcs.,373.45,24491173
2024-03-28,MSFT,Microsoft,Technology,342.69,25302079
2024-03-28,NFLX,Netflix,Communication Svcs.,481.37,4820789
2024-03-28,NVDA,NVIDIA,Technology,62.2,417369253
2024-03-28,ORCL,Oracle,Technology,127.87,12002549
2024-03-28,QCOM,Qualcomm,Technology,133.58,6626214
2024-03-28,TSLA,Tesla,Cons. Discretionary,270.7,71891829
2024-03-29,AAPL,Apple,Technology,190.7,33358633
2024-03-29,AMD,AMD,Technology,144.88,37659595
2024-03-29,AMZN,Amazon,Cons. Discretionary,136.41,58728542
2024-03-29,AVGO,Broadcom,Technology,118.9,16280230
2024-03-29,CRM,Salesforce,Technology,248.19,4306971
2024-03-29,GOOGL,Alphabet,Communication Svcs.,157.35,40611256
2024-03-29,IBM,IBM,Technology,178.63,2666842
2024-03-29,INTC,Intel,Technology,47.94,38602977
2024-03-29,META,Meta Platforms,Communication Svcs.,381.03,16414162
2024-03-29,MSFT,Microsoft,Technology,333.89,17604140
2024-03-29,NFLX,Netflix,Communication Svcs.,480.76,5480555
2024-03-29,NVDA,NVIDIA,Technology,60.08,493196218
2024-03-29,ORCL,Oracle,Technology,127.33,10098885
2024-03-29,QCOM,Qualcomm,Technology,131.75,6295593
2024-03-29,TSLA,Tesla,Cons. Discretionary,284.58,84331335
2024-04-01,AAPL,Apple,Technology,185.51,91164098
2024-04-01,AMD,AMD,Technology,143.71,66863982
2024-04-01,AMZN,Amazon,Cons. Discretionary,141.84,58153559
2024-04-01,AVGO,Broadcom,Technology,118.0,24275071
2024-04-01,CRM,Salesforce,Technology,252.19,5478492
2024-04-01,GOOGL,Alphabet,Communication Svcs.,153.75,31806106
2024-04-01,IBM,IBM,Technology,179.97,4678491
2024-04-01,INTC,Intel,Technology,48.89,50551935
2024-04-01,META,Meta Platforms,Communication Svcs.,386.5,17599697
2024-04-01,MSFT,Microsoft,Technology,331.09,23806567
2024-04-01,NFLX,Netflix,Communication Svcs.,497.07,3113429
2024-04-01,NVDA,NVIDIA,Technology,61.8,401870445
2024-04-01,ORCL,Oracle,Technology,124.97,10120889
2024-04-01,QCOM,Qualcomm,Technology,129.28,9592533
2024-04-01,TSLA,Tesla,Cons. Discretionary,292.62,95602435
2024-04-02,AAPL,Apple,Technology,183.48,34742799
2024-04-02,AMD,AMD,Technology,139.89,50294004
2024-04-02,AMZN,Amazon,Cons. Discretionary,144.15,36840398
2024-04-02,AVGO,Broadcom,Technology,117.4,28748826
2024-04-02,CRM,Salesforce,Technology,241.21,5672490
2024-04-02,GOOGL,Alphabet,Communication Svcs.,154.16,23152192
2024-04-02,IBM,IBM,Technology,179.65,3370006
2024-04-02,INTC,Intel,Technology,49.4,52359031
2024-04-02,META,Meta Platforms,Communication Svcs.,401.41,16956646
2024-04-02,MSFT,Microsoft,Technology,326.68,26006634
2024-04-02,NFLX,Netflix,Communication Svcs.,488.52,4508095
2024-04-02,NVDA,NVIDIA,Technology,60.06,586144680
2024-04-02,ORCL,Oracle,Technology,123.23,17417142
2024-04-02,QCOM,Qualcomm,Technology,126.37,6464979
2024-04-02,TSLA,Tesla,Cons. Discretionary,268.77,70290928
2024-04-03,AAPL,Apple,Technology,181.98,47668342
2024-04-03,AMD,AMD,Technology,147.65,57919099
2024-04-03,AMZN,Amazon,Cons. Discretionary,145.54,47074910
2024-04-03,AVGO,Broadcom,Technology,117.79,16378097
2024-04-03,CRM,Salesforce,Technology,239.27,6974363
2024-04-03,GOOGL,Alphabet,Communication Svcs.,153.65,28594905
2024-04-03,IBM,IBM,Technology,180.3,3537366
2024-04-03,INTC,Intel,Technology,49.88,32259727
2024-04-03,META,Meta Platforms,Communication Svcs.,388.88,22191561
2024-04-03,MSFT,Microsoft,Technology,328.77,25080379
2024-04-03,NFLX,Netflix,Communication Svcs.,490.15,5851250
2024-04-03,NVDA,NVIDIA,Technology,60.67,360956421
2024-04-03,ORCL,Oracle,Technology,124.29,10098122
2024-04-03,QCOM,Qualcomm,Technology,126.58,7955014
2024-04-03,TSLA,Tesla,Cons. Discretionary,275.99,99700104
2024-04-04,AAPL,Apple,Technology,185.43,49723545
2024-04-04,AMD,AMD,Technology,149.76,36282214
2024-04-04,AMZN,Amazon,Cons. Discretionary,147.09,37912389
2024-04-04,AVGO,Broadcom,Technology,117.37,27188717
2024-04-04,CRM,Salesforce,Technology,243.79,3887534
2024-04-04,GOOGL,Alphabet,Communication Svcs.,150.4,22118286
2024-04-04,IBM,IBM,Technology,180.09,2570806
2024-04-04,INTC,Intel,Technology,49.03,29748643
2024-04-04,META,Meta Platforms,Communication Svcs.,388.95,26567889
2024-04-04,MSFT,Microsoft,Technology,334.6,31061897
2024-04-04,NFLX,Netflix,Communication Svcs.,486.69,8570467
2024-04-04,NVDA,NVIDIA,Technology,61.55,486472848
2024-04-04,ORCL,Oracle,Technology,124.94,8927975
2024-04-04,QCOM,Qualcomm,Technology,125.26,8864004
2024-04-04,TSLA,Tesla,Cons. Discretionary,276.74,103099618
2024-04-05,AAPL,Apple,Technology,191.03,104612618
2024-04-05,AMD,AMD,Technology,147.89,49216891
2024-04-05,AMZN,Amazon,Cons. Discretionary,148.97,52003527
2024-04-05,AVGO,Broadcom,Technology,118.69,11468500
2024-04-05,CRM,Salesforce,Technology,233.71,4548670
2024-04-05,GOOGL,Alphabet,Communication Svcs.,145.34,13876603
2024-04-05,IBM,IBM,Technology,184.82,2477381
2024-04-05,INTC,Intel,Technology,49.37,30708629
2024-04-05,META,Meta Platforms,Communication Svcs.,401.47,20816509
2024-04-05,MSFT,Microsoft,Technology,330.08,29643181
2024-04-05,NFLX,Netflix,Communication Svcs.,492.67,5061061
2024-04-05,NVDA,NVIDIA,Technology,58.82,504236098
2024-04-05,ORCL,Oracle,Technology,125.63,11803694
2024-04-05,QCOM,Qualcomm,Technology,127.1,10633475
2024-04-05,TSLA,Tesla,Cons. Discretionary,267.9,153458965
2024-04-08,AAPL,Apple,Technology,190.89,61418585
2024-04-08,AMD,AMD,Technology,149.75,62488441
2024-04-08,AMZN,Amazon,Cons. Discretionary,149.88,30709668
2024-04-08,AVGO,Broadcom,Technology,124.45,20012996
2024-04-08,CRM,Salesforce,Technology,229.88,5019405
2024-04-08,GOOGL,Alphabet,Communication Svcs.,147.32,30912227
2024-04-08,IBM,IBM,Technology,182.38,6846939
2024-04-08,INTC,Intel,Technology,50.94,24717610
2024-04-08,META,Meta Platforms,Communication Svcs.,389.38,32550574
2024-04-08,MSFT,Microsoft,Technology,324.85,27287244
2024-04-08,NFLX,Netflix,Communication Svcs.,505.81,4210403
2024-04-08,NVDA,NVIDIA,Technology,61.26,348557257
2024-04-08,ORCL,Oracle,Technology,127.2,11765108
2024-04-08,QCOM,Qualcomm,Technology,128.36,6000779
2024-04-08,TSLA,Tesla,Cons. Discretionary,285.54,73000527
2024-04-09,AAPL,Apple,Technology,197.07,82653237
2024-04-09,AMD,AMD,Technology,154.78,36946447
2024-04-09,AMZN,Amazon,Cons. Discretionary,153.04,60444082
2024-04-09,AVGO,Broadcom,Technology,121.01,18155955
2024-04-09,CRM,Salesforce,Technology,232.14,5586110
2024-04-09,GOOGL,Alphabet,Communication Svcs.,144.93,32241838
2024-04-09,IBM,IBM,Technology,181.77,4108220
2024-04-09,INTC,Intel,Technology,51.02,53891737
2024-04-09,META,Meta Platforms,Communication Svcs.,371.41,24204477
2024-04-09,MSFT,Microsoft,Technology,325.41,34377816
2024-04-09,NFLX,Netflix,Communication Svcs.,497.96,3879081
2024-04-09,NVDA,NVIDIA,Technology,61.58,475869068
2024-04-09,ORCL,Oracle,Technology,129.32,12466587
2024-04-09,QCOM,Qualcomm,Technology,128.93,7096666
2024-04-09,TSLA,Tesla,Cons. Discretionary,297.96,87803467
2024-04-10,AAPL,Apple,Technology,202.23,74467078
2024-04-10,AMD,AMD,Technology,157.92,73918576
2024-04-10,AMZN,Amazon,Cons. Discretionary,158.12,38442953
2024-04-10,AVGO,Broadcom,Technology,121.16,26787590
2024-04-10,CRM,Salesforce,Technology,228.03,4752005
2024-04-10,GOOGL,Alphabet,Communication Svcs.,144.69,22458286
2024-04-10,IBM,IBM,Technology,181.7,3935131
2024-04-10,INTC,Intel,Technology,49.56,27050841
2024-04-10,META,Meta Platforms,Communication Svcs.,364.83,27987938
2024-04-10,MSFT,Microsoft,Technology,330.97,27547710
2024-04-10,NFLX,Netflix,Communication Svcs.,512.91,8899725
2024-04-10,NVDA,NVIDIA,Technology,60.32,408130844
2024-04-10,ORCL,Oracle,Technology,127.32,8466570
2024-04-10,QCOM,Qualcomm,Technology,130.52,6557006
2024-04-10,TSLA,Tesla,Cons. Discretionary,310.11,83010483
2024-04-11,AAPL,Apple,Technology,197.5,57863897
2024-04-11,AMD,AMD,Technology,155.91,56933103
2024-04-11,AMZN,Amazon,Cons. Discretionary,157.06,85760850
2024-04-11,AVGO,Broadcom,Technology,121.42,19391770
2024-04-11,CRM,Salesforce,Technology,222.71,5348995
2024-04-11,GOOGL,Alphabet,Communication Svcs.,145.07,20233280
2024-04-11,IBM,IBM,Technology,182.77,3436443
2024-04-11,INTC,Intel,Technology,48.81,40644040
2024-04-11,META,Meta Platforms,Communication Svcs.,357.14,18216708
2024-04-11,MSFT,Microsoft,Technology,327.16,27179646
2024-04-11,NFLX,Netflix,Communication Svcs.,512.95,3382685
2024-04-11,NVDA,NVIDIA,Technology,61.12,518829553
2024-04-11,ORCL,Oracle,Technology,127.49,8357861
2024-04-11,QCOM,Qualcomm,Technology,129.19,12222127
2024-04-11,TSLA,Tesla,Cons. Discretionary,309.16,78946663
2024-04-12,AAPL,Apple,Technology,196.88,45395539
2024-04-12,AMD,AMD,Technology,151.76,54919602
2024-04-12,AMZN,Amazon,Cons. Discretionary,154.72,45950882
2024-04-12,AVGO,Broadcom,Technology,125.09,24671096
2024-04-12,CRM,Salesforce,Technology,226.78,4555049
2024-04-12,GOOGL,Alphabet,Communication Svcs.,145.79,28920657
2024-04-12,IBM,IBM,Technology,182.23,3166095
2024-04-12,INTC,Intel,Technology,49.67,39382896
2024-04-12,META,Meta Platforms,Communication Svcs.,344.54,18839021
2024-04-12,MSFT,Microsoft,Technology,328.6,30594865
2024-04-12,NFLX,Netflix,Communication Svcs.,511.42,4954300
2024-04-12,NVDA,NVIDIA,Technology,58.69,346968644
2024-04-12,ORCL,Oracle,Technology,126.46,10607193
2024-04-12,QCOM,Qualcomm,Technology,130.31,9706106
2024-04-12,TSLA,Tesla,Cons. Discretionary,302.53,111204718
2024-04-15,AAPL,Apple,Technology,198.19,66237120
2024-04-15,AMD,AMD,Technology,147.33,45161236
2024-04-15,AMZN,Amazon,Cons. Discretionary,155.95,38380716
2024-04-15,AVGO,Broadcom,Technology,129.56,23173555
2024-04-15,CRM,Salesforce,Technology,225.15,3848003
2024-04-15,GOOGL,Alphabet,Communication Svcs.,144.02,25295993
2024-04-15,IBM,IBM,Technology,183.16,4041110
2024-04-15,INTC,Intel,Technology,48.67,36955517
2024-04-15,META,Meta Platforms,Communication Svcs.,353.95,16679618
2024-04-15,MSFT,Microsoft,Technology,323.31,33489694
2024-04-15,NFLX,Netflix,Communication Svcs.,505.03,3138384
2024-04-15,NVDA,NVIDIA,Technology,58.1,354786242
2024-04-15,ORCL,Oracle,Technology,128.12,8036890
2024-04-15,QCOM,Qualcomm,Technology,131.52,7950460
2024-04-15,TSLA,Tesla,Cons. Discretionary,299.9,85312767
2024-04-16,AAPL,Apple,Technology,199.45,60069187
2024-04-16,AMD,AMD,Technology,145.32,52234685
2024-04-16,AMZN,Amazon,Cons. Discretionary,158.32,62915536
2024-04-16,AVGO,Broadcom,Technology,126.52,25821196
2024-04-16,CRM,Salesforce,Technology,224.66,4373122
2024-04-16,GOOGL,Alphabet,Communication Svcs.,142.12,30804411
2024-04-16,IBM,IBM,Technology,182.85,5153633
2024-04-16,INTC,Intel,Technology,48.72,41802868
2024-04-16,META,Meta Platforms,Communication Svcs.,339.64,18423221
2024-04-16,MSFT,Microsoft,Technology,324.66,22353299
2024-04-16,NFLX,Netflix,Communication Svcs.,512.57,10257723
2024-04-16,NVDA,NVIDIA,Technology,57.09,422134400
2024-04-16,ORCL,Oracle,Technology,127.48,9919631
2024-04-16,QCOM,Qualcomm,Technology,130.63,4221370
2024-04-16,TSLA,Tesla,Cons. Discretionary,310.11,99944444
2024-04-17,AAPL,Apple,Technology,196.19,48905163
2024-04-17,AMD,AMD,Technology,148.08,57414508
2024-04-17,AMZN,Amazon,Cons. Discretionary,160.23,52767639
2024-04-17,AVGO,Broadcom,Technology,124.57,12326943
2024-04-17,CRM,Salesforce,Technology,221.1,4757036
2024-04-17,GOOGL,Alphabet,Communication Svcs.,141.23,24079552
2024-04-17,IBM,IBM,Technology,183.94,5046666
2024-04-17,INTC,Intel,Technology,47.85,30650098
2024-04-17,META,Meta Platforms,Communication Svcs.,345.73,30091576
2024-04-17,MSFT,Microsoft,Technology,320.6,24466847
2024-04-17,NFLX,Netflix,Communication Svcs.,527.98,4469922
2024-04-17,NVDA,NVIDIA,Technology,59.06,574673814
2024-04-17,ORCL,Oracle,Technology,123.39,6519023
2024-04-17,QCOM,Qualcomm,Technology,130.65,9160484
2024-04-17,TSLA,Tesla,Cons. Discretionary,333.83,81949780
2024-04-18,AAPL,Apple,Technology,199.01,86123251
2024-04-18,AMD,AMD,Technology,150.48,61749559
2024-04-18,AMZN,Amazon,Cons. Discretionary,163.89,44979575
2024-04-18,AVGO,Broadcom,Technology,125.55,18671150
2024-04-18,CRM,Salesforce,Technology,216.97,6150764
2024-04-18,GOOGL,Alphabet,Communication Svcs.,138.5,27407020
2024-04-18,IBM,IBM,Technology,182.37,3194986
2024-04-18,INTC,Intel,Technology,49.34,41981078
2024-04-18,META,Meta Platforms,Communication Svcs.,351.49,26945613
2024-04-18,MSFT,Microsoft,Technology,314.23,30899719
2024-04-18,NFLX,Netflix,Communication Svcs.,545.34,6383297
2024-04-18,NVDA,NVIDIA,Technology,58.93,326526140
2024-04-18,ORCL,Oracle,Technology,121.98,10055680
2024-04-18,QCOM,Qualcomm,Technology,131.96,6828508
2024-04-18,TSLA,Tesla,Cons. Discretionary,350.87,91258746
2024-04-19,AAPL,Apple,Technology,197.57,72972408
2024-04-19,AMD,AMD,Technology,140.84,45606767
2024-04-19,AMZN,Amazon,Cons. Discretionary,163.76,54990509
2024-04-19,AVGO,Broadcom,Technology,125.14,18698363
2024-04-19,CRM,Salesforce,Technology,214.54,6337248
2024-04-19,GOOGL,Alphabet,Communication Svcs.,144.61,22181608
2024-04-19,IBM,IBM,Technology,184.01,3225950
2024-04-19,INTC,Intel,Technology,49.11,37217579
2024-04-19,META,Meta Platforms,Communication Svcs.,352.13,11764547
2024-04-19,MSFT,Microsoft,Technology,322.23,33719186
2024-04-19,NFLX,Netflix,Communication Svcs.,571.21,4940180
2024-04-19,NVDA,NVIDIA,Technology,59.32,417853084
2024-04-19,ORCL,Oracle,Technology,122.19,10124261
2024-04-19,QCOM,Qualcomm,Technology,129.59,9465207
2024-04-19,TSLA,Tesla,Cons. Discretionary,337.21,127029540
2024-04-22,AAPL,Apple,Technology,196.83,86916455
2024-04-22,AMD,AMD,Technology,136.44,60992783
2024-04-22,AMZN,Amazon,Cons. Discretionary,159.02,46476792
2024-04-22,AVGO,Broadcom,Technology,126.17,26155782
2024-04-22,CRM,Salesforce,Technology,214.95,7193129
2024-04-22,GOOGL,Alphabet,Communication Svcs.,143.02,25106713
2024-04-22,IBM,IBM,Technology,184.93,4578691
2024-04-22,INTC,Intel,Technology,48.62,21996393
2024-04-22,META,Meta Platforms,Communication Svcs.,354.67,16764265
2024-04-22,MSFT,Microsoft,Technology,320.62,32646095
2024-04-22,NFLX,Netflix,Communication Svcs.,567.91,9322303
2024-04-22,NVDA,NVIDIA,Technology,57.75,481530570
2024-04-22,ORCL,Oracle,Technology,123.84,7658099
2024-04-22,QCOM,Qualcomm,Technology,132.75,6659662
2024-04-22,TSLA,Tesla,Cons. Discretionary,364.17,91890361
2024-04-23,AAPL,Apple,Technology,197.93,47832281
2024-04-23,AMD,AMD,Technology,137.55,70472718
2024-04-23,AMZN,Amazon,Cons. Discretionary,161.18,43769475
2024-04-23,AVGO,Broadcom,Technology,126.83,31668660
2024-04-23,CRM,Salesforce,Technology,216.62,6358091
2024-04-23,GOOGL,Alphabet,Communication Svcs.,146.06,19687014
2024-04-23,IBM,IBM,Technology,181.3,4530423
2024-04-23,INTC,Intel,Technology,48.46,48233322
2024-04-23,META,Meta Platforms,Communication Svcs.,355.13,22187655
2024-04-23,MSFT,Microsoft,Technology,325.01,28474091
2024-04-23,NFLX,Netflix,Communication Svcs.,559.13,5783551
2024-04-23,NVDA,NVIDIA,Technology,55.3,339673352
2024-04-23,ORCL,Oracle,Technology,121.28,10739212
2024-04-23,QCOM,Qualcomm,Technology,133.26,7012246
2024-04-23,TSLA,Tesla,Cons. Discretionary,379.19,97158003
2024-04-24,AAPL,Apple,Technology,198.54,80887697
2024-04-24,AMD,AMD,Technology,131.4,34188562
2024-04-24,AMZN,Amazon,Cons. Discretionary,161.97,34357665
2024-04-24,AVGO,Broadcom,Technology,127.92,15837997
2024-04-24,CRM,Salesforce,Technology,219.58,6566067
2024-04-24,GOOGL,Alphabet,Communication Svcs.,147.79,26585449
2024-04-24,IBM,IBM,Technology,179.8,6436248
2024-04-24,INTC,Intel,Technology,48.48,43859238
2024-04-24,META,Meta Platforms,Communication Svcs.,347.54,18300910
2024-04-24,MSFT,Microsoft,Technology,327.61,24065262
2024-04-24,NFLX,Netflix,Communication Svcs.,554.42,5621961
2024-04-24,NVDA,NVIDIA,Technology,55.29,355972093
2024-04-24,ORCL,Oracle,Technology,120.35,8114338
2024-04-24,QCOM,Qualcomm,Technology,135.94,12241600
2024-04-24,TSLA,Tesla,Cons. Discretionary,386.79,94752554
2024-04-25,AAPL,Apple,Technology,198.66,49493273
2024-04-25,AMD,AMD,Technology,135.31,40636229
2024-04-25,AMZN,Amazon,Cons. Discretionary,161.63,51958707
2024-04-25,AVGO,Broadcom,Technology,124.18,13460326
2024-04-25,CRM,Salesforce,Technology,217.48,7532489
2024-04-25,GOOGL,Alphabet,Communication Svcs.,150.44,28617327
2024-04-25,IBM,IBM,Technology,179.07,4016041
2024-04-25,INTC,Intel,Technology,48.3,28272865
2024-04-25,META,Meta Platforms,Communication Svcs.,365.7,22297743
2024-04-25,MSFT,Microsoft,Technology,324.38,21308071
2024-04-25,NFLX,Netflix,Communication Svcs.,567.33,4136956
2024-04-25,NVDA,NVIDIA,Technology,56.78,388524692
2024-04-25,ORCL,Oracle,Technology,118.52,9712041
2024-04-25,QCOM,Qualcomm,Technology,139.99,9683424
2024-04-25,TSLA,Tesla,Cons. Discretionary,378.95,98226260
2024-04-26,AAPL,Apple,Technology,200.19,50987913
2024-04-26,AMD,AMD,Technology,133.49,28069338
2024-04-26,AMZN,Amazon,Cons. Discretionary,164.44,39727660
2024-04-26,AVGO,Broadcom,Technology,126.4,14101474
2024-04-26,CRM,Salesforce,Technology,220.33,5191803
2024-04-26,GOOGL,Alphabet,Communication Svcs.,149.53,29597809
2024-04-26,IBM,IBM,Technology,177.9,3216991
2024-04-26,INTC,Intel,Technology,46.8,36376485
2024-04-26,META,Meta Platforms,Communication Svcs.,368.81,28009588
2024-04-26,MSFT,Microsoft,Technology,326.2,23070805
2024-04-26,NFLX,Netflix,Communication Svcs.,575.64,5159556
2024-04-26,NVDA,NVIDIA,Technology,57.33,395608786
2024-04-26,ORCL,Oracle,Technology,121.87,11758781
2024-04-26,QCOM,Qualcomm,Technology,140.45,9036807
2024-04-26,TSLA,Tesla,Cons. Discretionary,369.0,77813852
2024-04-29,AAPL,Apple,Technology,200.06,40028543
2024-04-29,AMD,AMD,Technology,138.24,45993168
2024-04-29,AMZN,Amazon,Cons. Discretionary,163.57,50415253
2024-04-29,AVGO,Broadcom,Technology,125.71,15655023
2024-04-29,CRM,Salesforce,Technology,232.66,5581261
2024-04-29,GOOGL,Alphabet,Communication Svcs.,144.44,19968463
2024-04-29,IBM,IBM,Technology,175.4,3595250
2024-04-29,INTC,Intel,Technology,47.77,32127596
2024-04-29,META,Meta Platforms,Communication Svcs.,363.56,30171124
2024-04-29,MSFT,Microsoft,Technology,324.05,18753403
2024-04-29,NFLX,Netflix,Communication Svcs.,550.37,2928447
2024-04-29,NVDA,NVIDIA,Technology,56.35,488736603
2024-04-29,ORCL,Oracle,Technology,122.71,9396190
2024-04-29,QCOM,Qualcomm,Technology,141.1,6950574
2024-04-29,TSLA,Tesla,Cons. Discretionary,380.04,89698003
2024-04-30,AAPL,Apple,Technology,202.95,58072097
2024-04-30,AMD,AMD,Technology,144.08,33653415
2024-04-30,AMZN,Amazon,Cons. Discretionary,168.3,43762392
2024-04-30,AVGO,Broadcom,Technology,133.82,16841837
2024-04-30,CRM,Salesforce,Technology,231.08,5601077
2024-04-30,GOOGL,Alphabet,Communication Svcs.,145.09,19065352
2024-04-30,IBM,IBM,Technology,175.4,3243583
2024-04-30,INTC,Intel,Technology,47.19,28115276
2024-04-30,META,Meta Platforms,Communication Svcs.,382.16,20318829
2024-04-30,MSFT,Microsoft,Technology,329.04,34612775
2024-04-30,NFLX,Netflix,Communication Svcs.,546.44,6124235
2024-04-30,NVDA,NVIDIA,Technology,53.79,322794703
2024-04-30,ORCL,Oracle,Technology,121.43,10714679
2024-04-30,QCOM,Qualcomm,Technology,139.81,7722300
2024-04-30,TSLA,Tesla,Cons. Discretionary,357.96,134514710
2024-05-01,AAPL,Apple,Technology,200.84,56427070
2024-05-01,AMD,AMD,Technology,146.54,57670801
2024-05-01,AMZN,Amazon,Cons. Discretionary,171.09,50275067
2024-05-01,AVGO,Broadcom,Technology,135.37,14094780
2024-05-01,CRM,Salesforce,Technology,225.87,5271911
2024-05-01,GOOGL,Alphabet,Communication Svcs.,143.55,17845888
2024-05-01,IBM,IBM,Technology,174.99,3108005
2024-05-01,INTC,Intel,Technology,45.28,63239302
2024-05-01,META,Meta Platforms,Communication Svcs.,392.25,18746353
2024-05-01,MSFT,Microsoft,Technology,334.4,23604917
2024-05-01,NFLX,Netflix,Communication Svcs.,533.09,5058320
2024-05-01,NVDA,NVIDIA,Technology,54.38,451147254
2024-05-01,ORCL,Oracle,Technology,121.78,6583843
2024-05-01,QCOM,Qualcomm,Technology,141.01,9668290
2024-05-01,TSLA,Tesla,Cons. Discretionary,387.72,85387114
2024-05-02,AAPL,Apple,Technology,202.77,59011239
2024-05-02,AMD,AMD,Technology,141.71,41667835
2024-05-02,AMZN,Amazon,Cons. Discretionary,170.45,57051811
2024-05-02,AVGO,Broadcom,Technology,136.27,17772026
2024-05-02,CRM,Salesforce,Technology,226.53,5462394
2024-05-02,GOOGL,Alphabet,Communication Svcs.,138.67,35924426
2024-05-02,IBM,IBM,Technology,174.99,5138528
2024-05-02,INTC,Intel,Technology,43.22,25378575
2024-05-02,META,Meta Platforms,Communication Svcs.,390.97,25083522
2024-05-02,MSFT,Microsoft,Technology,330.28,30594246
2024-05-02,NFLX,Netflix,Communication Svcs.,545.94,4094834
2024-05-02,NVDA,NVIDIA,Technology,53.96,684364910
2024-05-02,ORCL,Oracle,Technology,120.29,11277144
2024-05-02,QCOM,Qualcomm,Technology,133.9,7444370
2024-05-02,TSLA,Tesla,Cons. Discretionary,370.32,90457672
2024-05-03,AAPL,Apple,Technology,203.36,44202397
2024-05-03,AMD,AMD,Technology,133.74,40241389
2024-05-03,AMZN,Amazon,Cons. Discretionary,169.39,54706467
2024-05-03,AVGO,Broadcom,Technology,139.38,25738381
2024-05-03,CRM,Salesforce,Technology,227.66,6485038
2024-05-03,GOOGL,Alphabet,Communication Svcs.,141.7,11866156
2024-05-03,IBM,IBM,Technology,175.54,3699540
2024-05-03,INTC,Intel,Technology,42.26,50918253
2024-05-03,META,Meta Platforms,Communication Svcs.,398.69,14495698
2024-05-03,MSFT,Microsoft,Technology,328.32,27973205
2024-05-03,NFLX,Netflix,Communication Svcs.,516.87,5148333
2024-05-03,NVDA,NVIDIA,Technology,54.85,464803387
2024-05-03,ORCL,Oracle,Technology,123.99,10940830
2024-05-03,QCOM,Qualcomm,Technology,130.46,7532541
2024-05-03,TSLA,Tesla,Cons. Discretionary,376.2,102980048
2024-05-06,AAPL,Apple,Technology,207.37,72280387
2024-05-06,AMD,AMD,Technology,132.21,47460196
2024-05-06,AMZN,Amazon,Cons. Discretionary,171.18,43901809
2024-05-06,AVGO,Broadcom,Technology,140.43,14397841
2024-05-06,CRM,Salesforce,Technology,235.74,5129024
2024-05-06,GOOGL,Alphabet,Communication Svcs.,147.05,36338657
2024-05-06,IBM,IBM,Technology,174.33,3875608
2024-05-06,INTC,Intel,Technology,41.09,36951790
2024-05-06,META,Meta Platforms,Communication Svcs.,405.86,23618586
2024-05-06,MSFT,Microsoft,Technology,332.31,21156934
2024-05-06,NFLX,Netflix,Communication Svcs.,518.93,5654104
2024-05-06,NVDA,NVIDIA,Technology,55.9,287182574
2024-05-06,ORCL,Oracle,Technology,125.29,10326930
2024-05-06,QCOM,Qualcomm,Technology,133.2,6782964
2024-05-06,TSLA,Tesla,Cons. Discretionary,390.69,97639493
2024-05-07,AAPL,Apple,Technology,212.75,44483061
2024-05-07,AMD,AMD,Technology,130.7,47317689
2024-05-07,AMZN,Amazon,Cons. Discretionary,169.47,41991628
2024-05-07,AVGO,Broadcom,Technology,139.79,21026772
2024-05-07,CRM,Salesforce,Technology,230.7,3959640
2024-05-07,GOOGL,Alphabet,Communication Svcs.,150.66,37790465
2024-05-07,IBM,IBM,Technology,176.07,5432244
2024-05-07,INTC,Intel,Technology,40.41,47999799
2024-05-07,META,Meta Platforms,Communication Svcs.,407.39,18950881
2024-05-07,MSFT,Microsoft,Technology,336.41,28800228
2024-05-07,NFLX,Netflix,Communication Svcs.,498.61,5880578
2024-05-07,NVDA,NVIDIA,Technology,58.63,465337179
2024-05-07,ORCL,Oracle,Technology,124.47,7292375
2024-05-07,QCOM,Qualcomm,Technology,132.95,8175018
2024-05-07,TSLA,Tesla,Cons. Discretionary,389.42,64747254
2024-05-08,AAPL,Apple,Technology,208.97,65038328
2024-05-08,AMD,AMD,Technology,135.28,68691078
2024-05-08,AMZN,Amazon,Cons. Discretionary,172.67,59412131
2024-05-08,AVGO,Broadcom,Technology,143.54,21058290
2024-05-08,CRM,Salesforce,Technology,225.51,5658603
2024-05-08,GOOGL,Alphabet,Communication Svcs.,153.32,16234011
2024-05-08,IBM,IBM,Technology,176.09,4066596
2024-05-08,INTC,Intel,Technology,39.63,27775578
2024-05-08,META,Meta Platforms,Communication Svcs.,413.86,25347727
2024-05-08,MSFT,Microsoft,Technology,344.15,22630683
2024-05-08,NFLX,Netflix,Communication Svcs.,496.52,3869862
2024-05-08,NVDA,NVIDIA,Technology,60.32,324356298
2024-05-08,ORCL,Oracle,Technology,124.08,6682759
2024-05-08,QCOM,Qualcomm,Technology,131.49,7293112
2024-05-08,TSLA,Tesla,Cons. Discretionary,361.43,100774865
2024-05-09,AAPL,Apple,Technology,204.2,59701221
2024-05-09,AMD,AMD,Technology,140.24,40220456
2024-05-09,AMZN,Amazon,Cons. Discretionary,179.15,57428479
2024-05-09,AVGO,Broadcom,Technology,150.3,17761035
2024-05-09,CRM,Salesforce,Technology,228.98,4817053
2024-05-09,GOOGL,Alphabet,Communication Svcs.,147.22,16862653
2024-05-09,IBM,IBM,Technology,176.21,3223326
2024-05-09,INTC,Intel,Technology,38.26,35359533
2024-05-09,META,Meta Platforms,Communication Svcs.,400.27,22832051
2024-05-09,MSFT,Microsoft,Technology,344.38,28434493
2024-05-09,NFLX,Netflix,Communication Svcs.,504.41,6109591
2024-05-09,NVDA,NVIDIA,Technology,61.05,520246546
2024-05-09,ORCL,Oracle,Technology,127.59,15385983
2024-05-09,QCOM,Qualcomm,Technology,132.0,7763421
2024-05-09,TSLA,Tesla,Cons. Discretionary,358.87,88898459
2024-05-10,AAPL,Apple,Technology,203.5,49355323
2024-05-10,AMD,AMD,Technology,138.27,39090911
2024-05-10,AMZN,Amazon,Cons. Discretionary,169.83,77706189
2024-05-10,AVGO,Broadcom,Technology,153.6,20550141
2024-05-10,CRM,Salesforce,Technology,234.41,4209285
2024-05-10,GOOGL,Alphabet,Communication Svcs.,146.85,23743075
2024-05-10,IBM,IBM,Technology,177.17,4635092
2024-05-10,INTC,Intel,Technology,38.29,46870168
2024-05-10,META,Meta Platforms,Communication Svcs.,396.61,20774276
2024-05-10,MSFT,Microsoft,Technology,348.31,21439760
2024-05-10,NFLX,Netflix,Communication Svcs.,510.43,4208247
2024-05-10,NVDA,NVIDIA,Technology,60.66,346580706
2024-05-10,ORCL,Oracle,Technology,129.16,7979678
2024-05-10,QCOM,Qualcomm,Technology,134.51,4628116
2024-05-10,TSLA,Tesla,Cons. Discretionary,355.41,86026172
2024-05-13,AAPL,Apple,Technology,206.0,95846370
2024-05-13,AMD,AMD,Technology,144.76,43759583
2024-05-13,AMZN,Amazon,Cons. Discretionary,171.19,32050733
2024-05-13,AVGO,Broadcom,Technology,160.49,17296368
2024-05-13,CRM,Salesforce,Technology,238.06,5912585
2024-05-13,GOOGL,Alphabet,Communication Svcs.,148.98,23177526
2024-05-13,IBM,IBM,Technology,172.27,4012748
2024-05-13,INTC,Intel,Technology,38.43,46268290
2024-05-13,META,Meta Platforms,Communication Svcs.,385.85,24667290
2024-05-13,MSFT,Microsoft,Technology,346.47,24322478
2024-05-13,NFLX,Netflix,Communication Svcs.,509.83,3849520
2024-05-13,NVDA,NVIDIA,Technology,61.71,739489688
2024-05-13,ORCL,Oracle,Technology,129.18,12100888
2024-05-13,QCOM,Qualcomm,Technology,137.29,13013035
2024-05-13,TSLA,Tesla,Cons. Discretionary,355.83,89714269
2024-05-14,AAPL,Apple,Technology,207.82,53902398
2024-05-14,AMD,AMD,Technology,151.12,37542620
2024-05-14,AMZN,Amazon,Cons. Discretionary,176.97,51241099
2024-05-14,AVGO,Broadcom,Technology,164.05,19050894
2024-05-14,CRM,Salesforce,Technology,241.33,5005541
2024-05-14,GOOGL,Alphabet,Communication Svcs.,149.06,31656359
2024-05-14,IBM,IBM,Technology,170.61,4507956
2024-05-14,INTC,Intel,Technology,38.79,30538462
2024-05-14,META,Meta Platforms,Communication Svcs.,388.67,18273104
2024-05-14,MSFT,Microsoft,Technology,348.95,20058523
2024-05-14,NFLX,Netflix,Communication Svcs.,501.59,5907435
2024-05-14,NVDA,NVIDIA,Technology,62.05,281583027
2024-05-14,ORCL,Oracle,Technology,131.59,9659788
2024-05-14,QCOM,Qualcomm,Technology,137.94,13226001
2024-05-14,TSLA,Tesla,Cons. Discretionary,360.14,108330249
2024-05-15,AAPL,Apple,Technology,206.23,74540993
2024-05-15,AMD,AMD,Technology,144.6,66847444
2024-05-15,AMZN,Amazon,Cons. Discretionary,176.67,56566309
2024-05-15,AVGO,Broadcom,Technology,162.31,26074506
2024-05-15,CRM,Salesforce,Technology,237.62,5399698
2024-05-15,GOOGL,Alphabet,Communication Svcs.,149.16,23924530
2024-05-15,IBM,IBM,Technology,173.02,5426283
2024-05-15,INTC,Intel,Technology,37.75,38826356
2024-05-15,META,Meta Platforms,Communication Svcs.,390.26,14975083
2024-05-15,MSFT,Microsoft,Technology,349.01,17527333
2024-05-15,NFLX,Netflix,Communication Svcs.,500.19,6035077
2024-05-15,NVDA,NVIDIA,Technology,63.6,448255151
2024-05-15,ORCL,Oracle,Technology,133.3,9351924
2024-05-15,QCOM,Qualcomm,Technology,137.41,8681857
2024-05-15,TSLA,Tesla,Cons. Discretionary,368.25,73832191
2024-05-16,AAPL,Apple,Technology,205.01,50379742
2024-05-16,AMD,AMD,Technology,142.96,73504132
2024-05-16,AMZN,Amazon,Cons. Discretionary,168.33,72470091
2024-05-16,AVGO,Broadcom,Technology,159.15,23548908
2024-05-16,CRM,Salesforce,Technology,236.75,7260951
2024-05-16,GOOGL,Alphabet,Communication Svcs.,150.57,21664045
2024-05-16,IBM,IBM,Technology,169.65,3668066
2024-05-16,INTC,Intel,Technology,38.3,35729870
2024-05-16,META,Meta Platforms,Communication Svcs.,384.39,20037714
2024-05-16,MSFT,Microsoft,Technology,346.55,31517927
2024-05-16,NFLX,Netflix,Communication Svcs.,517.25,3386677
2024-05-16,NVDA,NVIDIA,Technology,63.85,260874714
2024-05-16,ORCL,Oracle,Technology,134.56,10274041
2024-05-16,QCOM,Qualcomm,Technology,138.41,4988738
2024-05-16,TSLA,Tesla,Cons. Discretionary,352.09,98549769
2024-05-17,AAPL,Apple,Technology,205.8,48930452
2024-05-17,AMD,AMD,Technology,145.71,55958180
2024-05-17,AMZN,Amazon,Cons. Discretionary,169.43,74418478
2024-05-17,AVGO,Broadcom,Technology,162.04,28611502
2024-05-17,CRM,Salesforce,Technology,237.11,5988198
2024-05-17,GOOGL,Alphabet,Communication Svcs.,149.57,28918425
2024-05-17,IBM,IBM,Technology,171.61,2907188
2024-05-17,INTC,Intel,Technology,37.17,29076795
2024-05-17,META,Meta Platforms,Communication Svcs.,401.92,26864605
2024-05-17,MSFT,Microsoft,Technology,336.62,19474096
2024-05-17,NFLX,Netflix,Communication Svcs.,534.76,5036419
2024-05-17,NVDA,NVIDIA,Technology,65.32,406872630
2024-05-17,ORCL,Oracle,Technology,130.66,10748676
2024-05-17,QCOM,Qualcomm,Technology,141.29,8968526
2024-05-17,TSLA,Tesla,Cons. Discretionary,354.34,64627018
2024-05-20,AAPL,Apple,Technology,204.91,49199906
2024-05-20,AMD,AMD,Technology,137.59,70107654
2024-05-20,AMZN,Amazon,Cons. Discretionary,168.2,50153440
2024-05-20,AVGO,Broadcom,Technology,162.59,20874403
2024-05-20,CRM,Salesforce,Technology,235.02,5179748
2024-05-20,GOOGL,Alphabet,Communication Svcs.,150.22,22500377
2024-05-20,IBM,IBM,Technology,172.0,4737293
2024-05-20,INTC,Intel,Technology,37.61,38703535
2024-05-20,META,Meta Platforms,Communication Svcs.,412.03,26047296
2024-05-20,MSFT,Microsoft,Technology,336.07,38265830
2024-05-20,NFLX,Netflix,Communication Svcs.,525.68,5501923
2024-05-20,NVDA,NVIDIA,Technology,63.44,474080514
2024-05-20,ORCL,Oracle,Technology,126.72,6624629
2024-05-20,QCOM,Qualcomm,Technology,142.15,7333019
2024-05-20,TSLA,Tesla,Cons. Discretionary,341.43,105263986
2024-05-21,AAPL,Apple,Technology,204.08,59785271
2024-05-21,AMD,AMD,Technology,136.58,52557218
2024-05-21,AMZN,Amazon,Cons. Discretionary,166.0,43344932
2024-05-21,AVGO,Broadcom,Technology,165.0,22840380
2024-05-21,CRM,Salesforce,Technology,237.93,2916750
2024-05-21,GOOGL,Alphabet,Communication Svcs.,145.25,18340802
2024-05-21,IBM,IBM,Technology,172.58,3213646
2024-05-21,INTC,Intel,Technology,38.31,34594913
2024-05-21,META,Meta Platforms,Communication Svcs.,409.55,29355565
2024-05-21,MSFT,Microsoft,Technology,338.67,19204665
2024-05-21,NFLX,Netflix,Communication Svcs.,531.98,3827199
2024-05-21,NVDA,NVIDIA,Technology,62.54,299252981
2024-05-21,ORCL,Oracle,Technology,128.23,4655481
2024-05-21,QCOM,Qualcomm,Technology,139.2,6351964
2024-05-21,TSLA,Tesla,Cons. Discretionary,338.51,129310218
2024-05-22,AAPL,Apple,Technology,202.77,62229670
2024-05-22,AMD,AMD,Technology,139.52,90968668
2024-05-22,AMZN,Amazon,Cons. Discretionary,163.29,45281296
2024-05-22,AVGO,Broadcom,Technology,168.07,13210778
2024-05-22,CRM,Salesforce,Technology,228.13,2774274
2024-05-22,GOOGL,Alphabet,Communication Svcs.,149.41,31525826
2024-05-22,IBM,IBM,Technology,171.64,6021553
2024-05-22,INTC,Intel,Technology,38.83,49339351
2024-05-22,META,Meta Platforms,Communication Svcs.,408.83,16567739
2024-05-22,MSFT,Microsoft,Technology,334.23,29824760
2024-05-22,NFLX,Netflix,Communication Svcs.,556.41,5247412
2024-05-22,NVDA,NVIDIA,Technology,62.69,407921100
2024-05-22,ORCL,Oracle,Technology,129.56,8957993
2024-05-22,QCOM,Qualcomm,Technology,135.27,11818478
2024-05-22,TSLA,Tesla,Cons. Discretionary,330.32,110053614
2024-05-23,AAPL,Apple,Technology,201.91,71544391
2024-05-23,AMD,AMD,Technology,138.08,91575992
2024-05-23,AMZN,Amazon,Cons. Discretionary,168.86,55208986
2024-05-23,AVGO,Broadcom,Technology,167.24,15997335
2024-05-23,CRM,Salesforce,Technology,224.41,5207623
2024-05-23,GOOGL,Alphabet,Communication Svcs.,150.45,27619499
2024-05-23,IBM,IBM,Technology,174.6,2806149
2024-05-23,INTC,Intel,Technology,38.63,31111517
2024-05-23,META,Meta Platforms,Communication Svcs.,405.52,21452190
2024-05-23,MSFT,Microsoft,Technology,337.61,20989628
2024-05-23,NFLX,Netflix,Communication Svcs.,559.25,7392021
2024-05-23,NVDA,NVIDIA,Technology,63.42,460032068
2024-05-23,ORCL,Oracle,Technology,127.96,14236105
2024-05-23,QCOM,Qualcomm,Technology,137.82,9440339
2024-05-23,TSLA,Tesla,Cons. Discretionary,339.79,88503136
2024-05-24,AAPL,Apple,Technology,203.88,45859810
2024-05-24,AMD,AMD,Technology,147.6,51075242
2024-05-24,AMZN,Amazon,Cons. Discretionary,173.21,37774551
2024-05-24,AVGO,Broadcom,Technology,170.43,15648109
2024-05-24,CRM,Salesforce,Technology,225.7,5009924
2024-05-24,GOOGL,Alphabet,Communication Svcs.,149.51,31650104
2024-05-24,IBM,IBM,Technology,175.9,5393700
2024-05-24,INTC,Intel,Technology,38.88,28222938
2024-05-24,META,Meta Platforms,Communication Svcs.,411.28,17775188
2024-05-24,MSFT,Microsoft,Technology,340.98,25554941
2024-05-24,NFLX,Netflix,Communication Svcs.,571.23,4112098
2024-05-24,NVDA,NVIDIA,Technology,65.16,297077102
2024-05-24,ORCL,Oracle,Technology,128.18,12708166
2024-05-24,QCOM,Qualcomm,Technology,136.18,7193021
2024-05-24,TSLA,Tesla,Cons. Discretionary,336.55,110182356
2024-05-27,AAPL,Apple,Technology,207.99,65867059
2024-05-27,AMD,AMD,Technology,148.36,42236887
2024-05-27,AMZN,Amazon,Cons. Discretionary,171.31,60814693
2024-05-27,AVGO,Broadcom,Technology,175.14,16863551
2024-05-27,CRM,Salesforce,Technology,225.62,3755889
2024-05-27,GOOGL,Alphabet,Communication Svcs.,152.42,17529951
2024-05-27,IBM,IBM,Technology,175.73,2611013
2024-05-27,INTC,Intel,Technology,38.58,29246351
2024-05-27,META,Meta Platforms,Communication Svcs.,404.52,19935670
2024-05-27,MSFT,Microsoft,Technology,344.15,22085443
2024-05-27,NFLX,Netflix,Communication Svcs.,582.91,5316168
2024-05-27,NVDA,NVIDIA,Technology,66.72,392231971
2024-05-27,ORCL,Oracle,Technology,129.76,9971242
2024-05-27,QCOM,Qualcomm,Technology,135.93,6049643
2024-05-27,TSLA,Tesla,Cons. Discretionary,329.29,79655559
2024-05-28,AAPL,Apple,Technology,210.09,66919014
2024-05-28,AMD,AMD,Technology,144.1,45052602
2024-05-28,AMZN,Amazon,Cons. Discretionary,170.52,44088877
2024-05-28,AVGO,Broadcom,Technology,174.2,12630767
2024-05-28,CRM,Salesforce,Technology,230.18,4788739
2024-05-28,GOOGL,Alphabet,Communication Svcs.,152.59,32203523
2024-05-28,IBM,IBM,Technology,176.25,3160577
2024-05-28,INTC,Intel,Technology,40.55,32231253
2024-05-28,META,Meta Platforms,Communication Svcs.,403.32,28833998
2024-05-28,MSFT,Microsoft,Technology,346.01,28561389
2024-05-28,NFLX,Netflix,Communication Svcs.,606.58,4755270
2024-05-28,NVDA,NVIDIA,Technology,65.8,478993340
2024-05-28,ORCL,Oracle,Technology,128.23,7759943
2024-05-28,QCOM,Qualcomm,Technology,137.75,8667492
2024-05-28,TSLA,Tesla,Cons. Discretionary,329.04,74251612
2024-05-29,AAPL,Apple,Technology,207.1,62548944
2024-05-29,AMD,AMD,Technology,148.21,38078585
2024-05-29,AMZN,Amazon,Cons. Discretionary,174.46,66112586
2024-05-29,AVGO,Broadcom,Technology,176.73,20208996
2024-05-29,CRM,Salesforce,Technology,231.12,5014810
2024-05-29,GOOGL,Alphabet,Communication Svcs.,148.74,34592682
2024-05-29,IBM,IBM,Technology,177.76,4392754
2024-05-29,INTC,Intel,Technology,40.53,32398450
2024-05-29,META,Meta Platforms,Communication Svcs.,397.27,21368565
2024-05-29,MSFT,Microsoft,Technology,355.81,31471239
2024-05-29,NFLX,Netflix,Communication Svcs.,636.75,5285806
2024-05-29,NVDA,NVIDIA,Technology,66.22,436401161
2024-05-29,ORCL,Oracle,Technology,122.43,6954088
2024-05-29,QCOM,Qualcomm,Technology,142.99,8526029
2024-05-29,TSLA,Tesla,Cons. Discretionary,311.77,149549039
2024-05-30,AAPL,Apple,Technology,203.82,56206810
2024-05-30,AMD,AMD,Technology,148.94,37884685
2024-05-30,AMZN,Amazon,Cons. Discretionary,170.73,44145269
2024-05-30,AVGO,Broadcom,Technology,175.15,20215205
2024-05-30,CRM,Salesforce,Technology,233.89,7863930
2024-05-30,GOOGL,Alphabet,Communication Svcs.,153.34,18449880
2024-05-30,IBM,IBM,Technology,180.0,6124824
2024-05-30,INTC,Intel,Technology,40.26,40445049
2024-05-30,META,Meta Platforms,Communication Svcs.,386.89,23480028
2024-05-30,MSFT,Microsoft,Technology,351.08,36406727
2024-05-30,NFLX,Netflix,Communication Svcs.,634.51,5619785
2024-05-30,NVDA,NVIDIA,Technology,64.99,457014479
2024-05-30,ORCL,Oracle,Technology,125.55,10406256
2024-05-30,QCOM,Qualcomm,Technology,139.97,9540529
2024-05-30,TSLA,Tesla,Cons. Discretionary,315.67,123837794
2024-05-31,AAPL,Apple,Technology,204.41,61938321
2024-05-31,AMD,AMD,Technology,144.66,48889081
2024-05-31,AMZN,Amazon,Cons. Discretionary,174.31,42508874
2024-05-31,AVGO,Broadcom,Technology,174.91,22149735
2024-05-31,CRM,Salesforce,Technology,229.43,5961129
2024-05-31,GOOGL,Alphabet,Communication Svcs.,152.17,20558515
2024-05-31,IBM,IBM,Technology,179.09,5038610
2024-05-31,INTC,Intel,Technology,41.65,28994105
2024-05-31,META,Meta Platforms,Communication Svcs.,397.29,20380165
2024-05-31,MSFT,Microsoft,Technology,353.96,22014249
2024-05-31,NFLX,Netflix,Communication Svcs.,646.25,5988662
2024-05-31,NVDA,NVIDIA,Technology,68.28,426238161
2024-05-31,ORCL,Oracle,Technology,126.24,9633549
2024-05-31,QCOM,Qualcomm,Technology,138.47,10735310
2024-05-31,TSLA,Tesla,Cons. Discretionary,313.84,78996695
2024-06-03,AAPL,Apple,Technology,201.04,83603585
2024-06-03,AMD,AMD,Technology,150.35,40674004
2024-06-03,AMZN,Amazon,Cons. Discretionary,173.26,48446496
2024-06-03,AVGO,Broadcom,Technology,172.25,20450114
2024-06-03,CRM,Salesforce,Technology,219.41,5129845
2024-06-03,GOOGL,Alphabet,Communication Svcs.,151.59,34802344
2024-06-03,IBM,IBM,Technology,177.67,2774050
2024-06-03,INTC,Intel,Technology,40.61,44076385
2024-06-03,META,Meta Platforms,Communication Svcs.,396.01,15972430
2024-06-03,MSFT,Microsoft,Technology,353.44,21328632
2024-06-03,NFLX,Netflix,Communication Svcs.,660.11,3984644
2024-06-03,NVDA,NVIDIA,Technology,70.22,430502633
2024-06-03,ORCL,Oracle,Technology,125.35,7934367
2024-06-03,QCOM,Qualcomm,Technology,137.1,8267705
2024-06-03,TSLA,Tesla,Cons. Discretionary,314.97,161415613
2024-06-04,AAPL,Apple,Technology,203.29,97989919
2024-06-04,AMD,AMD,Technology,153.5,46029587
2024-06-04,AMZN,Amazon,Cons. Discretionary,177.57,35040144
2024-06-04,AVGO,Broadcom,Technology,177.53,22601011
2024-06-04,CRM,Salesforce,Technology,218.1,3517516
2024-06-04,GOOGL,Alphabet,Communication Svcs.,155.91,40498886
2024-06-04,IBM,IBM,Technology,173.68,3415157
2024-06-04,INTC,Intel,Technology,40.59,23492298
2024-06-04,META,Meta Platforms,Communication Svcs.,391.57,21542220
2024-06-04,MSFT,Microsoft,Technology,348.16,21546692
2024-06-04,NFLX,Netflix,Communication Svcs.,665.29,4840643
2024-06-04,NVDA,NVIDIA,Technology,67.51,525319285
2024-06-04,ORCL,Oracle,Technology,129.64,7350395
2024-06-04,QCOM,Qualcomm,Technology,139.46,7740371
2024-06-04,TSLA,Tesla,Cons. Discretionary,324.1,202228716
2024-06-05,AAPL,Apple,Technology,200.23,86976504
2024-06-05,AMD,AMD,Technology,150.89,29688082
2024-06-05,AMZN,Amazon,Cons. Discretionary,181.93,97512961
2024-06-05,AVGO,Broadcom,Technology,178.18,17442619
2024-06-05,CRM,Salesforce,Technology,215.44,6708046
2024-06-05,GOOGL,Alphabet,Communication Svcs.,154.61,48341797
2024-06-05,IBM,IBM,Technology,173.68,3920366
2024-06-05,INTC,Intel,Technology,41.51,64246730
2024-06-05,META,Meta Platforms,Communication Svcs.,392.65,20793325
2024-06-05,MSFT,Microsoft,Technology,342.82,25400133
2024-06-05,NFLX,Netflix,Communication Svcs.,649.98,6851821
2024-06-05,NVDA,NVIDIA,Technology,67.49,382780120
2024-06-05,ORCL,Oracle,Technology,135.01,9201001
2024-06-05,QCOM,Qualcomm,Technology,141.07,7782626
2024-06-05,TSLA,Tesla,Cons. Discretionary,340.85,60409529
2024-06-06,AAPL,Apple,Technology,198.88,89459181
2024-06-06,AMD,AMD,Technology,145.14,40376168
2024-06-06,AMZN,Amazon,Cons. Discretionary,179.22,36777161
2024-06-06,AVGO,Broadcom,Technology,179.82,18755901
2024-06-06,CRM,Salesforce,Technology,220.89,3289192
2024-06-06,GOOGL,Alphabet,Communication Svcs.,156.72,33245788
2024-06-06,IBM,IBM,Technology,175.67,3690784
2024-06-06,INTC,Intel,Technology,42.38,42530793
2024-06-06,META,Meta Platforms,Communication Svcs.,372.76,22197552
2024-06-06,MSFT,Microsoft,Technology,338.64,26669078
2024-06-06,NFLX,Netflix,Communication Svcs.,611.7,5012841
2024-06-06,NVDA,NVIDIA,Technology,66.2,439534298
2024-06-06,ORCL,Oracle,Technology,132.31,9235705
2024-06-06,QCOM,Qualcomm,Technology,138.52,7432356
2024-06-06,TSLA,Tesla,Cons. Discretionary,342.7,90735204
2024-06-07,AAPL,Apple,Technology,197.4,60500401
2024-06-07,AMD,AMD,Technology,143.58,76905868
2024-06-07,AMZN,Amazon,Cons. Discretionary,178.11,40828749
2024-06-07,AVGO,Broadcom,Technology,182.36,18203467
2024-06-07,CRM,Salesforce,Technology,217.43,4839880
2024-06-07,GOOGL,Alphabet,Communication Svcs.,158.17,35991942
2024-06-07,IBM,IBM,Technology,176.52,3662403
2024-06-07,INTC,Intel,Technology,41.86,36839563
2024-06-07,META,Meta Platforms,Communication Svcs.,373.65,21485149
2024-06-07,MSFT,Microsoft,Technology,345.98,23668222
2024-06-07,NFLX,Netflix,Communication Svcs.,619.27,7584596
2024-06-07,NVDA,NVIDIA,Technology,67.01,580953671
2024-06-07,ORCL,Oracle,Technology,131.77,7707692
2024-06-07,QCOM,Qualcomm,Technology,138.63,10147099
2024-06-07,TSLA,Tesla,Cons. Discretionary,330.98,100031062
2024-06-10,AAPL,Apple,Technology,196.42,71153680
2024-06-10,AMD,AMD,Technology,139.28,69238365
2024-06-10,AMZN,Amazon,Cons. Discretionary,175.6,71442445
2024-06-10,AVGO,Broadcom,Technology,175.62,23829637
2024-06-10,CRM,Salesforce,Technology,219.72,5727573
2024-06-10,GOOGL,Alphabet,Communication Svcs.,159.25,19871661
2024-06-10,IBM,IBM,Technology,178.63,4165027
2024-06-10,INTC,Intel,Technology,42.08,47195496
2024-06-10,META,Meta Platforms,Communication Svcs.,378.04,16799459
2024-06-10,MSFT,Microsoft,Technology,352.1,25900930
2024-06-10,NFLX,Netflix,Communication Svcs.,624.04,3073641
2024-06-10,NVDA,NVIDIA,Technology,68.53,358683213
2024-06-10,ORCL,Oracle,Technology,132.87,9786978
2024-06-10,QCOM,Qualcomm,Technology,143.25,6723912
2024-06-10,TSLA,Tesla,Cons. Discretionary,316.83,129598839
2024-06-11,AAPL,Apple,Technology,195.74,70232810
2024-06-11,AMD,AMD,Technology,137.61,56164306
2024-06-11,AMZN,Amazon,Cons. Discretionary,183.66,57577831
2024-06-11,AVGO,Broadcom,Technology,166.19,22984841
2024-06-11,CRM,Salesforce,Technology,212.81,4066423
2024-06-11,GOOGL,Alphabet,Communication Svcs.,164.21,39330259
2024-06-11,IBM,IBM,Technology,178.13,4448798
2024-06-11,INTC,Intel,Technology,42.63,26163811
2024-06-11,META,Meta Platforms,Communication Svcs.,382.99,16302297
2024-06-11,MSFT,Microsoft,Technology,354.49,22143167
2024-06-11,NFLX,Netflix,Communication Svcs.,604.74,4334859
2024-06-11,NVDA,NVIDIA,Technology,68.45,585402133
2024-06-11,ORCL,Oracle,Technology,129.89,14668510
2024-06-11,QCOM,Qualcomm,Technology,145.91,8272771
2024-06-11,TSLA,Tesla,Cons. Discretionary,328.05,86868718
2024-06-12,AAPL,Apple,Technology,196.4,53597057
2024-06-12,AMD,AMD,Technology,131.17,72543438
2024-06-12,AMZN,Amazon,Cons. Discretionary,193.24,39663227
2024-06-12,AVGO,Broadcom,Technology,163.28,19319188
2024-06-12,CRM,Salesforce,Technology,214.14,5925037
2024-06-12,GOOGL,Alphabet,Communication Svcs.,162.4,31111987
2024-06-12,IBM,IBM,Technology,178.26,7384046
2024-06-12,INTC,Intel,Technology,43.49,35192066
2024-06-12,META,Meta Platforms,Communication Svcs.,381.54,20525812
2024-06-12,MSFT,Microsoft,Technology,355.94,30792617
2024-06-12,NFLX,Netflix,Communication Svcs.,619.37,4525413
2024-06-12,NVDA,NVIDIA,Technology,67.91,372616741
2024-06-12,ORCL,Oracle,Technology,134.66,10406489
2024-06-12,QCOM,Qualcomm,Technology,147.34,7668325
2024-06-12,TSLA,Tesla,Cons. Discretionary,326.28,85359206
2024-06-13,AAPL,Apple,Technology,200.19,52541675
2024-06-13,AMD,AMD,Technology,135.58,65216487
2024-06-13,AMZN,Amazon,Cons. Discretionary,195.21,69667902
2024-06-13,AVGO,Broadcom,Technology,159.51,19859213
2024-06-13,CRM,Salesforce,Technology,213.16,8229682
2024-06-13,GOOGL,Alphabet,Communication Svcs.,167.63,26577762
2024-06-13,IBM,IBM,Technology,180.36,2403599
2024-06-13,INTC,Intel,Technology,43.68,36577632
2024-06-13,META,Meta Platforms,Communication Svcs.,380.61,18928762
2024-06-13,MSFT,Microsoft,Technology,353.43,36144619
2024-06-13,NFLX,Netflix,Communication Svcs.,601.99,3249286
2024-06-13,NVDA,NVIDIA,Technology,68.44,390901654
2024-06-13,ORCL,Oracle,Technology,135.13,7759379
2024-06-13,QCOM,Qualcomm,Technology,144.81,7075453
2024-06-13,TSLA,Tesla,Cons. Discretionary,326.13,80155782
2024-06-14,AAPL,Apple,Technology,199.24,56788295
2024-06-14,AMD,AMD,Technology,141.74,47144921
2024-06-14,AMZN,Amazon,Cons. Discretionary,193.82,67501406
2024-06-14,AVGO,Broadcom,Technology,153.88,13533154
2024-06-14,CRM,Salesforce,Technology,215.94,5184528
2024-06-14,GOOGL,Alphabet,Communication Svcs.,168.49,36048525
2024-06-14,IBM,IBM,Technology,182.02,5095430
2024-06-14,INTC,Intel,Technology,42.14,27647463
2024-06-14,META,Meta Platforms,Communication Svcs.,368.75,15419444
2024-06-14,MSFT,Microsoft,Technology,353.24,25466233
2024-06-14,NFLX,Netflix,Communication Svcs.,604.13,5909941
2024-06-14,NVDA,NVIDIA,Technology,68.63,328837039
2024-06-14,ORCL,Oracle,Technology,137.8,13154984
2024-06-14,QCOM,Qualcomm,Technology,144.76,7064704
2024-06-14,TSLA,Tesla,Cons. Discretionary,332.71,114376356
2024-06-17,AAPL,Apple,Technology,197.54,49397078
2024-06-17,AMD,AMD,Technology,129.61,28505097
2024-06-17,AMZN,Amazon,Cons. Discretionary,197.54,47587868
2024-06-17,AVGO,Broadcom,Technology,144.98,13661171
2024-06-17,CRM,Salesforce,Technology,215.46,4066908
2024-06-17,GOOGL,Alphabet,Communication Svcs.,165.42,30324032
2024-06-17,IBM,IBM,Technology,181.95,3048337
2024-06-17,INTC,Intel,Technology,40.62,35514217
2024-06-17,META,Meta Platforms,Communication Svcs.,373.46,10381889
2024-06-17,MSFT,Microsoft,Technology,350.75,16285217
2024-06-17,NFLX,Netflix,Communication Svcs.,585.05,4559653
2024-06-17,NVDA,NVIDIA,Technology,66.09,291887033
2024-06-17,ORCL,Oracle,Technology,136.05,9557722
2024-06-17,QCOM,Qualcomm,Technology,140.9,13868384
2024-06-17,TSLA,Tesla,Cons. Discretionary,338.94,78363458
2024-06-18,AAPL,Apple,Technology,202.87,91269349
2024-06-18,AMD,AMD,Technology,123.49,56716906
2024-06-18,AMZN,Amazon,Cons. Discretionary,199.59,23651454
2024-06-18,AVGO,Broadcom,Technology,146.97,20469189
2024-06-18,CRM,Salesforce,Technology,215.04,4431917
2024-06-18,GOOGL,Alphabet,Communication Svcs.,169.68,23797004
2024-06-18,IBM,IBM,Technology,186.7,3599133
2024-06-18,INTC,Intel,Technology,40.49,21065336
2024-06-18,META,Meta Platforms,Communication Svcs.,371.74,17249709
2024-06-18,MSFT,Microsoft,Technology,341.9,14690761
2024-06-18,NFLX,Netflix,Communication Svcs.,579.01,6463746
2024-06-18,NVDA,NVIDIA,Technology,68.22,741664896
2024-06-18,ORCL,Oracle,Technology,141.92,7396279
2024-06-18,QCOM,Qualcomm,Technology,139.33,13411062
2024-06-18,TSLA,Tesla,Cons. Discretionary,324.67,90594353
2024-06-19,AAPL,Apple,Technology,201.09,60629341
2024-06-19,AMD,AMD,Technology,124.88,57819843
2024-06-19,AMZN,Amazon,Cons. Discretionary,198.08,111425415
2024-06-19,AVGO,Broadcom,Technology,147.02,28945161
2024-06-19,CRM,Salesforce,Technology,215.38,3014659
2024-06-19,GOOGL,Alphabet,Communication Svcs.,164.6,20508175
2024-06-19,IBM,IBM,Technology,188.21,5842126
2024-06-19,INTC,Intel,Technology,39.49,33141642
2024-06-19,META,Meta Platforms,Communication Svcs.,380.23,18908323
2024-06-19,MSFT,Microsoft,Technology,344.15,20738781
2024-06-19,NFLX,Netflix,Communication Svcs.,603.12,4980841
2024-06-19,NVDA,NVIDIA,Technology,66.33,266005378
2024-06-19,ORCL,Oracle,Technology,140.85,10576173
2024-06-19,QCOM,Qualcomm,Technology,139.26,7380777
2024-06-19,TSLA,Tesla,Cons. Discretionary,329.32,136946446
2024-06-20,AAPL,Apple,Technology,201.94,45582142
2024-06-20,AMD,AMD,Technology,123.52,39593712
2024-06-20,AMZN,Amazon,Cons. Discretionary,192.25,67721528
2024-06-20,AVGO,Broadcom,Technology,154.46,19455376
2024-06-20,CRM,Salesforce,Technology,216.75,5000735
2024-06-20,GOOGL,Alphabet,Communication Svcs.,164.7,25622454
2024-06-20,IBM,IBM,Technology,188.46,3885972
2024-06-20,INTC,Intel,Technology,38.67,32834802
2024-06-20,META,Meta Platforms,Communication Svcs.,365.07,18763308
2024-06-20,MSFT,Microsoft,Technology,351.43,31581413
2024-06-20,NFLX,Netflix,Communication Svcs.,571.73,5124173
2024-06-20,NVDA,NVIDIA,Technology,67.45,397003761
2024-06-20,ORCL,Oracle,Technology,142.52,16935430
2024-06-20,QCOM,Qualcomm,Technology,138.78,8364144
2024-06-20,TSLA,Tesla,Cons. Discretionary,342.93,90044235
2024-06-21,AAPL,Apple,Technology,203.31,59898040
2024-06-21,AMD,AMD,Technology,128.3,52752832
2024-06-21,AMZN,Amazon,Cons. Discretionary,195.87,37262435
2024-06-21,AVGO,Broadcom,Technology,162.14,21374362
2024-06-21,CRM,Salesforce,Technology,214.22,5036160
2024-06-21,GOOGL,Alphabet,Communication Svcs.,161.29,24205317
2024-06-21,IBM,IBM,Technology,188.98,2738095
2024-06-21,INTC,Intel,Technology,38.88,36275342
2024-06-21,META,Meta Platforms,Communication Svcs.,375.91,16653156
2024-06-21,MSFT,Microsoft,Technology,348.93,24027723
2024-06-21,NFLX,Netflix,Communication Svcs.,562.7,5226211
2024-06-21,NVDA,NVIDIA,Technology,65.25,394907210
2024-06-21,ORCL,Oracle,Technology,143.36,7601255
2024-06-21,QCOM,Qualcomm,Technology,132.68,7966501
2024-06-21,TSLA,Tesla,Cons. Discretionary,326.66,122301688
2024-06-24,AAPL,Apple,Technology,205.45,59802563
2024-06-24,AMD,AMD,Technology,127.0,52602026
2024-06-24,AMZN,Amazon,Cons. Discretionary,191.94,44999256
2024-06-24,AVGO,Broadcom,Technology,159.15,25465127
2024-06-24,CRM,Salesforce,Technology,220.55,5611354
2024-06-24,GOOGL,Alphabet,Communication Svcs.,162.59,21826443
2024-06-24,IBM,IBM,Technology,191.33,6584661
2024-06-24,INTC,Intel,Technology,37.88,31290515
2024-06-24,META,Meta Platforms,Communication Svcs.,382.55,20028498
2024-06-24,MSFT,Microsoft,Technology,352.92,28232777
2024-06-24,NFLX,Netflix,Communication Svcs.,561.31,2873861
2024-06-24,NVDA,NVIDIA,Technology,67.6,320168204
2024-06-24,ORCL,Oracle,Technology,143.6,9874807
2024-06-24,QCOM,Qualcomm,Technology,132.83,6726062
2024-06-24,TSLA,Tesla,Cons. Discretionary,336.62,124923848
2024-06-25,AAPL,Apple,Technology,205.32,40107467
2024-06-25,AMD,AMD,Technology,123.85,47974752
2024-06-25,AMZN,Amazon,Cons. Discretionary,191.48,60916001
2024-06-25,AVGO,Broadcom,Technology,160.02,17683953
2024-06-25,CRM,Salesforce,Technology,219.57,4185915
2024-06-25,GOOGL,Alphabet,Communication Svcs.,166.26,24591623
2024-06-25,IBM,IBM,Technology,193.43,2966607
2024-06-25,INTC,Intel,Technology,37.16,59103176
2024-06-25,META,Meta Platforms,Communication Svcs.,371.1,21606454
2024-06-25,MSFT,Microsoft,Technology,346.98,16397441
2024-06-25,NFLX,Netflix,Communication Svcs.,541.43,5178518
2024-06-25,NVDA,NVIDIA,Technology,66.86,392747101
2024-06-25,ORCL,Oracle,Technology,146.52,8352777
2024-06-25,QCOM,Qualcomm,Technology,133.17,7750751
2024-06-25,TSLA,Tesla,Cons. Discretionary,325.86,139550174
2024-06-26,AAPL,Apple,Technology,210.16,47496338
2024-06-26,AMD,AMD,Technology,124.42,53629498
2024-06-26,AMZN,Amazon,Cons. Discretionary,186.36,36708680
2024-06-26,AVGO,Broadcom,Technology,164.15,16989045
2024-06-26,CRM,Salesforce,Technology,217.26,4777631
2024-06-26,GOOGL,Alphabet,Communication Svcs.,166.12,25370317
2024-06-26,IBM,IBM,Technology,193.26,3884457
2024-06-26,INTC,Intel,Technology,37.86,22756399
2024-06-26,META,Meta Platforms,Communication Svcs.,362.91,13318560
2024-06-26,MSFT,Microsoft,Technology,352.78,36279138
2024-06-26,NFLX,Netflix,Communication Svcs.,560.1,5451872
2024-06-26,NVDA,NVIDIA,Technology,67.16,317847496
2024-06-26,ORCL,Oracle,Technology,148.67,12581016
2024-06-26,QCOM,Qualcomm,Technology,131.76,10099497
2024-06-26,TSLA,Tesla,Cons. Discretionary,320.81,150320934
2024-06-27,AAPL,Apple,Technology,209.39,78281577
2024-06-27,AMD,AMD,Technology,124.08,67707706
2024-06-27,AMZN,Amazon,Cons. Discretionary,185.54,71223625
2024-06-27,AVGO,Broadcom,Technology,164.25,25617993
2024-06-27,CRM,Salesforce,Technology,216.88,3884176
2024-06-27,GOOGL,Alphabet,Communication Svcs.,166.23,37255255
2024-06-27,IBM,IBM,Technology,193.57,2684228
2024-06-27,INTC,Intel,Technology,37.82,44930833
2024-06-27,META,Meta Platforms,Communication Svcs.,363.21,22050605
2024-06-27,MSFT,Microsoft,Technology,365.37,26046201
2024-06-27,NFLX,Netflix,Communication Svcs.,550.42,4876620
2024-06-27,NVDA,NVIDIA,Technology,68.6,326547952
2024-06-27,ORCL,Oracle,Technology,144.92,15949200
2024-06-27,QCOM,Qualcomm,Technology,134.37,7080428
2024-06-27,TSLA,Tesla,Cons. Discretionary,326.47,89794858
2024-06-28,AAPL,Apple,Technology,209.06,56442926
2024-06-28,AMD,AMD,Technology,121.65,40831946
2024-06-28,AMZN,Amazon,Cons. Discretionary,183.73,52531067
2024-06-28,AVGO,Broadcom,Technology,159.08,27005987
2024-06-28,CRM,Salesforce,Technology,215.12,4826358
2024-06-28,GOOGL,Alphabet,Communication Svcs.,164.5,27671168
2024-06-28,IBM,IBM,Technology,193.22,3878069
2024-06-28,INTC,Intel,Technology,37.91,34647716
2024-06-28,META,Meta Platforms,Communication Svcs.,348.12,16341325
2024-06-28,MSFT,Microsoft,Technology,371.02,31306775
2024-06-28,NFLX,Netflix,Communication Svcs.,572.33,5395004
2024-06-28,NVDA,NVIDIA,Technology,68.07,295602560
2024-06-28,ORCL,Oracle,Technology,144.27,7339006
2024-06-28,QCOM,Qualcomm,Technology,130.43,5195971
2024-06-28,TSLA,Tesla,Cons. Discretionary,334.41,69893872
2024-07-01,AAPL,Apple,Technology,208.21,85664108
2024-07-01,AMD,AMD,Technology,119.63,59262290
2024-07-01,AMZN,Amazon,Cons. Discretionary,188.98,52336993
2024-07-01,AVGO,Broadcom,Technology,161.95,11268079
2024-07-01,CRM,Salesforce,Technology,215.66,5413198
2024-07-01,GOOGL,Alphabet,Communication Svcs.,164.4,21138003
2024-07-01,IBM,IBM,Technology,193.43,5106304
2024-07-01,INTC,Intel,Technology,37.78,43948170
2024-07-01,META,Meta Platforms,Communication Svcs.,347.59,9366200
2024-07-01,MSFT,Microsoft,Technology,382.17,31656402
2024-07-01,NFLX,Netflix,Communication Svcs.,556.66,5358554
2024-07-01,NVDA,NVIDIA,Technology,69.43,623734350
2024-07-01,ORCL,Oracle,Technology,148.41,9945530
2024-07-01,QCOM,Qualcomm,Technology,130.61,5970706
2024-07-01,TSLA,Tesla,Cons. Discretionary,322.86,92618246
2024-07-02,AAPL,Apple,Technology,207.98,74657567
2024-07-02,AMD,AMD,Technology,119.89,49164555
2024-07-02,AMZN,Amazon,Cons. Discretionary,183.92,54605151
2024-07-02,AVGO,Broadcom,Technology,156.97,18708372
2024-07-02,CRM,Salesforce,Technology,217.7,4482392
2024-07-02,GOOGL,Alphabet,Communication Svcs.,164.75,21358984
2024-07-02,IBM,IBM,Technology,192.47,5487079
2024-07-02,INTC,Intel,Technology,37.28,39753629
2024-07-02,META,Meta Platforms,Communication Svcs.,353.51,19800575
2024-07-02,MSFT,Microsoft,Technology,378.8,22667755
2024-07-02,NFLX,Netflix,Communication Svcs.,548.35,6466783
2024-07-02,NVDA,NVIDIA,Technology,67.4,514536133
2024-07-02,ORCL,Oracle,Technology,147.26,11553616
2024-07-02,QCOM,Qualcomm,Technology,133.33,11337482
2024-07-02,TSLA,Tesla,Cons. Discretionary,330.32,122634703
2024-07-03,AAPL,Apple,Technology,211.02,59899122
2024-07-03,AMD,AMD,Technology,119.95,32420296
2024-07-03,AMZN,Amazon,Cons. Discretionary,188.0,50091316
2024-07-03,AVGO,Broadcom,Technology,162.41,15169561
2024-07-03,CRM,Salesforce,Technology,211.79,5782896
2024-07-03,GOOGL,Alphabet,Communication Svcs.,164.58,31132910
2024-07-03,IBM,IBM,Technology,190.46,3628709
2024-07-03,INTC,Intel,Technology,38.29,37465718
2024-07-03,META,Meta Platforms,Communication Svcs.,364.53,20317037
2024-07-03,MSFT,Microsoft,Technology,375.55,25848442
2024-07-03,NFLX,Netflix,Communication Svcs.,569.99,5829954
2024-07-03,NVDA,NVIDIA,Technology,69.71,361937997
2024-07-03,ORCL,Oracle,Technology,148.28,8602073
2024-07-03,QCOM,Qualcomm,Technology,134.04,6623762
2024-07-03,TSLA,Tesla,Cons. Discretionary,346.85,56226036
2024-07-04,AAPL,Apple,Technology,213.61,70227626
2024-07-04,AMD,AMD,Technology,119.88,52358806
2024-07-04,AMZN,Amazon,Cons. Discretionary,191.78,73202540
2024-07-04,AVGO,Broadcom,Technology,163.37,17020728
2024-07-04,CRM,Salesforce,Technology,213.61,3582484
2024-07-04,GOOGL,Alphabet,Communication Svcs.,160.54,21201741
2024-07-04,IBM,IBM,Technology,191.04,6970909
2024-07-04,INTC,Intel,Technology,37.47,40043014
2024-07-04,META,Meta Platforms,Communication Svcs.,372.64,22870250
2024-07-04,MSFT,Microsoft,Technology,377.07,33788556
2024-07-04,NFLX,Netflix,Communication Svcs.,579.95,6817470
2024-07-04,NVDA,NVIDIA,Technology,71.54,372842298
2024-07-04,ORCL,Oracle,Technology,147.69,8919916
2024-07-04,QCOM,Qualcomm,Technology,133.71,13757067
2024-07-04,TSLA,Tesla,Cons. Discretionary,344.99,131112527
2024-07-05,AAPL,Apple,Technology,212.66,64183368
2024-07-05,AMD,AMD,Technology,121.86,42761270
2024-07-05,AMZN,Amazon,Cons. Discretionary,190.19,59255422
2024-07-05,AVGO,Broadcom,Technology,164.36,19029903
2024-07-05,CRM,Salesforce,Technology,211.67,5023969
2024-07-05,GOOGL,Alphabet,Communication Svcs.,156.54,26924349
2024-07-05,IBM,IBM,Technology,188.58,3378166
2024-07-05,INTC,Intel,Technology,38.07,41248109
2024-07-05,META,Meta Platforms,Communication Svcs.,378.27,21103491
2024-07-05,MSFT,Microsoft,Technology,371.92,24001644
2024-07-05,NFLX,Netflix,Communication Svcs.,588.0,5712896
2024-07-05,NVDA,NVIDIA,Technology,75.49,436546038
2024-07-05,ORCL,Oracle,Technology,146.36,8655943
2024-07-05,QCOM,Qualcomm,Technology,137.58,6189099
2024-07-05,TSLA,Tesla,Cons. Discretionary,336.24,140541422
2024-07-08,AAPL,Apple,Technology,206.0,105722890
2024-07-08,AMD,AMD,Technology,119.08,36005664
2024-07-08,AMZN,Amazon,Cons. Discretionary,193.24,32005050
2024-07-08,AVGO,Broadcom,Technology,163.76,17942811
2024-07-08,CRM,Salesforce,Technology,210.41,6341068
2024-07-08,GOOGL,Alphabet,Communication Svcs.,156.27,21325136
2024-07-08,IBM,IBM,Technology,190.92,2547923
2024-07-08,INTC,Intel,Technology,37.14,42342943
2024-07-08,META,Meta Platforms,Communication Svcs.,376.07,25651276
2024-07-08,MSFT,Microsoft,Technology,365.38,18311084
2024-07-08,NFLX,Netflix,Communication Svcs.,579.05,5484953
2024-07-08,NVDA,NVIDIA,Technology,82.04,518032679
2024-07-08,ORCL,Oracle,Technology,147.76,8092634
2024-07-08,QCOM,Qualcomm,Technology,143.66,9883636
2024-07-08,TSLA,Tesla,Cons. Discretionary,337.78,87873972
2024-07-09,AAPL,Apple,Technology,206.27,99851253
2024-07-09,AMD,AMD,Technology,118.36,71302435
2024-07-09,AMZN,Amazon,Cons. Discretionary,194.88,43663508
2024-07-09,AVGO,Broadcom,Technology,161.12,21734383
2024-07-09,CRM,Salesforce,Technology,213.56,4152941
2024-07-09,GOOGL,Alphabet,Communication Svcs.,154.87,32040746
2024-07-09,IBM,IBM,Technology,192.77,5027326
2024-07-09,INTC,Intel,Technology,38.2,24606162
2024-07-09,META,Meta Platforms,Communication Svcs.,374.83,23849931
2024-07-09,MSFT,Microsoft,Technology,358.26,18722375
2024-07-09,NFLX,Netflix,Communication Svcs.,605.38,8157203
2024-07-09,NVDA,NVIDIA,Technology,83.45,312881667
2024-07-09,ORCL,Oracle,Technology,151.07,12717500
2024-07-09,QCOM,Qualcomm,Technology,145.85,7404897
2024-07-09,TSLA,Tesla,Cons. Discretionary,344.19,90047620
2024-07-10,AAPL,Apple,Technology,213.47,69262978
2024-07-10,AMD,AMD,Technology,118.77,68402724
2024-07-10,AMZN,Amazon,Cons. Discretionary,191.38,78956713
2024-07-10,AVGO,Broadcom,Technology,158.25,19262372
2024-07-10,CRM,Salesforce,Technology,213.19,6464286
2024-07-10,GOOGL,Alphabet,Communication Svcs.,145.28,37966187
2024-07-10,IBM,IBM,Technology,192.47,3219737
2024-07-10,INTC,Intel,Technology,37.7,28965225
2024-07-10,META,Meta Platforms,Communication Svcs.,400.72,16803080
2024-07-10,MSFT,Microsoft,Technology,357.16,28327453
2024-07-10,NFLX,Netflix,Communication Svcs.,593.78,7137220
2024-07-10,NVDA,NVIDIA,Technology,82.63,540680883
2024-07-10,ORCL,Oracle,Technology,154.48,12692950
2024-07-10,QCOM,Qualcomm,Technology,147.7,8511287
2024-07-10,TSLA,Tesla,Cons. Discretionary,351.78,157187162
2024-07-11,AAPL,Apple,Technology,212.43,63060686
2024-07-11,AMD,AMD,Technology,120.1,31992109
2024-07-11,AMZN,Amazon,Cons. Discretionary,202.35,73213818
2024-07-11,AVGO,Broadcom,Technology,165.26,18639713
2024-07-11,CRM,Salesforce,Technology,210.54,4467412
2024-07-11,GOOGL,Alphabet,Communication Svcs.,147.0,24669681
2024-07-11,IBM,IBM,Technology,197.14,2351985
2024-07-11,INTC,Intel,Technology,38.13,29099909
2024-07-11,META,Meta Platforms,Communication Svcs.,404.73,15761030
2024-07-11,MSFT,Microsoft,Technology,354.21,17365375
2024-07-11,NFLX,Netflix,Communication Svcs.,593.31,4755015
2024-07-11,NVDA,NVIDIA,Technology,79.67,587583788
2024-07-11,ORCL,Oracle,Technology,151.71,7169512
2024-07-11,QCOM,Qualcomm,Technology,145.94,6140981
2024-07-11,TSLA,Tesla,Cons. Discretionary,360.69,118695089
2024-07-12,AAPL,Apple,Technology,213.93,45427977
2024-07-12,AMD,AMD,Technology,123.76,35429724
2024-07-12,AMZN,Amazon,Cons. Discretionary,199.27,56005997
2024-07-12,AVGO,Broadcom,Technology,164.5,23900865
2024-07-12,CRM,Salesforce,Technology,212.13,3416548
2024-07-12,GOOGL,Alphabet,Communication Svcs.,148.55,19633605
2024-07-12,IBM,IBM,Technology,196.91,7811490
2024-07-12,INTC,Intel,Technology,39.69,43191387
2024-07-12,META,Meta Platforms,Communication Svcs.,404.69,25200660
2024-07-12,MSFT,Microsoft,Technology,359.23,24074378
2024-07-12,NFLX,Netflix,Communication Svcs.,571.75,4578681
2024-07-12,NVDA,NVIDIA,Technology,80.0,394685288
2024-07-12,ORCL,Oracle,Technology,154.12,6840104
2024-07-12,QCOM,Qualcomm,Technology,149.76,8795904
2024-07-12,TSLA,Tesla,Cons. Discretionary,354.8,106269379
2024-07-15,AAPL,Apple,Technology,214.41,104385373
2024-07-15,AMD,AMD,Technology,133.31,73968507
2024-07-15,AMZN,Amazon,Cons. Discretionary,199.31,129105098
2024-07-15,AVGO,Broadcom,Technology,166.72,17516596
2024-07-15,CRM,Salesforce,Technology,211.45,6813513
2024-07-15,GOOGL,Alphabet,Communication Svcs.,147.71,21046373
2024-07-15,IBM,IBM,Technology,195.53,5141504
2024-07-15,INTC,Intel,Technology,38.67,31915186
2024-07-15,META,Meta Platforms,Communication Svcs.,432.38,17254920
2024-07-15,MSFT,Microsoft,Technology,362.48,19814606
2024-07-15,NFLX,Netflix,Communication Svcs.,562.42,5492756
2024-07-15,NVDA,NVIDIA,Technology,82.43,507938199
2024-07-15,ORCL,Oracle,Technology,155.01,8670315
2024-07-15,QCOM,Qualcomm,Technology,155.88,12988538
2024-07-15,TSLA,Tesla,Cons. Discretionary,344.34,64479188
2024-07-16,AAPL,Apple,Technology,210.24,45780133
2024-07-16,AMD,AMD,Technology,137.02,53110315
2024-07-16,AMZN,Amazon,Cons. Discretionary,198.08,54362536
2024-07-16,AVGO,Broadcom,Technology,171.26,28725134
2024-07-16,CRM,Salesforce,Technology,217.92,6234171
2024-07-16,GOOGL,Alphabet,Communication Svcs.,150.29,26783208
2024-07-16,IBM,IBM,Technology,197.91,4512209
2024-07-16,INTC,Intel,Technology,37.82,30594964
2024-07-16,META,Meta Platforms,Communication Svcs.,438.03,22998980
2024-07-16,MSFT,Microsoft,Technology,358.8,23522899
2024-07-16,NFLX,Netflix,Communication Svcs.,579.55,4482277
2024-07-16,NVDA,NVIDIA,Technology,80.43,341004585
2024-07-16,ORCL,Oracle,Technology,150.26,6515988
2024-07-16,QCOM,Qualcomm,Technology,160.08,9735062
2024-07-16,TSLA,Tesla,Cons. Discretionary,350.27,87414275
2024-07-17,AAPL,Apple,Technology,211.67,115688172
2024-07-17,AMD,AMD,Technology,139.31,34622424
2024-07-17,AMZN,Amazon,Cons. Discretionary,195.17,39440181
2024-07-17,AVGO,Broadcom,Technology,168.39,22240598
2024-07-17,CRM,Salesforce,Technology,225.75,5940463
2024-07-17,GOOGL,Alphabet,Communication Svcs.,151.53,19136372
2024-07-17,IBM,IBM,Technology,199.09,3286795
2024-07-17,INTC,Intel,Technology,37.29,34945418
2024-07-17,META,Meta Platforms,Communication Svcs.,441.75,19688517
2024-07-17,MSFT,Microsoft,Technology,357.21,44914342
2024-07-17,NFLX,Netflix,Communication Svcs.,597.21,4014668
2024-07-17,NVDA,NVIDIA,Technology,76.54,421729406
2024-07-17,ORCL,Oracle,Technology,148.29,15335737
2024-07-17,QCOM,Qualcomm,Technology,161.02,9796130
2024-07-17,TSLA,Tesla,Cons. Discretionary,346.78,61548343
2024-07-18,AAPL,Apple,Technology,214.46,54821457
2024-07-18,AMD,AMD,Technology,138.69,43569682
2024-07-18,AMZN,Amazon,Cons. Discretionary,193.56,44956286
2024-07-18,AVGO,Broadcom,Technology,171.7,18139659
2024-07-18,CRM,Salesforce,Technology,230.89,3922419
2024-07-18,GOOGL,Alphabet,Communication Svcs.,154.24,43609384
2024-07-18,IBM,IBM,Technology,194.94,4456393
2024-07-18,INTC,Intel,Technology,36.21,62496336
2024-07-18,META,Meta Platforms,Communication Svcs.,421.67,26657125
2024-07-18,MSFT,Microsoft,Technology,348.86,37962678
2024-07-18,NFLX,Netflix,Communication Svcs.,577.72,5764941
2024-07-18,NVDA,NVIDIA,Technology,79.9,525315895
2024-07-18,ORCL,Oracle,Technology,152.8,11294677
2024-07-18,QCOM,Qualcomm,Technology,163.86,11146302
2024-07-18,TSLA,Tesla,Cons. Discretionary,357.67,171270896
2024-07-19,AAPL,Apple,Technology,217.9,68463455
2024-07-19,AMD,AMD,Technology,143.72,59791649
2024-07-19,AMZN,Amazon,Cons. Discretionary,195.0,56057807
2024-07-19,AVGO,Broadcom,Technology,168.81,19628522
2024-07-19,CRM,Salesforce,Technology,238.25,5992458
2024-07-19,GOOGL,Alphabet,Communication Svcs.,156.91,19694510
2024-07-19,IBM,IBM,Technology,198.74,4849481
2024-07-19,INTC,Intel,Technology,36.14,45528605
2024-07-19,META,Meta Platforms,Communication Svcs.,442.28,19066976
2024-07-19,MSFT,Microsoft,Technology,352.73,22602162
2024-07-19,NFLX,Netflix,Communication Svcs.,582.1,4853529
2024-07-19,NVDA,NVIDIA,Technology,81.24,383899386
2024-07-19,ORCL,Oracle,Technology,153.02,11289076
2024-07-19,QCOM,Qualcomm,Technology,162.77,13344222
2024-07-19,TSLA,Tesla,Cons. Discretionary,359.64,126223569
2024-07-22,AAPL,Apple,Technology,219.68,64789045
2024-07-22,AMD,AMD,Technology,149.05,31697642
2024-07-22,AMZN,Amazon,Cons. Discretionary,198.41,48072750
2024-07-22,AVGO,Broadcom,Technology,174.7,17376189
2024-07-22,CRM,Salesforce,Technology,242.26,4218557
2024-07-22,GOOGL,Alphabet,Communication Svcs.,153.5,23255456
2024-07-22,IBM,IBM,Technology,196.12,4042426
2024-07-22,INTC,Intel,Technology,36.51,43295222
2024-07-22,META,Meta Platforms,Communication Svcs.,427.46,17747947
2024-07-22,MSFT,Microsoft,Technology,357.72,43645137
2024-07-22,NFLX,Netflix,Communication Svcs.,588.09,4617787
2024-07-22,NVDA,NVIDIA,Technology,81.0,534845226
2024-07-22,ORCL,Oracle,Technology,147.67,11889862
2024-07-22,QCOM,Qualcomm,Technology,166.1,6769463
2024-07-22,TSLA,Tesla,Cons. Discretionary,370.38,89733156
2024-07-23,AAPL,Apple,Technology,217.25,68207856
2024-07-23,AMD,AMD,Technology,147.28,39537549
2024-07-23,AMZN,Amazon,Cons. Discretionary,198.27,45086343
2024-07-23,AVGO,Broadcom,Technology,178.16,23464194
2024-07-23,CRM,Salesforce,Technology,240.79,7749027
2024-07-23,GOOGL,Alphabet,Communication Svcs.,152.85,27297050
2024-07-23,IBM,IBM,Technology,197.04,4824673
2024-07-23,INTC,Intel,Technology,36.37,40498071
2024-07-23,META,Meta Platforms,Communication Svcs.,442.45,11254427
2024-07-23,MSFT,Microsoft,Technology,359.71,32591215
2024-07-23,NFLX,Netflix,Communication Svcs.,569.71,5206845
2024-07-23,NVDA,NVIDIA,Technology,85.21,309622855
2024-07-23,ORCL,Oracle,Technology,151.02,12869803
2024-07-23,QCOM,Qualcomm,Technology,160.55,7835750
2024-07-23,TSLA,Tesla,Cons. Discretionary,384.76,91354984
2024-07-24,AAPL,Apple,Technology,221.88,54603618
2024-07-24,AMD,AMD,Technology,152.3,47704641
2024-07-24,AMZN,Amazon,Cons. Discretionary,191.5,53494405
2024-07-24,AVGO,Broadcom,Technology,189.44,16524467
2024-07-24,CRM,Salesforce,Technology,244.29,5521524
2024-07-24,GOOGL,Alphabet,Communication Svcs.,155.74,21747780
2024-07-24,IBM,IBM,Technology,197.2,5211124
2024-07-24,INTC,Intel,Technology,36.8,29093899
2024-07-24,META,Meta Platforms,Communication Svcs.,443.66,16775285
2024-07-24,MSFT,Microsoft,Technology,352.55,28898213
2024-07-24,NFLX,Netflix,Communication Svcs.,563.76,3437772
2024-07-24,NVDA,NVIDIA,Technology,81.57,494279114
2024-07-24,ORCL,Oracle,Technology,154.78,11348571
2024-07-24,QCOM,Qualcomm,Technology,159.12,10540159
2024-07-24,TSLA,Tesla,Cons. Discretionary,367.31,90370526
2024-07-25,AAPL,Apple,Technology,219.15,50421228
2024-07-25,AMD,AMD,Technology,149.04,40654038
2024-07-25,AMZN,Amazon,Cons. Discretionary,186.7,30489745
2024-07-25,AVGO,Broadcom,Technology,185.6,24513940
2024-07-25,CRM,Salesforce,Technology,238.01,3364269
2024-07-25,GOOGL,Alphabet,Communication Svcs.,158.69,32264418
2024-07-25,IBM,IBM,Technology,197.19,4580571
2024-07-25,INTC,Intel,Technology,37.62,34483717
2024-07-25,META,Meta Platforms,Communication Svcs.,449.06,22785017
2024-07-25,MSFT,Microsoft,Technology,360.84,23984612
2024-07-25,NFLX,Netflix,Communication Svcs.,569.59,4556092
2024-07-25,NVDA,NVIDIA,Technology,83.29,377773833
2024-07-25,ORCL,Oracle,Technology,152.01,8808991
2024-07-25,QCOM,Qualcomm,Technology,156.78,7907757
2024-07-25,TSLA,Tesla,Cons. Discretionary,372.45,108048394
2024-07-26,AAPL,Apple,Technology,212.68,78325470
2024-07-26,AMD,AMD,Technology,147.46,49269575
2024-07-26,AMZN,Amazon,Cons. Discretionary,184.23,44441564
2024-07-26,AVGO,Broadcom,Technology,180.83,25508156
2024-07-26,CRM,Salesforce,Technology,231.78,4592444
2024-07-26,GOOGL,Alphabet,Communication Svcs.,164.43,17069315
2024-07-26,IBM,IBM,Technology,196.34,2718258
2024-07-26,INTC,Intel,Technology,35.83,34713925
2024-07-26,META,Meta Platforms,Communication Svcs.,447.87,14134144
2024-07-26,MSFT,Microsoft,Technology,365.55,16887479
2024-07-26,NFLX,Netflix,Communication Svcs.,557.28,4945609
2024-07-26,NVDA,NVIDIA,Technology,84.53,206753829
2024-07-26,ORCL,Oracle,Technology,151.61,8227848
2024-07-26,QCOM,Qualcomm,Technology,153.51,7792219
2024-07-26,TSLA,Tesla,Cons. Discretionary,369.77,94574699
2024-07-29,AAPL,Apple,Technology,214.75,49162737
2024-07-29,AMD,AMD,Technology,148.41,42642752
2024-07-29,AMZN,Amazon,Cons. Discretionary,187.05,45137001
2024-07-29,AVGO,Broadcom,Technology,183.83,23727626
2024-07-29,CRM,Salesforce,Technology,227.01,3801065
2024-07-29,GOOGL,Alphabet,Communication Svcs.,171.23,22536185
2024-07-29,IBM,IBM,Technology,197.28,2723327
2024-07-29,INTC,Intel,Technology,35.64,48705840
2024-07-29,META,Meta Platforms,Communication Svcs.,437.73,9972741
2024-07-29,MSFT,Microsoft,Technology,366.8,20988810
2024-07-29,NFLX,Netflix,Communication Svcs.,543.96,3798124
2024-07-29,NVDA,NVIDIA,Technology,89.45,452943167
2024-07-29,ORCL,Oracle,Technology,157.16,9307148
2024-07-29,QCOM,Qualcomm,Technology,154.88,7245401
2024-07-29,TSLA,Tesla,Cons. Discretionary,376.47,92999826
2024-07-30,AAPL,Apple,Technology,210.05,79044489
2024-07-30,AMD,AMD,Technology,152.99,47249742
2024-07-30,AMZN,Amazon,Cons. Discretionary,189.89,71063946
2024-07-30,AVGO,Broadcom,Technology,177.5,24754471
2024-07-30,CRM,Salesforce,Technology,229.24,5320325
2024-07-30,GOOGL,Alphabet,Communication Svcs.,167.72,33715857
2024-07-30,IBM,IBM,Technology,196.06,2942005
2024-07-30,INTC,Intel,Technology,35.59,34206634
2024-07-30,META,Meta Platforms,Communication Svcs.,453.91,11129197
2024-07-30,MSFT,Microsoft,Technology,354.76,22712027
2024-07-30,NFLX,Netflix,Communication Svcs.,535.85,6412126
2024-07-30,NVDA,NVIDIA,Technology,88.87,400054922
2024-07-30,ORCL,Oracle,Technology,156.08,12246861
2024-07-30,QCOM,Qualcomm,Technology,154.47,8163831
2024-07-30,TSLA,Tesla,Cons. Discretionary,374.43,93074948
2024-07-31,AAPL,Apple,Technology,214.59,42556465
2024-07-31,AMD,AMD,Technology,153.68,72503192
2024-07-31,AMZN,Amazon,Cons. Discretionary,184.8,46072173
2024-07-31,AVGO,Broadcom,Technology,181.92,16300236
2024-07-31,CRM,Salesforce,Technology,222.79,4376821
2024-07-31,GOOGL,Alphabet,Communication Svcs.,166.07,22333193
2024-07-31,IBM,IBM,Technology,194.58,3270629
2024-07-31,INTC,Intel,Technology,34.8,26007429
2024-07-31,META,Meta Platforms,Communication Svcs.,448.01,12526391
2024-07-31,MSFT,Microsoft,Technology,365.59,31891597
2024-07-31,NFLX,Netflix,Communication Svcs.,522.32,5397124
2024-07-31,NVDA,NVIDIA,Technology,88.76,329824126
2024-07-31,ORCL,Oracle,Technology,156.2,12790286
2024-07-31,QCOM,Qualcomm,Technology,151.9,5450600
2024-07-31,TSLA,Tesla,Cons. Discretionary,374.37,135434968
2024-08-01,AAPL,Apple,Technology,216.73,74613977
2024-08-01,AMD,AMD,Technology,147.94,34953508
2024-08-01,AMZN,Amazon,Cons. Discretionary,180.88,41723663
2024-08-01,AVGO,Broadcom,Technology,181.36,11714379
2024-08-01,CRM,Salesforce,Technology,223.67,5331083
2024-08-01,GOOGL,Alphabet,Communication Svcs.,169.44,19675318
2024-08-01,IBM,IBM,Technology,191.26,4133985
2024-08-01,INTC,Intel,Technology,35.91,30641712
2024-08-01,META,Meta Platforms,Communication Svcs.,459.45,22564100
2024-08-01,MSFT,Microsoft,Technology,371.04,24706820
2024-08-01,NFLX,Netflix,Communication Svcs.,509.25,5441364
2024-08-01,NVDA,NVIDIA,Technology,89.23,612740626
2024-08-01,ORCL,Oracle,Technology,155.59,11181719
2024-08-01,QCOM,Qualcomm,Technology,150.7,6413369
2024-08-01,TSLA,Tesla,Cons. Discretionary,387.14,90169407
2024-08-02,AAPL,Apple,Technology,213.97,42401136
2024-08-02,AMD,AMD,Technology,158.89,38528787
2024-08-02,AMZN,Amazon,Cons. Discretionary,191.45,40932299
2024-08-02,AVGO,Broadcom,Technology,175.02,19873885
2024-08-02,CRM,Salesforce,Technology,227.41,6226752
2024-08-02,GOOGL,Alphabet,Communication Svcs.,170.11,26314058
2024-08-02,IBM,IBM,Technology,190.38,4586490
2024-08-02,INTC,Intel,Technology,34.69,20348189
2024-08-02,META,Meta Platforms,Communication Svcs.,467.3,16796925
2024-08-02,MSFT,Microsoft,Technology,371.62,19717950
2024-08-02,NFLX,Netflix,Communication Svcs.,518.81,5646424
2024-08-02,NVDA,NVIDIA,Technology,91.56,476732996
2024-08-02,ORCL,Oracle,Technology,158.14,9289647
2024-08-02,QCOM,Qualcomm,Technology,152.85,7993189
2024-08-02,TSLA,Tesla,Cons. Discretionary,414.3,73763583
2024-08-05,AAPL,Apple,Technology,214.99,60305771
2024-08-05,AMD,AMD,Technology,161.27,63866546
2024-08-05,AMZN,Amazon,Cons. Discretionary,198.77,43921822
2024-08-05,AVGO,Broadcom,Technology,173.48,21734734
2024-08-05,CRM,Salesforce,Technology,225.77,4757973
2024-08-05,GOOGL,Alphabet,Communication Svcs.,169.33,29963802
2024-08-05,IBM,IBM,Technology,192.92,2648287
2024-08-05,INTC,Intel,Technology,34.84,44835748
2024-08-05,META,Meta Platforms,Communication Svcs.,462.52,15462046
2024-08-05,MSFT,Microsoft,Technology,373.5,33273475
2024-08-05,NFLX,Netflix,Communication Svcs.,513.21,6371388
2024-08-05,NVDA,NVIDIA,Technology,86.88,352957243
2024-08-05,ORCL,Oracle,Technology,163.1,11412469
2024-08-05,QCOM,Qualcomm,Technology,149.92,10205652
2024-08-05,TSLA,Tesla,Cons. Discretionary,388.58,96111365
2024-08-06,AAPL,Apple,Technology,212.44,53323763
2024-08-06,AMD,AMD,Technology,163.46,51831258
2024-08-06,AMZN,Amazon,Cons. Discretionary,193.16,48789742
2024-08-06,AVGO,Broadcom,Technology,173.34,23169796
2024-08-06,CRM,Salesforce,Technology,231.22,4910493
2024-08-06,GOOGL,Alphabet,Communication Svcs.,166.18,26775687
2024-08-06,IBM,IBM,Technology,192.32,3809827
2024-08-06,INTC,Intel,Technology,33.07,34427580
2024-08-06,META,Meta Platforms,Communication Svcs.,458.58,20332030
2024-08-06,MSFT,Microsoft,Technology,386.4,20924695
2024-08-06,NFLX,Netflix,Communication Svcs.,510.82,5669469
2024-08-06,NVDA,NVIDIA,Technology,87.79,406201801
2024-08-06,ORCL,Oracle,Technology,163.85,4819644
2024-08-06,QCOM,Qualcomm,Technology,153.63,10052411
2024-08-06,TSLA,Tesla,Cons. Discretionary,391.03,87969305
2024-08-07,AAPL,Apple,Technology,212.47,99628602
2024-08-07,AMD,AMD,Technology,162.01,43357877
2024-08-07,AMZN,Amazon,Cons. Discretionary,190.66,58902371
2024-08-07,AVGO,Broadcom,Technology,175.24,18542986
2024-08-07,CRM,Salesforce,Technology,235.37,3948584
2024-08-07,GOOGL,Alphabet,Communication Svcs.,166.73,23408023
2024-08-07,IBM,IBM,Technology,189.19,3699981
2024-08-07,INTC,Intel,Technology,33.81,48039772
2024-08-07,META,Meta Platforms,Communication Svcs.,457.65,22753561
2024-08-07,MSFT,Microsoft,Technology,389.38,21526901
2024-08-07,NFLX,Netflix,Communication Svcs.,519.06,4546505
2024-08-07,NVDA,NVIDIA,Technology,89.57,324986739
2024-08-07,ORCL,Oracle,Technology,163.09,15343941
2024-08-07,QCOM,Qualcomm,Technology,153.24,7233287
2024-08-07,TSLA,Tesla,Cons. Discretionary,389.23,160519134
2024-08-08,AAPL,Apple,Technology,208.42,68266975
2024-08-08,AMD,AMD,Technology,167.57,54164245
2024-08-08,AMZN,Amazon,Cons. Discretionary,191.22,48372498
2024-08-08,AVGO,Broadcom,Technology,175.41,15126948
2024-08-08,CRM,Salesforce,Technology,229.95,4652350
2024-08-08,GOOGL,Alphabet,Communication Svcs.,165.98,18425718
2024-08-08,IBM,IBM,Technology,188.23,5122648
2024-08-08,INTC,Intel,Technology,32.96,28617775
2024-08-08,META,Meta Platforms,Communication Svcs.,445.54,17627435
2024-08-08,MSFT,Microsoft,Technology,389.78,21415441
2024-08-08,NFLX,Netflix,Communication Svcs.,528.45,5312920
2024-08-08,NVDA,NVIDIA,Technology,92.73,323081612
2024-08-08,ORCL,Oracle,Technology,158.84,8007807
2024-08-08,QCOM,Qualcomm,Technology,156.92,8164393
2024-08-08,TSLA,Tesla,Cons. Discretionary,368.51,141384768
2024-08-09,AAPL,Apple,Technology,212.57,56924763
2024-08-09,AMD,AMD,Technology,165.87,42583183
2024-08-09,AMZN,Amazon,Cons. Discretionary,192.27,52418193
2024-08-09,AVGO,Broadcom,Technology,174.12,15436524
2024-08-09,CRM,Salesforce,Technology,245.02,3987108
2024-08-09,GOOGL,Alphabet,Communication Svcs.,170.62,27377078
2024-08-09,IBM,IBM,Technology,189.33,5084624
2024-08-09,INTC,Intel,Technology,33.38,38569298
2024-08-09,META,Meta Platforms,Communication Svcs.,452.43,16270689
2024-08-09,MSFT,Microsoft,Technology,392.68,27256466
2024-08-09,NFLX,Netflix,Communication Svcs.,515.43,5301513
2024-08-09,NVDA,NVIDIA,Technology,97.66,378713608
2024-08-09,ORCL,Oracle,Technology,157.69,23177465
2024-08-09,QCOM,Qualcomm,Technology,158.42,5947179
2024-08-09,TSLA,Tesla,Cons. Discretionary,362.36,90016259
2024-08-12,AAPL,Apple,Technology,211.69,52065603
2024-08-12,AMD,AMD,Technology,157.1,59891842
2024-08-12,AMZN,Amazon,Cons. Discretionary,198.58,40045042
2024-08-12,AVGO,Broadcom,Technology,182.64,15925098
2024-08-12,CRM,Salesforce,Technology,244.03,6210866
2024-08-12,GOOGL,Alphabet,Communication Svcs.,166.76,36672379
2024-08-12,IBM,IBM,Technology,191.07,3167612
2024-08-12,INTC,Intel,Technology,31.85,37067304
2024-08-12,META,Meta Platforms,Communication Svcs.,472.16,25556757
2024-08-12,MSFT,Microsoft,Technology,394.0,18851374
2024-08-12,NFLX,Netflix,Communication Svcs.,530.36,4234027
2024-08-12,NVDA,NVIDIA,Technology,99.75,367739964
2024-08-12,ORCL,Oracle,Technology,157.06,12830790
2024-08-12,QCOM,Qualcomm,Technology,160.35,8097858
2024-08-12,TSLA,Tesla,Cons. Discretionary,359.74,95092530
2024-08-13,AAPL,Apple,Technology,217.59,63590428
2024-08-13,AMD,AMD,Technology,150.02,66917446
2024-08-13,AMZN,Amazon,Cons. Discretionary,200.3,67756318
2024-08-13,AVGO,Broadcom,Technology,183.25,15833557
2024-08-13,CRM,Salesforce,Technology,236.94,6274978
2024-08-13,GOOGL,Alphabet,Communication Svcs.,167.75,27669100
2024-08-13,IBM,IBM,Technology,188.98,3942356
2024-08-13,INTC,Intel,Technology,31.24,43909495
2024-08-13,META,Meta Platforms,Communication Svcs.,458.46,24301068
2024-08-13,MSFT,Microsoft,Technology,394.48,18809932
2024-08-13,NFLX,Netflix,Communication Svcs.,541.29,6019898
2024-08-13,NVDA,NVIDIA,Technology,97.42,482203345
2024-08-13,ORCL,Oracle,Technology,161.92,7830674
2024-08-13,QCOM,Qualcomm,Technology,156.6,7320473
2024-08-13,TSLA,Tesla,Cons. Discretionary,362.98,108794233
2024-08-14,AAPL,Apple,Technology,216.83,63674733
2024-08-14,AMD,AMD,Technology,143.11,41918378
2024-08-14,AMZN,Amazon,Cons. Discretionary,197.81,41386687
2024-08-14,AVGO,Broadcom,Technology,182.52,15191997
2024-08-14,CRM,Salesforce,Technology,240.4,4993546
2024-08-14,GOOGL,Alphabet,Communication Svcs.,173.55,14952957
2024-08-14,IBM,IBM,Technology,188.3,5186729
2024-08-14,INTC,Intel,Technology,30.51,24507628
2024-08-14,META,Meta Platforms,Communication Svcs.,478.06,20071365
2024-08-14,MSFT,Microsoft,Technology,393.98,24368942
2024-08-14,NFLX,Netflix,Communication Svcs.,547.8,7305797
2024-08-14,NVDA,NVIDIA,Technology,98.69,637556263
2024-08-14,ORCL,Oracle,Technology,167.98,11585979
2024-08-14,QCOM,Qualcomm,Technology,153.3,8966107
2024-08-14,TSLA,Tesla,Cons. Discretionary,358.41,94083983
2024-08-15,AAPL,Apple,Technology,218.17,59346280
2024-08-15,AMD,AMD,Technology,143.69,35638138
2024-08-15,AMZN,Amazon,Cons. Discretionary,204.66,42868963
2024-08-15,AVGO,Broadcom,Technology,184.35,22772800
2024-08-15,CRM,Salesforce,Technology,242.08,4239417
2024-08-15,GOOGL,Alphabet,Communication Svcs.,175.89,33355168
2024-08-15,IBM,IBM,Technology,190.51,3216311
2024-08-15,INTC,Intel,Technology,31.2,35496241
2024-08-15,META,Meta Platforms,Communication Svcs.,479.69,20229273
2024-08-15,MSFT,Microsoft,Technology,390.38,25487309
2024-08-15,NFLX,Netflix,Communication Svcs.,561.02,5161585
2024-08-15,NVDA,NVIDIA,Technology,98.17,469507916
2024-08-15,ORCL,Oracle,Technology,166.48,10234036
2024-08-15,QCOM,Qualcomm,Technology,153.89,8386634
2024-08-15,TSLA,Tesla,Cons. Discretionary,347.97,115882886
2024-08-16,AAPL,Apple,Technology,216.59,63096374
2024-08-16,AMD,AMD,Technology,143.26,78088030
2024-08-16,AMZN,Amazon,Cons. Discretionary,206.52,34234896
2024-08-16,AVGO,Broadcom,Technology,196.86,22155013
2024-08-16,CRM,Salesforce,Technology,245.59,4799793
2024-08-16,GOOGL,Alphabet,Communication Svcs.,177.84,25342817
2024-08-16,IBM,IBM,Technology,188.08,3123123
2024-08-16,INTC,Intel,Technology,30.62,47061636
2024-08-16,META,Meta Platforms,Communication Svcs.,495.75,17307627
2024-08-16,MSFT,Microsoft,Technology,396.09,19664291
2024-08-16,NFLX,Netflix,Communication Svcs.,547.31,1738436
2024-08-16,NVDA,NVIDIA,Technology,98.96,432233882
2024-08-16,ORCL,Oracle,Technology,167.35,10743977
2024-08-16,QCOM,Qualcomm,Technology,153.54,12490304
2024-08-16,TSLA,Tesla,Cons. Discretionary,369.33,76090154
2024-08-19,AAPL,Apple,Technology,219.61,69290409
2024-08-19,AMD,AMD,Technology,139.85,34855553
2024-08-19,AMZN,Amazon,Cons. Discretionary,210.48,53932277
2024-08-19,AVGO,Broadcom,Technology,194.53,14184164
2024-08-19,CRM,Salesforce,Technology,244.05,4010108
2024-08-19,GOOGL,Alphabet,Communication Svcs.,178.41,33375613
2024-08-19,IBM,IBM,Technology,189.99,3629723
2024-08-19,INTC,Intel,Technology,30.61,49321008
2024-08-19,META,Meta Platforms,Communication Svcs.,495.57,28371946
2024-08-19,MSFT,Microsoft,Technology,400.31,21083767
2024-08-19,NFLX,Netflix,Communication Svcs.,526.51,6332111
2024-08-19,NVDA,NVIDIA,Technology,101.77,420175443
2024-08-19,ORCL,Oracle,Technology,165.85,7867000
2024-08-19,QCOM,Qualcomm,Technology,153.75,9311031
2024-08-19,TSLA,Tesla,Cons. Discretionary,374.58,177197133
2024-08-20,AAPL,Apple,Technology,222.25,40637959
2024-08-20,AMD,AMD,Technology,134.02,38792482
2024-08-20,AMZN,Amazon,Cons. Discretionary,207.09,42353415
2024-08-20,AVGO,Broadcom,Technology,199.0,24060385
2024-08-20,CRM,Salesforce,Technology,253.33,5834094
2024-08-20,GOOGL,Alphabet,Communication Svcs.,179.01,20533308
2024-08-20,IBM,IBM,Technology,189.39,3540926
2024-08-20,INTC,Intel,Technology,31.53,36608680
2024-08-20,META,Meta Platforms,Communication Svcs.,491.55,28822743
2024-08-20,MSFT,Microsoft,Technology,405.26,15571644
2024-08-20,NFLX,Netflix,Communication Svcs.,540.87,6350244
2024-08-20,NVDA,NVIDIA,Technology,106.89,635073384
2024-08-20,ORCL,Oracle,Technology,161.9,11900284
2024-08-20,QCOM,Qualcomm,Technology,145.82,5928134
2024-08-20,TSLA,Tesla,Cons. Discretionary,361.74,108842168
2024-08-21,AAPL,Apple,Technology,221.93,56474474
2024-08-21,AMD,AMD,Technology,133.31,53995132
2024-08-21,AMZN,Amazon,Cons. Discretionary,200.47,42713514
2024-08-21,AVGO,Broadcom,Technology,202.65,28041339
2024-08-21,CRM,Salesforce,Technology,251.48,2548529
2024-08-21,GOOGL,Alphabet,Communication Svcs.,184.71,30840769
2024-08-21,IBM,IBM,Technology,188.55,3328172
2024-08-21,INTC,Intel,Technology,31.09,31345131
2024-08-21,META,Meta Platforms,Communication Svcs.,482.08,17980584
2024-08-21,MSFT,Microsoft,Technology,410.91,17544033
2024-08-21,NFLX,Netflix,Communication Svcs.,541.51,3459405
2024-08-21,NVDA,NVIDIA,Technology,105.44,514274389
2024-08-21,ORCL,Oracle,Technology,159.36,10998774
2024-08-21,QCOM,Qualcomm,Technology,149.44,13554589
2024-08-21,TSLA,Tesla,Cons. Discretionary,363.73,115443273
2024-08-22,AAPL,Apple,Technology,222.82,68195964
2024-08-22,AMD,AMD,Technology,133.77,45255005
2024-08-22,AMZN,Amazon,Cons. Discretionary,202.22,39313556
2024-08-22,AVGO,Broadcom,Technology,198.91,19280652
2024-08-22,CRM,Salesforce,Technology,258.79,5476221
2024-08-22,GOOGL,Alphabet,Communication Svcs.,184.95,34974218
2024-08-22,IBM,IBM,Technology,190.42,2432417
2024-08-22,INTC,Intel,Technology,30.56,34961524
2024-08-22,META,Meta Platforms,Communication Svcs.,481.14,23459221
2024-08-22,MSFT,Microsoft,Technology,409.25,26609637
2024-08-22,NFLX,Netflix,Communication Svcs.,554.78,5715708
2024-08-22,NVDA,NVIDIA,Technology,102.55,255560587
2024-08-22,ORCL,Oracle,Technology,161.95,12731309
2024-08-22,QCOM,Qualcomm,Technology,150.78,7782156
2024-08-22,TSLA,Tesla,Cons. Discretionary,359.07,144371229
2024-08-23,AAPL,Apple,Technology,218.92,74413496
2024-08-23,AMD,AMD,Technology,131.58,37079717
2024-08-23,AMZN,Amazon,Cons. Discretionary,199.87,57546888
2024-08-23,AVGO,Broadcom,Technology,203.72,20200318
2024-08-23,CRM,Salesforce,Technology,258.57,5598177
2024-08-23,GOOGL,Alphabet,Communication Svcs.,177.1,29999162
2024-08-23,IBM,IBM,Technology,191.82,2081985
2024-08-23,INTC,Intel,Technology,30.57,23690497
2024-08-23,META,Meta Platforms,Communication Svcs.,497.11,23748378
2024-08-23,MSFT,Microsoft,Technology,408.66,20070326
2024-08-23,NFLX,Netflix,Communication Svcs.,580.0,4615907
2024-08-23,NVDA,NVIDIA,Technology,103.84,385045627
2024-08-23,ORCL,Oracle,Technology,166.41,12179266
2024-08-23,QCOM,Qualcomm,Technology,148.77,9162293
2024-08-23,TSLA,Tesla,Cons. Discretionary,390.21,95482299
2024-08-26,AAPL,Apple,Technology,214.87,48796967
2024-08-26,AMD,AMD,Technology,133.31,51144680
2024-08-26,AMZN,Amazon,Cons. Discretionary,197.89,34764107
2024-08-26,AVGO,Broadcom,Technology,215.8,17493845
2024-08-26,CRM,Salesforce,Technology,269.37,4789868
2024-08-26,GOOGL,Alphabet,Communication Svcs.,179.35,23826353
2024-08-26,IBM,IBM,Technology,190.69,5272225
2024-08-26,INTC,Intel,Technology,31.08,45911471
2024-08-26,META,Meta Platforms,Communication Svcs.,525.76,19743313
2024-08-26,MSFT,Microsoft,Technology,406.09,25958410
2024-08-26,NFLX,Netflix,Communication Svcs.,599.26,6236571
2024-08-26,NVDA,NVIDIA,Technology,95.52,463920889
2024-08-26,ORCL,Oracle,Technology,168.74,7128287
2024-08-26,QCOM,Qualcomm,Technology,149.52,8075688
2024-08-26,TSLA,Tesla,Cons. Discretionary,385.21,127366795
2024-08-27,AAPL,Apple,Technology,221.06,54117374
2024-08-27,AMD,AMD,Technology,142.08,37245179
2024-08-27,AMZN,Amazon,Cons. Discretionary,195.8,48968471
2024-08-27,AVGO,Broadcom,Technology,214.29,16891752
2024-08-27,CRM,Salesforce,Technology,267.33,4653484
2024-08-27,GOOGL,Alphabet,Communication Svcs.,184.72,26847868
2024-08-27,IBM,IBM,Technology,187.91,4693973
2024-08-27,INTC,Intel,Technology,30.81,41964209
2024-08-27,META,Meta Platforms,Communication Svcs.,552.57,25595298
2024-08-27,MSFT,Microsoft,Technology,413.79,26975493
2024-08-27,NFLX,Netflix,Communication Svcs.,603.35,3012214
2024-08-27,NVDA,NVIDIA,Technology,97.85,387231373
2024-08-27,ORCL,Oracle,Technology,164.12,9010597
2024-08-27,QCOM,Qualcomm,Technology,154.97,7583943
2024-08-27,TSLA,Tesla,Cons. Discretionary,399.07,88333830
2024-08-28,AAPL,Apple,Technology,221.59,89020163
2024-08-28,AMD,AMD,Technology,142.0,29384266
2024-08-28,AMZN,Amazon,Cons. Discretionary,191.78,57476949
2024-08-28,AVGO,Broadcom,Technology,212.07,19270421
2024-08-28,CRM,Salesforce,Technology,266.03,5850675
2024-08-28,GOOGL,Alphabet,Communication Svcs.,184.07,19755588
2024-08-28,IBM,IBM,Technology,187.6,4242865
2024-08-28,INTC,Intel,Technology,31.38,38246600
2024-08-28,META,Meta Platforms,Communication Svcs.,540.18,24071234
2024-08-28,MSFT,Microsoft,Technology,410.14,14827544
2024-08-28,NFLX,Netflix,Communication Svcs.,612.74,3958962
2024-08-28,NVDA,NVIDIA,Technology,94.11,327781840
2024-08-28,ORCL,Oracle,Technology,161.88,12526260
2024-08-28,QCOM,Qualcomm,Technology,151.64,10042186
2024-08-28,TSLA,Tesla,Cons. Discretionary,393.11,57971251
2024-08-29,AAPL,Apple,Technology,216.72,107045761
2024-08-29,AMD,AMD,Technology,142.67,57577197
2024-08-29,AMZN,Amazon,Cons. Discretionary,192.77,53910066
2024-08-29,AVGO,Broadcom,Technology,213.33,26709274
2024-08-29,CRM,Salesforce,Technology,261.77,6331356
2024-08-29,GOOGL,Alphabet,Communication Svcs.,184.76,25737701
2024-08-29,IBM,IBM,Technology,189.62,5178406
2024-08-29,INTC,Intel,Technology,30.85,28779677
2024-08-29,META,Meta Platforms,Communication Svcs.,531.76,19574458
2024-08-29,MSFT,Microsoft,Technology,412.77,21313241
2024-08-29,NFLX,Netflix,Communication Svcs.,628.33,3124760
2024-08-29,NVDA,NVIDIA,Technology,93.75,438164850
2024-08-29,ORCL,Oracle,Technology,162.62,11649577
2024-08-29,QCOM,Qualcomm,Technology,157.34,5832956
2024-08-29,TSLA,Tesla,Cons. Discretionary,402.01,105102727
2024-08-30,AAPL,Apple,Technology,212.61,64005465
2024-08-30,AMD,AMD,Technology,136.41,56503440
2024-08-30,AMZN,Amazon,Cons. Discretionary,188.16,69438406
2024-08-30,AVGO,Broadcom,Technology,212.87,17236517
2024-08-30,CRM,Salesforce,Technology,269.13,3926623
2024-08-30,GOOGL,Alphabet,Communication Svcs.,179.73,31344990
2024-08-30,IBM,IBM,Technology,190.0,5777031
2024-08-30,INTC,Intel,Technology,31.2,35358504
2024-08-30,META,Meta Platforms,Communication Svcs.,542.2,16402710
2024-08-30,MSFT,Microsoft,Technology,424.05,24530202
2024-08-30,NFLX,Netflix,Communication Svcs.,593.29,7250584
2024-08-30,NVDA,NVIDIA,Technology,90.87,312459438
2024-08-30,ORCL,Oracle,Technology,159.96,7268957
2024-08-30,QCOM,Qualcomm,Technology,160.75,5892849
2024-08-30,TSLA,Tesla,Cons. Discretionary,394.64,88359459
2024-09-02,AAPL,Apple,Technology,214.68,48299408
2024-09-02,AMD,AMD,Technology,139.86,55154143
2024-09-02,AMZN,Amazon,Cons. Discretionary,189.67,47232091
2024-09-02,AVGO,Broadcom,Technology,212.12,29526269
2024-09-02,CRM,Salesforce,Technology,270.33,3573651
2024-09-02,GOOGL,Alphabet,Communication Svcs.,177.82,26114872
2024-09-02,IBM,IBM,Technology,192.93,5295596
2024-09-02,INTC,Intel,Technology,30.73,37521255
2024-09-02,META,Meta Platforms,Communication Svcs.,528.39,24973698
2024-09-02,MSFT,Microsoft,Technology,416.44,25110941
2024-09-02,NFLX,Netflix,Communication Svcs.,593.21,3362266
2024-09-02,NVDA,NVIDIA,Technology,96.07,370871901
2024-09-02,ORCL,Oracle,Technology,159.33,10326575
2024-09-02,QCOM,Qualcomm,Technology,158.73,6641320
2024-09-02,TSLA,Tesla,Cons. Discretionary,379.42,119415101
2024-09-03,AAPL,Apple,Technology,214.01,64438319
2024-09-03,AMD,AMD,Technology,143.94,31356174
2024-09-03,AMZN,Amazon,Cons. Discretionary,182.13,65963828
2024-09-03,AVGO,Broadcom,Technology,214.25,15842657
2024-09-03,CRM,Salesforce,Technology,277.4,5937671
2024-09-03,GOOGL,Alphabet,Communication Svcs.,176.41,30792755
2024-09-03,IBM,IBM,Technology,190.74,4152916
2024-09-03,INTC,Intel,Technology,31.23,35976316
2024-09-03,META,Meta Platforms,Communication Svcs.,496.84,19548149
2024-09-03,MSFT,Microsoft,Technology,413.27,19823294
2024-09-03,NFLX,Netflix,Communication Svcs.,621.55,6196292
2024-09-03,NVDA,NVIDIA,Technology,93.34,358917261
2024-09-03,ORCL,Oracle,Technology,161.42,10572379
2024-09-03,QCOM,Qualcomm,Technology,160.14,7603646
2024-09-03,TSLA,Tesla,Cons. Discretionary,378.63,110229194
2024-09-04,AAPL,Apple,Technology,209.88,76925209
2024-09-04,AMD,AMD,Technology,138.55,57538490
2024-09-04,AMZN,Amazon,Cons. Discretionary,186.18,53168477
2024-09-04,AVGO,Broadcom,Technology,222.28,18746696
2024-09-04,CRM,Salesforce,Technology,272.52,8256543
2024-09-04,GOOGL,Alphabet,Communication Svcs.,175.66,26889433
2024-09-04,IBM,IBM,Technology,192.89,5393351
2024-09-04,INTC,Intel,Technology,31.8,34095032
2024-09-04,META,Meta Platforms,Communication Svcs.,505.28,17517342
2024-09-04,MSFT,Microsoft,Technology,411.17,24762126
2024-09-04,NFLX,Netflix,Communication Svcs.,622.75,5217228
2024-09-04,NVDA,NVIDIA,Technology,91.83,570368411
2024-09-04,ORCL,Oracle,Technology,160.97,13320656
2024-09-04,QCOM,Qualcomm,Technology,161.44,4740491
2024-09-04,TSLA,Tesla,Cons. Discretionary,410.61,89153308
2024-09-05,AAPL,Apple,Technology,212.16,56467407
2024-09-05,AMD,AMD,Technology,136.9,38236824
2024-09-05,AMZN,Amazon,Cons. Discretionary,195.74,63037583
2024-09-05,AVGO,Broadcom,Technology,225.65,22553568
2024-09-05,CRM,Salesforce,Technology,265.3,4580566
2024-09-05,GOOGL,Alphabet,Communication Svcs.,177.77,20866239
2024-09-05,IBM,IBM,Technology,192.02,6112196
2024-09-05,INTC,Intel,Technology,31.69,30868493
2024-09-05,META,Meta Platforms,Communication Svcs.,488.63,20471336
2024-09-05,MSFT,Microsoft,Technology,401.07,35100743
2024-09-05,NFLX,Netflix,Communication Svcs.,631.95,4656028
2024-09-05,NVDA,NVIDIA,Technology,92.24,488767065
2024-09-05,ORCL,Oracle,Technology,156.29,9653809
2024-09-05,QCOM,Qualcomm,Technology,160.17,8190800
2024-09-05,TSLA,Tesla,Cons. Discretionary,427.3,81265261
2024-09-06,AAPL,Apple,Technology,222.58,45486398
2024-09-06,AMD,AMD,Technology,131.25,47210269
2024-09-06,AMZN,Amazon,Cons. Discretionary,195.06,53410920
2024-09-06,AVGO,Broadcom,Technology,224.46,38534927
2024-09-06,CRM,Salesforce,Technology,274.12,4686663
2024-09-06,GOOGL,Alphabet,Communication Svcs.,175.22,17182932
2024-09-06,IBM,IBM,Technology,193.58,3914341
2024-09-06,INTC,Intel,Technology,32.19,39986224
2024-09-06,META,Meta Platforms,Communication Svcs.,505.44,18948824
2024-09-06,MSFT,Microsoft,Technology,402.23,29404850
2024-09-06,NFLX,Netflix,Communication Svcs.,627.46,6709894
2024-09-06,NVDA,NVIDIA,Technology,91.41,466605842
2024-09-06,ORCL,Oracle,Technology,155.16,6778823
2024-09-06,QCOM,Qualcomm,Technology,161.5,7843300
2024-09-06,TSLA,Tesla,Cons. Discretionary,421.39,86447465
2024-09-09,AAPL,Apple,Technology,222.71,54797832
2024-09-09,AMD,AMD,Technology,137.65,44537772
2024-09-09,AMZN,Amazon,Cons. Discretionary,191.45,68041330
2024-09-09,AVGO,Broadcom,Technology,224.13,19949422
2024-09-09,CRM,Salesforce,Technology,268.06,4834167
2024-09-09,GOOGL,Alphabet,Communication Svcs.,169.11,32524731
2024-09-09,IBM,IBM,Technology,191.8,4448639
2024-09-09,INTC,Intel,Technology,31.71,50858919
2024-09-09,META,Meta Platforms,Communication Svcs.,494.34,20192520
2024-09-09,MSFT,Microsoft,Technology,400.94,18988503
2024-09-09,NFLX,Netflix,Communication Svcs.,618.68,5220564
2024-09-09,NVDA,NVIDIA,Technology,92.92,443904103
2024-09-09,ORCL,Oracle,Technology,155.67,7575208
2024-09-09,QCOM,Qualcomm,Technology,162.27,8802036
2024-09-09,TSLA,Tesla,Cons. Discretionary,446.63,89214294
2024-09-10,AAPL,Apple,Technology,226.45,58016619
2024-09-10,AMD,AMD,Technology,132.54,41107688
2024-09-10,AMZN,Amazon,Cons. Discretionary,188.4,49792891
2024-09-10,AVGO,Broadcom,Technology,221.01,24783330
2024-09-10,CRM,Salesforce,Technology,273.0,3666322
2024-09-10,GOOGL,Alphabet,Communication Svcs.,170.46,26645076
2024-09-10,IBM,IBM,Technology,190.24,3813393
2024-09-10,INTC,Intel,Technology,31.77,32445319
2024-09-10,META,Meta Platforms,Communication Svcs.,482.41,27178114
2024-09-10,MSFT,Microsoft,Technology,397.49,45299987
2024-09-10,NFLX,Netflix,Communication Svcs.,626.38,4142500
2024-09-10,NVDA,NVIDIA,Technology,92.28,354967217
2024-09-10,ORCL,Oracle,Technology,155.59,8726135
2024-09-10,QCOM,Qualcomm,Technology,163.81,10210975
2024-09-10,TSLA,Tesla,Cons. Discretionary,425.99,134917804
2024-09-11,AAPL,Apple,Technology,225.29,50864530
2024-09-11,AMD,AMD,Technology,130.13,63440718
2024-09-11,AMZN,Amazon,Cons. Discretionary,196.35,82850343
2024-09-11,AVGO,Broadcom,Technology,214.27,24147499
2024-09-11,CRM,Salesforce,Technology,268.68,3336021
2024-09-11,GOOGL,Alphabet,Communication Svcs.,170.37,41964798
2024-09-11,IBM,IBM,Technology,186.04,3829903
2024-09-11,INTC,Intel,Technology,31.99,70745845
2024-09-11,META,Meta Platforms,Communication Svcs.,494.57,39902336
2024-09-11,MSFT,Microsoft,Technology,396.52,31420793
2024-09-11,NFLX,Netflix,Communication Svcs.,634.97,3550116
2024-09-11,NVDA,NVIDIA,Technology,93.67,378554885
2024-09-11,ORCL,Oracle,Technology,155.05,5940781
2024-09-11,QCOM,Qualcomm,Technology,158.77,7238048
2024-09-11,TSLA,Tesla,Cons. Discretionary,416.47,117157944
2024-09-12,AAPL,Apple,Technology,227.79,64280796
2024-09-12,AMD,AMD,Technology,131.12,41811356
2024-09-12,AMZN,Amazon,Cons. Discretionary,194.56,56773837
2024-09-12,AVGO,Broadcom,Technology,203.32,15527041
2024-09-12,CRM,Salesforce,Technology,265.07,4723088
2024-09-12,GOOGL,Alphabet,Communication Svcs.,168.09,30422452
2024-09-12,IBM,IBM,Technology,187.77,4833177
2024-09-12,INTC,Intel,Technology,31.44,35343469
2024-09-12,META,Meta Platforms,Communication Svcs.,502.19,24549217
2024-09-12,MSFT,Microsoft,Technology,397.75,24081524
2024-09-12,NFLX,Netflix,Communication Svcs.,641.65,2579837
2024-09-12,NVDA,NVIDIA,Technology,92.8,626905241
2024-09-12,ORCL,Oracle,Technology,161.58,11334501
2024-09-12,QCOM,Qualcomm,Technology,163.5,5221406
2024-09-12,TSLA,Tesla,Cons. Discretionary,414.78,82422232
2024-09-13,AAPL,Apple,Technology,227.98,46048943
2024-09-13,AMD,AMD,Technology,132.4,79743685
2024-09-13,AMZN,Amazon,Cons. Discretionary,198.77,39485599
2024-09-13,AVGO,Broadcom,Technology,202.13,16797766
2024-09-13,CRM,Salesforce,Technology,262.96,4592916
2024-09-13,GOOGL,Alphabet,Communication Svcs.,166.87,26919263
2024-09-13,IBM,IBM,Technology,184.84,2954464
2024-09-13,INTC,Intel,Technology,32.24,30018997
2024-09-13,META,Meta Platforms,Communication Svcs.,499.73,21100591
2024-09-13,MSFT,Microsoft,Technology,399.07,17869512
2024-09-13,NFLX,Netflix,Communication Svcs.,662.05,4141033
2024-09-13,NVDA,NVIDIA,Technology,94.3,522465989
2024-09-13,ORCL,Oracle,Technology,163.05,10317839
2024-09-13,QCOM,Qualcomm,Technology,160.89,6598965
2024-09-13,TSLA,Tesla,Cons. Discretionary,402.87,126229020
2024-09-16,AAPL,Apple,Technology,225.43,71031088
2024-09-16,AMD,AMD,Technology,129.8,50692357
2024-09-16,AMZN,Amazon,Cons. Discretionary,207.25,70767404
2024-09-16,AVGO,Broadcom,Technology,206.24,27127317
2024-09-16,CRM,Salesforce,Technology,258.28,5267554
2024-09-16,GOOGL,Alphabet,Communication Svcs.,169.1,38373175
2024-09-16,IBM,IBM,Technology,188.44,2514458
2024-09-16,INTC,Intel,Technology,32.41,47708864
2024-09-16,META,Meta Platforms,Communication Svcs.,522.66,19825401
2024-09-16,MSFT,Microsoft,Technology,407.67,25630867
2024-09-16,NFLX,Netflix,Communication Svcs.,649.92,5103520
2024-09-16,NVDA,NVIDIA,Technology,97.54,578628151
2024-09-16,ORCL,Oracle,Technology,164.04,7805877
2024-09-16,QCOM,Qualcomm,Technology,163.71,10404357
2024-09-16,TSLA,Tesla,Cons. Discretionary,370.37,104447499
2024-09-17,AAPL,Apple,Technology,229.73,71713379
2024-09-17,AMD,AMD,Technology,135.94,35670420
2024-09-17,AMZN,Amazon,Cons. Discretionary,213.55,49708688
2024-09-17,AVGO,Broadcom,Technology,206.37,12825143
2024-09-17,CRM,Salesforce,Technology,256.39,3492005
2024-09-17,GOOGL,Alphabet,Communication Svcs.,167.53,24117027
2024-09-17,IBM,IBM,Technology,186.84,4398937
2024-09-17,INTC,Intel,Technology,32.1,24310833
2024-09-17,META,Meta Platforms,Communication Svcs.,506.59,16931867
2024-09-17,MSFT,Microsoft,Technology,416.44,8727096
2024-09-17,NFLX,Netflix,Communication Svcs.,636.36,8351303
2024-09-17,NVDA,NVIDIA,Technology,94.82,486914210
2024-09-17,ORCL,Oracle,Technology,168.16,7729805
2024-09-17,QCOM,Qualcomm,Technology,160.0,10923872
2024-09-17,TSLA,Tesla,Cons. Discretionary,381.78,76058340
2024-09-18,AAPL,Apple,Technology,226.37,58959415
2024-09-18,AMD,AMD,Technology,131.7,40848177
2024-09-18,AMZN,Amazon,Cons. Discretionary,211.27,45961746
2024-09-18,AVGO,Broadcom,Technology,204.5,16592196
2024-09-18,CRM,Salesforce,Technology,261.78,7749031
2024-09-18,GOOGL,Alphabet,Communication Svcs.,163.59,19725712
2024-09-18,IBM,IBM,Technology,187.89,5501215
2024-09-18,INTC,Intel,Technology,31.85,18075243
2024-09-18,META,Meta Platforms,Communication Svcs.,487.22,38151126
2024-09-18,MSFT,Microsoft,Technology,417.64,23665069
2024-09-18,NFLX,Netflix,Communication Svcs.,646.59,4547662
2024-09-18,NVDA,NVIDIA,Technology,91.27,322957973
2024-09-18,ORCL,Oracle,Technology,168.37,8521542
2024-09-18,QCOM,Qualcomm,Technology,163.21,8071633
2024-09-18,TSLA,Tesla,Cons. Discretionary,388.27,89605428
2024-09-19,AAPL,Apple,Technology,227.56,54582605
2024-09-19,AMD,AMD,Technology,134.82,32379086
2024-09-19,AMZN,Amazon,Cons. Discretionary,217.17,31654082
2024-09-19,AVGO,Broadcom,Technology,194.53,18527611
2024-09-19,CRM,Salesforce,Technology,264.92,5128866
2024-09-19,GOOGL,Alphabet,Communication Svcs.,163.03,22454651
2024-09-19,IBM,IBM,Technology,185.07,3788583
2024-09-19,INTC,Intel,Technology,32.71,37965134
2024-09-19,META,Meta Platforms,Communication Svcs.,502.85,18061827
2024-09-19,MSFT,Microsoft,Technology,422.37,20944626
2024-09-19,NFLX,Netflix,Communication Svcs.,660.91,5171212
2024-09-19,NVDA,NVIDIA,Technology,96.39,541825471
2024-09-19,ORCL,Oracle,Technology,169.1,10005195
2024-09-19,QCOM,Qualcomm,Technology,162.92,5652600
2024-09-19,TSLA,Tesla,Cons. Discretionary,382.83,96831842
2024-09-20,AAPL,Apple,Technology,222.81,48426631
2024-09-20,AMD,AMD,Technology,130.94,52659066
2024-09-20,AMZN,Amazon,Cons. Discretionary,216.52,65728561
2024-09-20,AVGO,Broadcom,Technology,191.51,18364156
2024-09-20,CRM,Salesforce,Technology,256.88,4451267
2024-09-20,GOOGL,Alphabet,Communication Svcs.,164.01,23132627
2024-09-20,IBM,IBM,Technology,186.44,4395909
2024-09-20,INTC,Intel,Technology,32.36,35639759
2024-09-20,META,Meta Platforms,Communication Svcs.,491.77,34999377
2024-09-20,MSFT,Microsoft,Technology,425.59,21980721
2024-09-20,NFLX,Netflix,Communication Svcs.,623.39,5574413
2024-09-20,NVDA,NVIDIA,Technology,97.91,429162749
2024-09-20,ORCL,Oracle,Technology,169.55,7656528
2024-09-20,QCOM,Qualcomm,Technology,168.4,10749680
2024-09-20,TSLA,Tesla,Cons. Discretionary,375.19,131810005
2024-09-23,AAPL,Apple,Technology,223.87,52391053
2024-09-23,AMD,AMD,Technology,131.82,57297754
2024-09-23,AMZN,Amazon,Cons. Discretionary,219.15,46486377
2024-09-23,AVGO,Broadcom,Technology,190.2,24940495
2024-09-23,CRM,Salesforce,Technology,251.81,4726181
2024-09-23,GOOGL,Alphabet,Communication Svcs.,165.71,26772780
2024-09-23,IBM,IBM,Technology,184.4,3978620
2024-09-23,INTC,Intel,Technology,31.63,30606046
2024-09-23,META,Meta Platforms,Communication Svcs.,487.11,17865376
2024-09-23,MSFT,Microsoft,Technology,430.24,27926126
2024-09-23,NFLX,Netflix,Communication Svcs.,632.42,6725063
2024-09-23,NVDA,NVIDIA,Technology,98.24,494131043
2024-09-23,ORCL,Oracle,Technology,171.46,9535178
2024-09-23,QCOM,Qualcomm,Technology,163.73,6500805
2024-09-23,TSLA,Tesla,Cons. Discretionary,393.01,98835612
2024-09-24,AAPL,Apple,Technology,226.54,62792191
2024-09-24,AMD,AMD,Technology,137.12,65630531
2024-09-24,AMZN,Amazon,Cons. Discretionary,218.46,62537265
2024-09-24,AVGO,Broadcom,Technology,194.17,22102823
2024-09-24,CRM,Salesforce,Technology,256.14,7289185
2024-09-24,GOOGL,Alphabet,Communication Svcs.,169.24,34234507
2024-09-24,IBM,IBM,Technology,185.38,2397078
2024-09-24,INTC,Intel,Technology,31.95,47257762
2024-09-24,META,Meta Platforms,Communication Svcs.,489.24,21533929
2024-09-24,MSFT,Microsoft,Technology,433.1,29799100
2024-09-24,NFLX,Netflix,Communication Svcs.,639.67,7734865
2024-09-24,NVDA,NVIDIA,Technology,99.21,435049306
2024-09-24,ORCL,Oracle,Technology,174.05,9058662
2024-09-24,QCOM,Qualcomm,Technology,164.12,6757514
2024-09-24,TSLA,Tesla,Cons. Discretionary,396.74,79018927
2024-09-25,AAPL,Apple,Technology,225.52,70976730
2024-09-25,AMD,AMD,Technology,135.37,45049915
2024-09-25,AMZN,Amazon,Cons. Discretionary,214.89,52536537
2024-09-25,AVGO,Broadcom,Technology,200.65,11478174
2024-09-25,CRM,Salesforce,Technology,252.6,5519575
2024-09-25,GOOGL,Alphabet,Communication Svcs.,167.7,27209656
2024-09-25,IBM,IBM,Technology,183.83,6133356
2024-09-25,INTC,Intel,Technology,32.4,30200342
2024-09-25,META,Meta Platforms,Communication Svcs.,477.47,22473112
2024-09-25,MSFT,Microsoft,Technology,442.73,23333921
2024-09-25,NFLX,Netflix,Communication Svcs.,620.02,6701449
2024-09-25,NVDA,NVIDIA,Technology,106.71,663710779
2024-09-25,ORCL,Oracle,Technology,175.53,9942457
2024-09-25,QCOM,Qualcomm,Technology,164.81,7175693
2024-09-25,TSLA,Tesla,Cons. Discretionary,417.51,74127327
2024-09-26,AAPL,Apple,Technology,227.55,70038640
2024-09-26,AMD,AMD,Technology,133.87,53203255
2024-09-26,AMZN,Amazon,Cons. Discretionary,210.62,56836251
2024-09-26,AVGO,Broadcom,Technology,197.42,25036668
2024-09-26,CRM,Salesforce,Technology,243.88,5457084
2024-09-26,GOOGL,Alphabet,Communication Svcs.,163.44,32097528
2024-09-26,IBM,IBM,Technology,183.02,3425186
2024-09-26,INTC,Intel,Technology,33.45,28428389
2024-09-26,META,Meta Platforms,Communication Svcs.,487.77,17996947
2024-09-26,MSFT,Microsoft,Technology,437.31,13390209
2024-09-26,NFLX,Netflix,Communication Svcs.,602.83,6271844
2024-09-26,NVDA,NVIDIA,Technology,106.91,347042133
2024-09-26,ORCL,Oracle,Technology,172.16,8142699
2024-09-26,QCOM,Qualcomm,Technology,166.43,6242455
2024-09-26,TSLA,Tesla,Cons. Discretionary,404.69,80320885
2024-09-27,AAPL,Apple,Technology,227.83,54351126
2024-09-27,AMD,AMD,Technology,138.9,44364629
2024-09-27,AMZN,Amazon,Cons. Discretionary,209.87,84224389
2024-09-27,AVGO,Broadcom,Technology,201.74,18811763
2024-09-27,CRM,Salesforce,Technology,236.85,5736795
2024-09-27,GOOGL,Alphabet,Communication Svcs.,165.66,24359633
2024-09-27,IBM,IBM,Technology,180.45,3130819
2024-09-27,INTC,Intel,Technology,33.82,29935050
2024-09-27,META,Meta Platforms,Communication Svcs.,508.9,20273779
2024-09-27,MSFT,Microsoft,Technology,433.9,39453752
2024-09-27,NFLX,Netflix,Communication Svcs.,597.01,3973120
2024-09-27,NVDA,NVIDIA,Technology,105.74,407922903
2024-09-27,ORCL,Oracle,Technology,170.02,12929241
2024-09-27,QCOM,Qualcomm,Technology,162.24,10298576
2024-09-27,TSLA,Tesla,Cons. Discretionary,414.12,96907164
2024-09-30,AAPL,Apple,Technology,226.03,59086158
2024-09-30,AMD,AMD,Technology,141.57,63655187
2024-09-30,AMZN,Amazon,Cons. Discretionary,210.51,47008157
2024-09-30,AVGO,Broadcom,Technology,204.02,19732775
2024-09-30,CRM,Salesforce,Technology,240.05,5147348
2024-09-30,GOOGL,Alphabet,Communication Svcs.,165.79,22201807
2024-09-30,IBM,IBM,Technology,179.52,3156101
2024-09-30,INTC,Intel,Technology,34.06,50716987
2024-09-30,META,Meta Platforms,Communication Svcs.,512.08,30306115
2024-09-30,MSFT,Microsoft,Technology,437.3,22215005
2024-09-30,NFLX,Netflix,Communication Svcs.,589.95,5535974
2024-09-30,NVDA,NVIDIA,Technology,105.52,542526204
2024-09-30,ORCL,Oracle,Technology,170.95,14901805
2024-09-30,QCOM,Qualcomm,Technology,161.19,9611401
2024-09-30,TSLA,Tesla,Cons. Discretionary,411.92,101545541
2024-10-01,AAPL,Apple,Technology,231.25,60640890
2024-10-01,AMD,AMD,Technology,140.94,61982823
2024-10-01,AMZN,Amazon,Cons. Discretionary,207.08,31137209
2024-10-01,AVGO,Broadcom,Technology,207.2,27602361
2024-10-01,CRM,Salesforce,Technology,238.52,4652710
2024-10-01,GOOGL,Alphabet,Communication Svcs.,168.46,27460802
2024-10-01,IBM,IBM,Technology,179.57,4705522
2024-10-01,INTC,Intel,Technology,32.2,36605677
2024-10-01,META,Meta Platforms,Communication Svcs.,518.7,16993352
2024-10-01,MSFT,Microsoft,Technology,432.13,29273525
2024-10-01,NFLX,Netflix,Communication Svcs.,605.91,5953774
2024-10-01,NVDA,NVIDIA,Technology,102.63,257129559
2024-10-01,ORCL,Oracle,Technology,172.98,11200945
2024-10-01,QCOM,Qualcomm,Technology,163.71,9358563
2024-10-01,TSLA,Tesla,Cons. Discretionary,424.28,112597477
2024-10-02,AAPL,Apple,Technology,230.1,45385932
2024-10-02,AMD,AMD,Technology,140.75,63513785
2024-10-02,AMZN,Amazon,Cons. Discretionary,210.69,64918983
2024-10-02,AVGO,Broadcom,Technology,207.45,21870981
2024-10-02,CRM,Salesforce,Technology,234.78,4463443
2024-10-02,GOOGL,Alphabet,Communication Svcs.,168.81,16563604
2024-10-02,IBM,IBM,Technology,178.39,4656352
2024-10-02,INTC,Intel,Technology,32.05,30830496
2024-10-02,META,Meta Platforms,Communication Svcs.,526.09,22031236
2024-10-02,MSFT,Microsoft,Technology,435.17,21789515
2024-10-02,NFLX,Netflix,Communication Svcs.,617.44,7104087
2024-10-02,NVDA,NVIDIA,Technology,100.56,303799800
2024-10-02,ORCL,Oracle,Technology,170.84,12646430
2024-10-02,QCOM,Qualcomm,Technology,163.36,7501587
2024-10-02,TSLA,Tesla,Cons. Discretionary,402.88,81345016
2024-10-03,AAPL,Apple,Technology,230.39,59105029
2024-10-03,AMD,AMD,Technology,136.54,59750155
2024-10-03,AMZN,Amazon,Cons. Discretionary,208.5,68907930
2024-10-03,AVGO,Broadcom,Technology,208.08,24029998
2024-10-03,CRM,Salesforce,Technology,241.92,4837475
2024-10-03,GOOGL,Alphabet,Communication Svcs.,166.77,17384756
2024-10-03,IBM,IBM,Technology,175.62,3371271
2024-10-03,INTC,Intel,Technology,33.43,25759078
2024-10-03,META,Meta Platforms,Communication Svcs.,510.72,19052834
2024-10-03,MSFT,Microsoft,Technology,439.59,24321532
2024-10-03,NFLX,Netflix,Communication Svcs.,636.41,3787709
2024-10-03,NVDA,NVIDIA,Technology,102.06,502464164
2024-10-03,ORCL,Oracle,Technology,174.92,7515200
2024-10-03,QCOM,Qualcomm,Technology,165.85,6997758
2024-10-03,TSLA,Tesla,Cons. Discretionary,413.89,56875548
2024-10-04,AAPL,Apple,Technology,231.91,68766364
2024-10-04,AMD,AMD,Technology,139.51,48273624
2024-10-04,AMZN,Amazon,Cons. Discretionary,211.73,48929904
2024-10-04,AVGO,Broadcom,Technology,210.99,29478720
2024-10-04,CRM,Salesforce,Technology,241.41,4878279
2024-10-04,GOOGL,Alphabet,Communication Svcs.,170.6,23975009
2024-10-04,IBM,IBM,Technology,175.8,3522276
2024-10-04,INTC,Intel,Technology,31.9,27427178
2024-10-04,META,Meta Platforms,Communication Svcs.,484.42,15080749
2024-10-04,MSFT,Microsoft,Technology,441.34,38939963
2024-10-04,NFLX,Netflix,Communication Svcs.,656.9,4897549
2024-10-04,NVDA,NVIDIA,Technology,104.73,437165257
2024-10-04,ORCL,Oracle,Technology,179.7,8444070
2024-10-04,QCOM,Qualcomm,Technology,163.04,9892201
2024-10-04,TSLA,Tesla,Cons. Discretionary,406.33,118591622
2024-10-07,AAPL,Apple,Technology,235.77,46921664
2024-10-07,AMD,AMD,Technology,146.36,62109126
2024-10-07,AMZN,Amazon,Cons. Discretionary,213.3,36391357
2024-10-07,AVGO,Broadcom,Technology,211.21,28991204
2024-10-07,CRM,Salesforce,Technology,239.73,4938258
2024-10-07,GOOGL,Alphabet,Communication Svcs.,174.14,14300250
2024-10-07,IBM,IBM,Technology,175.21,3116437
2024-10-07,INTC,Intel,Technology,31.49,39683306
2024-10-07,META,Meta Platforms,Communication Svcs.,478.98,19980876
2024-10-07,MSFT,Microsoft,Technology,425.15,26659059
2024-10-07,NFLX,Netflix,Communication Svcs.,652.0,5326493
2024-10-07,NVDA,NVIDIA,Technology,105.93,389149028
2024-10-07,ORCL,Oracle,Technology,181.53,8358172
2024-10-07,QCOM,Qualcomm,Technology,158.78,10501781
2024-10-07,TSLA,Tesla,Cons. Discretionary,405.68,85066734
2024-10-08,AAPL,Apple,Technology,237.15,61083076
2024-10-08,AMD,AMD,Technology,150.76,37736556
2024-10-08,AMZN,Amazon,Cons. Discretionary,217.62,63913893
2024-10-08,AVGO,Broadcom,Technology,212.48,16679415
2024-10-08,CRM,Salesforce,Technology,240.7,4715404
2024-10-08,GOOGL,Alphabet,Communication Svcs.,173.8,23213927
2024-10-08,IBM,IBM,Technology,175.0,4719438
2024-10-08,INTC,Intel,Technology,30.9,55959673
2024-10-08,META,Meta Platforms,Communication Svcs.,493.95,20265386
2024-10-08,MSFT,Microsoft,Technology,415.44,18308681
2024-10-08,NFLX,Netflix,Communication Svcs.,671.92,3474655
2024-10-08,NVDA,NVIDIA,Technology,98.35,420802283
2024-10-08,ORCL,Oracle,Technology,183.59,8583011
2024-10-08,QCOM,Qualcomm,Technology,159.48,4254735
2024-10-08,TSLA,Tesla,Cons. Discretionary,370.18,80056878
2024-10-09,AAPL,Apple,Technology,244.04,65658656
2024-10-09,AMD,AMD,Technology,144.75,39634965
2024-10-09,AMZN,Amazon,Cons. Discretionary,217.49,57723543
2024-10-09,AVGO,Broadcom,Technology,207.15,24158712
2024-10-09,CRM,Salesforce,Technology,240.05,4592915
2024-10-09,GOOGL,Alphabet,Communication Svcs.,174.24,24254050
2024-10-09,IBM,IBM,Technology,174.21,3256013
2024-10-09,INTC,Intel,Technology,30.8,32927205
2024-10-09,META,Meta Platforms,Communication Svcs.,494.26,24979614
2024-10-09,MSFT,Microsoft,Technology,428.89,27639185
2024-10-09,NFLX,Netflix,Communication Svcs.,676.1,6930505
2024-10-09,NVDA,NVIDIA,Technology,99.21,710555007
2024-10-09,ORCL,Oracle,Technology,184.5,8992008
2024-10-09,QCOM,Qualcomm,Technology,161.82,14693251
2024-10-09,TSLA,Tesla,Cons. Discretionary,351.97,82807987
2024-10-10,AAPL,Apple,Technology,242.68,60781588
2024-10-10,AMD,AMD,Technology,150.92,54881268
2024-10-10,AMZN,Amazon,Cons. Discretionary,215.83,45700479
2024-10-10,AVGO,Broadcom,Technology,200.59,32665812
2024-10-10,CRM,Salesforce,Technology,237.96,5886924
2024-10-10,GOOGL,Alphabet,Communication Svcs.,173.37,28168138
2024-10-10,IBM,IBM,Technology,173.64,5744629
2024-10-10,INTC,Intel,Technology,30.53,18240710
2024-10-10,META,Meta Platforms,Communication Svcs.,496.95,20208322
2024-10-10,MSFT,Microsoft,Technology,429.93,20297450
2024-10-10,NFLX,Netflix,Communication Svcs.,667.71,3596636
2024-10-10,NVDA,NVIDIA,Technology,105.44,530014465
2024-10-10,ORCL,Oracle,Technology,185.83,6813345
2024-10-10,QCOM,Qualcomm,Technology,160.5,5994017
2024-10-10,TSLA,Tesla,Cons. Discretionary,359.38,98737983
2024-10-11,AAPL,Apple,Technology,240.91,39846600
2024-10-11,AMD,AMD,Technology,154.4,36913437
2024-10-11,AMZN,Amazon,Cons. Discretionary,213.46,66088744
2024-10-11,AVGO,Broadcom,Technology,199.54,12526230
2024-10-11,CRM,Salesforce,Technology,245.36,5189555
2024-10-11,GOOGL,Alphabet,Communication Svcs.,172.56,35258093
2024-10-11,IBM,IBM,Technology,174.72,4903131
2024-10-11,INTC,Intel,Technology,30.33,38611506
2024-10-11,META,Meta Platforms,Communication Svcs.,484.73,16593226
2024-10-11,MSFT,Microsoft,Technology,426.73,19264463
2024-10-11,NFLX,Netflix,Communication Svcs.,667.78,5569495
2024-10-11,NVDA,NVIDIA,Technology,104.96,359108285
2024-10-11,ORCL,Oracle,Technology,186.65,9010326
2024-10-11,QCOM,Qualcomm,Technology,158.94,7477712
2024-10-11,TSLA,Tesla,Cons. Discretionary,338.02,124792551
2024-10-14,AAPL,Apple,Technology,244.51,57914889
2024-10-14,AMD,AMD,Technology,157.92,69070344
2024-10-14,AMZN,Amazon,Cons. Discretionary,211.61,42461823
2024-10-14,AVGO,Broadcom,Technology,208.16,24997113
2024-10-14,CRM,Salesforce,Technology,248.14,3429388
2024-10-14,GOOGL,Alphabet,Communication Svcs.,168.25,16430743
2024-10-14,IBM,IBM,Technology,172.39,4493805
2024-10-14,INTC,Intel,Technology,30.08,54312079
2024-10-14,META,Meta Platforms,Communication Svcs.,480.4,23946203
2024-10-14,MSFT,Microsoft,Technology,429.32,22197340
2024-10-14,NFLX,Netflix,Communication Svcs.,667.92,5278138
2024-10-14,NVDA,NVIDIA,Technology,101.38,451027443
2024-10-14,ORCL,Oracle,Technology,186.26,11943347
2024-10-14,QCOM,Qualcomm,Technology,161.95,7968250
2024-10-14,TSLA,Tesla,Cons. Discretionary,353.62,110818916
2024-10-15,AAPL,Apple,Technology,243.25,50062907
2024-10-15,AMD,AMD,Technology,160.22,52118645
2024-10-15,AMZN,Amazon,Cons. Discretionary,210.99,58180293
2024-10-15,AVGO,Broadcom,Technology,201.66,14996447
2024-10-15,CRM,Salesforce,Technology,241.47,5186811
2024-10-15,GOOGL,Alphabet,Communication Svcs.,169.43,47350801
2024-10-15,IBM,IBM,Technology,171.86,6497765
2024-10-15,INTC,Intel,Technology,29.87,30355571
2024-10-15,META,Meta Platforms,Communication Svcs.,450.32,18426117
2024-10-15,MSFT,Microsoft,Technology,444.4,18620643
2024-10-15,NFLX,Netflix,Communication Svcs.,675.78,5007600
2024-10-15,NVDA,NVIDIA,Technology,101.32,482280084
2024-10-15,ORCL,Oracle,Technology,183.88,10490854
2024-10-15,QCOM,Qualcomm,Technology,163.04,8083698
2024-10-15,TSLA,Tesla,Cons. Discretionary,343.72,89949929
2024-10-16,AAPL,Apple,Technology,245.52,62530467
2024-10-16,AMD,AMD,Technology,161.1,42617998
2024-10-16,AMZN,Amazon,Cons. Discretionary,203.12,54706394
2024-10-16,AVGO,Broadcom,Technology,198.75,20648057
2024-10-16,CRM,Salesforce,Technology,247.41,5678201
2024-10-16,GOOGL,Alphabet,Communication Svcs.,168.02,20747009
2024-10-16,IBM,IBM,Technology,174.94,3757374
2024-10-16,INTC,Intel,Technology,28.97,35732409
2024-10-16,META,Meta Platforms,Communication Svcs.,440.29,26781379
2024-10-16,MSFT,Microsoft,Technology,441.82,28777106
2024-10-16,NFLX,Netflix,Communication Svcs.,645.69,4326581
2024-10-16,NVDA,NVIDIA,Technology,99.93,398669353
2024-10-16,ORCL,Oracle,Technology,183.39,10291932
2024-10-16,QCOM,Qualcomm,Technology,164.26,6792564
2024-10-16,TSLA,Tesla,Cons. Discretionary,353.78,77158364
2024-10-17,AAPL,Apple,Technology,254.96,50554183
2024-10-17,AMD,AMD,Technology,158.44,40455506
2024-10-17,AMZN,Amazon,Cons. Discretionary,207.84,45491157
2024-10-17,AVGO,Broadcom,Technology,194.77,23903181
2024-10-17,CRM,Salesforce,Technology,248.3,6119675
2024-10-17,GOOGL,Alphabet,Communication Svcs.,167.41,16056614
2024-10-17,IBM,IBM,Technology,174.64,4222099
2024-10-17,INTC,Intel,Technology,28.98,36825231
2024-10-17,META,Meta Platforms,Communication Svcs.,443.66,16461976
2024-10-17,MSFT,Microsoft,Technology,443.3,30065120
2024-10-17,NFLX,Netflix,Communication Svcs.,643.43,5664115
2024-10-17,NVDA,NVIDIA,Technology,100.28,456049878
2024-10-17,ORCL,Oracle,Technology,182.73,7876588
2024-10-17,QCOM,Qualcomm,Technology,165.62,11041722
2024-10-17,TSLA,Tesla,Cons. Discretionary,358.42,129360829
2024-10-18,AAPL,Apple,Technology,253.12,66511815
2024-10-18,AMD,AMD,Technology,156.08,40965968
2024-10-18,AMZN,Amazon,Cons. Discretionary,206.13,57887843
2024-10-18,AVGO,Broadcom,Technology,191.32,14622159
2024-10-18,CRM,Salesforce,Technology,250.21,5928014
2024-10-18,GOOGL,Alphabet,Communication Svcs.,167.01,23855249
2024-10-18,IBM,IBM,Technology,175.51,3280367
2024-10-18,INTC,Intel,Technology,29.01,43263615
2024-10-18,META,Meta Platforms,Communication Svcs.,436.48,20137878
2024-10-18,MSFT,Microsoft,Technology,450.39,28258366
2024-10-18,NFLX,Netflix,Communication Svcs.,626.51,3732447
2024-10-18,NVDA,NVIDIA,Technology,104.91,326321971
2024-10-18,ORCL,Oracle,Technology,182.55,8086990
2024-10-18,QCOM,Qualcomm,Technology,160.04,7991166
2024-10-18,TSLA,Tesla,Cons. Discretionary,366.5,104590403
2024-10-21,AAPL,Apple,Technology,250.37,68424538
2024-10-21,AMD,AMD,Technology,155.04,33896023
2024-10-21,AMZN,Amazon,Cons. Discretionary,214.48,72117778
2024-10-21,AVGO,Broadcom,Technology,188.56,24909033
2024-10-21,CRM,Salesforce,Technology,256.42,3053100
2024-10-21,GOOGL,Alphabet,Communication Svcs.,170.49,32708124
2024-10-21,IBM,IBM,Technology,173.67,3028319
2024-10-21,INTC,Intel,Technology,29.21,43755902
2024-10-21,META,Meta Platforms,Communication Svcs.,424.47,18837004
2024-10-21,MSFT,Microsoft,Technology,456.51,28945077
2024-10-21,NFLX,Netflix,Communication Svcs.,619.59,4803974
2024-10-21,NVDA,NVIDIA,Technology,100.8,362009422
2024-10-21,ORCL,Oracle,Technology,180.24,15563077
2024-10-21,QCOM,Qualcomm,Technology,159.39,8248131
2024-10-21,TSLA,Tesla,Cons. Discretionary,345.04,70030062
2024-10-22,AAPL,Apple,Technology,249.08,65846617
2024-10-22,AMD,AMD,Technology,165.1,53126806
2024-10-22,AMZN,Amazon,Cons. Discretionary,213.9,43842984
2024-10-22,AVGO,Broadcom,Technology,191.25,22617865
2024-10-22,CRM,Salesforce,Technology,251.07,3784706
2024-10-22,GOOGL,Alphabet,Communication Svcs.,168.7,23015535
2024-10-22,IBM,IBM,Technology,175.7,6283782
2024-10-22,INTC,Intel,Technology,29.48,29553522
2024-10-22,META,Meta Platforms,Communication Svcs.,427.6,19196148
2024-10-22,MSFT,Microsoft,Technology,449.08,32519590
2024-10-22,NFLX,Netflix,Communication Svcs.,616.08,5545042
2024-10-22,NVDA,NVIDIA,Technology,101.15,422187674
2024-10-22,ORCL,Oracle,Technology,183.92,9969241
2024-10-22,QCOM,Qualcomm,Technology,161.58,8133615
2024-10-22,TSLA,Tesla,Cons. Discretionary,346.72,85579721
2024-10-23,AAPL,Apple,Technology,252.16,55663018
2024-10-23,AMD,AMD,Technology,166.03,45219214
2024-10-23,AMZN,Amazon,Cons. Discretionary,212.14,46694770
2024-10-23,AVGO,Broadcom,Technology,185.57,15105533
2024-10-23,CRM,Salesforce,Technology,249.74,5625576
2024-10-23,GOOGL,Alphabet,Communication Svcs.,166.97,31699929
2024-10-23,IBM,IBM,Technology,180.55,5094881
2024-10-23,INTC,Intel,Technology,29.31,29565867
2024-10-23,META,Meta Platforms,Communication Svcs.,425.44,24543490
2024-10-23,MSFT,Microsoft,Technology,460.55,39680959
2024-10-23,NFLX,Netflix,Communication Svcs.,612.49,3523916
2024-10-23,NVDA,NVIDIA,Technology,100.44,498632934
2024-10-23,ORCL,Oracle,Technology,185.96,8032925
2024-10-23,QCOM,Qualcomm,Technology,163.13,9193742
2024-10-23,TSLA,Tesla,Cons. Discretionary,347.63,98128994
2024-10-24,AAPL,Apple,Technology,245.81,56393887
2024-10-24,AMD,AMD,Technology,161.67,55865219
2024-10-24,AMZN,Amazon,Cons. Discretionary,212.58,49734225
2024-10-24,AVGO,Broadcom,Technology,180.8,26282649
2024-10-24,CRM,Salesforce,Technology,257.3,3490650
2024-10-24,GOOGL,Alphabet,Communication Svcs.,170.66,27999288
2024-10-24,IBM,IBM,Technology,180.56,4507095
2024-10-24,INTC,Intel,Technology,29.18,33649036
2024-10-24,META,Meta Platforms,Communication Svcs.,418.81,25960028
2024-10-24,MSFT,Microsoft,Technology,453.38,16727061
2024-10-24,NFLX,Netflix,Communication Svcs.,611.68,5716773
2024-10-24,NVDA,NVIDIA,Technology,104.18,461002664
2024-10-24,ORCL,Oracle,Technology,185.65,14323262
2024-10-24,QCOM,Qualcomm,Technology,164.39,7426163
2024-10-24,TSLA,Tesla,Cons. Discretionary,359.17,166698086
2024-10-25,AAPL,Apple,Technology,245.62,59147383
2024-10-25,AMD,AMD,Technology,163.17,58314886
2024-10-25,AMZN,Amazon,Cons. Discretionary,207.77,42732725
2024-10-25,AVGO,Broadcom,Technology,188.04,15759311
2024-10-25,CRM,Salesforce,Technology,268.17,5361113
2024-10-25,GOOGL,Alphabet,Communication Svcs.,173.29,18364635
2024-10-25,IBM,IBM,Technology,175.75,3209835
2024-10-25,INTC,Intel,Technology,28.47,58468263
2024-10-25,META,Meta Platforms,Communication Svcs.,441.19,20054483
2024-10-25,MSFT,Microsoft,Technology,454.3,13335536
2024-10-25,NFLX,Netflix,Communication Svcs.,621.74,6494774
2024-10-25,NVDA,NVIDIA,Technology,105.14,338317603
2024-10-25,ORCL,Oracle,Technology,183.69,8817341
2024-10-25,QCOM,Qualcomm,Technology,163.67,11131337
2024-10-25,TSLA,Tesla,Cons. Discretionary,348.16,88101918
2024-10-28,AAPL,Apple,Technology,248.5,67468877
2024-10-28,AMD,AMD,Technology,157.72,53755876
2024-10-28,AMZN,Amazon,Cons. Discretionary,207.05,34802689
2024-10-28,AVGO,Broadcom,Technology,183.22,20627633
2024-10-28,CRM,Salesforce,Technology,274.39,4181266
2024-10-28,GOOGL,Alphabet,Communication Svcs.,172.32,21574158
2024-10-28,IBM,IBM,Technology,175.29,6614547
2024-10-28,INTC,Intel,Technology,27.82,50022665
2024-10-28,META,Meta Platforms,Communication Svcs.,442.89,32569715
2024-10-28,MSFT,Microsoft,Technology,453.69,22610402
2024-10-28,NFLX,Netflix,Communication Svcs.,611.89,5212321
2024-10-28,NVDA,NVIDIA,Technology,109.47,562534266
2024-10-28,ORCL,Oracle,Technology,182.02,9082670
2024-10-28,QCOM,Qualcomm,Technology,159.82,7380807
2024-10-28,TSLA,Tesla,Cons. Discretionary,348.96,92774927
2024-10-29,AAPL,Apple,Technology,248.95,68459346
2024-10-29,AMD,AMD,Technology,147.79,42430183
2024-10-29,AMZN,Amazon,Cons. Discretionary,209.55,38416750
2024-10-29,AVGO,Broadcom,Technology,182.58,29420906
2024-10-29,CRM,Salesforce,Technology,269.67,4881208
2024-10-29,GOOGL,Alphabet,Communication Svcs.,177.41,11004865
2024-10-29,IBM,IBM,Technology,175.64,4089827
2024-10-29,INTC,Intel,Technology,27.26,41933474
2024-10-29,META,Meta Platforms,Communication Svcs.,445.44,19957614
2024-10-29,MSFT,Microsoft,Technology,456.24,31057562
2024-10-29,NFLX,Netflix,Communication Svcs.,634.36,4787964
2024-10-29,NVDA,NVIDIA,Technology,111.26,460768184
2024-10-29,ORCL,Oracle,Technology,182.05,10048417
2024-10-29,QCOM,Qualcomm,Technology,159.61,7761622
2024-10-29,TSLA,Tesla,Cons. Discretionary,356.85,91767223
2024-10-30,AAPL,Apple,Technology,248.21,71647652
2024-10-30,AMD,AMD,Technology,145.03,28635099
2024-10-30,AMZN,Amazon,Cons. Discretionary,208.11,22369544
2024-10-30,AVGO,Broadcom,Technology,177.3,11934765
2024-10-30,CRM,Salesforce,Technology,264.63,5251621
2024-10-30,GOOGL,Alphabet,Communication Svcs.,176.62,29051583
2024-10-30,IBM,IBM,Technology,176.48,3923855
2024-10-30,INTC,Intel,Technology,26.84,30780580
2024-10-30,META,Meta Platforms,Communication Svcs.,428.5,19799558
2024-10-30,MSFT,Microsoft,Technology,444.77,22584519
2024-10-30,NFLX,Netflix,Communication Svcs.,630.68,5866055
2024-10-30,NVDA,NVIDIA,Technology,110.73,649121715
2024-10-30,ORCL,Oracle,Technology,182.37,9771337
2024-10-30,QCOM,Qualcomm,Technology,155.72,8405629
2024-10-30,TSLA,Tesla,Cons. Discretionary,346.5,80871626
2024-10-31,AAPL,Apple,Technology,251.71,62680237
2024-10-31,AMD,AMD,Technology,145.04,40061349
2024-10-31,AMZN,Amazon,Cons. Discretionary,200.7,35097740
2024-10-31,AVGO,Broadcom,Technology,181.53,14748413
2024-10-31,CRM,Salesforce,Technology,262.07,7356424
2024-10-31,GOOGL,Alphabet,Communication Svcs.,178.76,33768633
2024-10-31,IBM,IBM,Technology,178.47,5256519
2024-10-31,INTC,Intel,Technology,27.07,36755023
2024-10-31,META,Meta Platforms,Communication Svcs.,438.7,26940663
2024-10-31,MSFT,Microsoft,Technology,452.37,21602639
2024-10-31,NFLX,Netflix,Communication Svcs.,629.51,5029095
2024-10-31,NVDA,NVIDIA,Technology,113.62,577741394
2024-10-31,ORCL,Oracle,Technology,179.89,12558892
2024-10-31,QCOM,Qualcomm,Technology,154.03,4773477
2024-10-31,TSLA,Tesla,Cons. Discretionary,360.49,101043863
2024-11-01,AAPL,Apple,Technology,256.65,72446462
2024-11-01,AMD,AMD,Technology,144.47,40816450
2024-11-01,AMZN,Amazon,Cons. Discretionary,195.86,39741995
2024-11-01,AVGO,Broadcom,Technology,177.46,13054795
2024-11-01,CRM,Salesforce,Technology,270.06,5128209
2024-11-01,GOOGL,Alphabet,Communication Svcs.,177.25,27881704
2024-11-01,IBM,IBM,Technology,178.74,4757375
2024-11-01,INTC,Intel,Technology,26.98,49210162
2024-11-01,META,Meta Platforms,Communication Svcs.,448.22,27828654
2024-11-01,MSFT,Microsoft,Technology,447.66,25301959
2024-11-01,NFLX,Netflix,Communication Svcs.,627.17,4046689
2024-11-01,NVDA,NVIDIA,Technology,110.9,373805626
2024-11-01,ORCL,Oracle,Technology,181.66,6938534
2024-11-01,QCOM,Qualcomm,Technology,153.72,8265357
2024-11-01,TSLA,Tesla,Cons. Discretionary,361.2,76267831
2024-11-04,AAPL,Apple,Technology,247.69,46619648
2024-11-04,AMD,AMD,Technology,144.22,33861595
2024-11-04,AMZN,Amazon,Cons. Discretionary,189.93,39222643
2024-11-04,AVGO,Broadcom,Technology,179.88,26808339
2024-11-04,CRM,Salesforce,Technology,276.3,3320328
2024-11-04,GOOGL,Alphabet,Communication Svcs.,179.05,20261960
2024-11-04,IBM,IBM,Technology,178.3,3583061
2024-11-04,INTC,Intel,Technology,26.6,30780175
2024-11-04,META,Meta Platforms,Communication Svcs.,469.13,20345248
2024-11-04,MSFT,Microsoft,Technology,447.0,24824589
2024-11-04,NFLX,Netflix,Communication Svcs.,654.88,6617821
2024-11-04,NVDA,NVIDIA,Technology,114.38,311773292
2024-11-04,ORCL,Oracle,Technology,181.49,9380373
2024-11-04,QCOM,Qualcomm,Technology,148.33,6290672
2024-11-04,TSLA,Tesla,Cons. Discretionary,358.67,115727988
2024-11-05,AAPL,Apple,Technology,242.87,80944192
2024-11-05,AMD,AMD,Technology,142.48,46030084
2024-11-05,AMZN,Amazon,Cons. Discretionary,187.9,42512952
2024-11-05,AVGO,Broadcom,Technology,179.58,24510867
2024-11-05,CRM,Salesforce,Technology,270.56,6142862
2024-11-05,GOOGL,Alphabet,Communication Svcs.,175.21,25185040
2024-11-05,IBM,IBM,Technology,173.63,4928078
2024-11-05,INTC,Intel,Technology,26.24,29230178
2024-11-05,META,Meta Platforms,Communication Svcs.,455.28,19454629
2024-11-05,MSFT,Microsoft,Technology,433.81,25725953
2024-11-05,NFLX,Netflix,Communication Svcs.,640.24,4785930
2024-11-05,NVDA,NVIDIA,Technology,121.89,309876260
2024-11-05,ORCL,Oracle,Technology,176.7,11819991
2024-11-05,QCOM,Qualcomm,Technology,144.67,9098617
2024-11-05,TSLA,Tesla,Cons. Discretionary,377.72,73675791
2024-11-06,AAPL,Apple,Technology,249.18,61550493
2024-11-06,AMD,AMD,Technology,139.9,38135861
2024-11-06,AMZN,Amazon,Cons. Discretionary,188.5,32084723
2024-11-06,AVGO,Broadcom,Technology,182.21,20666932
2024-11-06,CRM,Salesforce,Technology,263.47,5623749
2024-11-06,GOOGL,Alphabet,Communication Svcs.,180.77,20721939
2024-11-06,IBM,IBM,Technology,172.27,6112105
2024-11-06,INTC,Intel,Technology,27.4,26627815
2024-11-06,META,Meta Platforms,Communication Svcs.,444.61,15670237
2024-11-06,MSFT,Microsoft,Technology,430.17,15435557
2024-11-06,NFLX,Netflix,Communication Svcs.,629.6,4146303
2024-11-06,NVDA,NVIDIA,Technology,125.28,525991009
2024-11-06,ORCL,Oracle,Technology,174.61,9242771
2024-11-06,QCOM,Qualcomm,Technology,146.69,5278553
2024-11-06,TSLA,Tesla,Cons. Discretionary,405.13,129463758
2024-11-07,AAPL,Apple,Technology,253.25,86529193
2024-11-07,AMD,AMD,Technology,148.37,50083447
2024-11-07,AMZN,Amazon,Cons. Discretionary,193.35,42433538
2024-11-07,AVGO,Broadcom,Technology,180.85,24421324
2024-11-07,CRM,Salesforce,Technology,264.92,5450210
2024-11-07,GOOGL,Alphabet,Communication Svcs.,181.94,16364423
2024-11-07,IBM,IBM,Technology,172.73,3959663
2024-11-07,INTC,Intel,Technology,27.8,37137678
2024-11-07,META,Meta Platforms,Communication Svcs.,453.6,19369895
2024-11-07,MSFT,Microsoft,Technology,426.66,38056311
2024-11-07,NFLX,Netflix,Communication Svcs.,621.32,5644094
2024-11-07,NVDA,NVIDIA,Technology,130.31,610747037
2024-11-07,ORCL,Oracle,Technology,172.41,9124151
2024-11-07,QCOM,Qualcomm,Technology,144.94,6225746
2024-11-07,TSLA,Tesla,Cons. Discretionary,396.19,101816392
2024-11-08,AAPL,Apple,Technology,253.07,48843869
2024-11-08,AMD,AMD,Technology,147.81,57015510
2024-11-08,AMZN,Amazon,Cons. Discretionary,194.82,58941999
2024-11-08,AVGO,Broadcom,Technology,184.16,18416810
2024-11-08,CRM,Salesforce,Technology,265.47,3881900
2024-11-08,GOOGL,Alphabet,Communication Svcs.,183.73,16602939
2024-11-08,IBM,IBM,Technology,171.29,3674195
2024-11-08,INTC,Intel,Technology,27.68,39770187
2024-11-08,META,Meta Platforms,Communication Svcs.,452.79,24944808
2024-11-08,MSFT,Microsoft,Technology,424.74,38291892
2024-11-08,NFLX,Netflix,Communication Svcs.,608.29,4233122
2024-11-08,NVDA,NVIDIA,Technology,130.69,366606654
2024-11-08,ORCL,Oracle,Technology,170.75,8914115
2024-11-08,QCOM,Qualcomm,Technology,148.95,6535235
2024-11-08,TSLA,Tesla,Cons. Discretionary,375.07,64834323
2024-11-11,AAPL,Apple,Technology,256.8,59697218
2024-11-11,AMD,AMD,Technology,144.1,57024104
2024-11-11,AMZN,Amazon,Cons. Discretionary,190.82,39545617
2024-11-11,AVGO,Broadcom,Technology,177.47,23684822
2024-11-11,CRM,Salesforce,Technology,260.15,3716946
2024-11-11,GOOGL,Alphabet,Communication Svcs.,187.61,22120389
2024-11-11,IBM,IBM,Technology,172.35,6462708
2024-11-11,INTC,Intel,Technology,27.2,26297918
2024-11-11,META,Meta Platforms,Communication Svcs.,466.87,24769184
2024-11-11,MSFT,Microsoft,Technology,423.22,29768307
2024-11-11,NFLX,Netflix,Communication Svcs.,612.1,4569181
2024-11-11,NVDA,NVIDIA,Technology,131.37,416116436
2024-11-11,ORCL,Oracle,Technology,170.18,13796371
2024-11-11,QCOM,Qualcomm,Technology,152.21,10297963
2024-11-11,TSLA,Tesla,Cons. Discretionary,376.7,86698420
2024-11-12,AAPL,Apple,Technology,255.3,54423423
2024-11-12,AMD,AMD,Technology,142.42,44875944
2024-11-12,AMZN,Amazon,Cons. Discretionary,195.13,42562515
2024-11-12,AVGO,Broadcom,Technology,174.55,26152897
2024-11-12,CRM,Salesforce,Technology,264.62,5525284
2024-11-12,GOOGL,Alphabet,Communication Svcs.,183.12,25761676
2024-11-12,IBM,IBM,Technology,172.39,2480294
2024-11-12,INTC,Intel,Technology,27.94,18016248
2024-11-12,META,Meta Platforms,Communication Svcs.,458.16,14138629
2024-11-12,MSFT,Microsoft,Technology,425.27,28029231
2024-11-12,NFLX,Netflix,Communication Svcs.,598.13,6838195
2024-11-12,NVDA,NVIDIA,Technology,138.14,507337692
2024-11-12,ORCL,Oracle,Technology,166.18,10383126
2024-11-12,QCOM,Qualcomm,Technology,147.93,5353199
2024-11-12,TSLA,Tesla,Cons. Discretionary,366.7,109432800
2024-11-13,AAPL,Apple,Technology,259.04,61259550
2024-11-13,AMD,AMD,Technology,148.67,42204693
2024-11-13,AMZN,Amazon,Cons. Discretionary,189.51,52242880
2024-11-13,AVGO,Broadcom,Technology,177.71,18929984
2024-11-13,CRM,Salesforce,Technology,260.88,4887371
2024-11-13,GOOGL,Alphabet,Communication Svcs.,180.54,20480333
2024-11-13,IBM,IBM,Technology,171.71,4149602
2024-11-13,INTC,Intel,Technology,26.55,33945211
2024-11-13,META,Meta Platforms,Communication Svcs.,460.41,15621962
2024-11-13,MSFT,Microsoft,Technology,418.84,24380049
2024-11-13,NFLX,Netflix,Communication Svcs.,590.16,3206444
2024-11-13,NVDA,NVIDIA,Technology,137.6,374878860
2024-11-13,ORCL,Oracle,Technology,166.4,9105746
2024-11-13,QCOM,Qualcomm,Technology,148.72,7284204
2024-11-13,TSLA,Tesla,Cons. Discretionary,367.6,112569092
2024-11-14,AAPL,Apple,Technology,261.25,54750576
2024-11-14,AMD,AMD,Technology,153.03,50758008
2024-11-14,AMZN,Amazon,Cons. Discretionary,190.97,48988730
2024-11-14,AVGO,Broadcom,Technology,183.68,12333174
2024-11-14,CRM,Salesforce,Technology,267.15,5204441
2024-11-14,GOOGL,Alphabet,Communication Svcs.,178.23,19899991
2024-11-14,IBM,IBM,Technology,170.73,4381050
2024-11-14,INTC,Intel,Technology,25.68,39522468
2024-11-14,META,Meta Platforms,Communication Svcs.,486.23,17992091
2024-11-14,MSFT,Microsoft,Technology,421.55,31352206
2024-11-14,NFLX,Netflix,Communication Svcs.,597.58,4958786
2024-11-14,NVDA,NVIDIA,Technology,138.89,237102974
2024-11-14,ORCL,Oracle,Technology,165.12,6874349
2024-11-14,QCOM,Qualcomm,Technology,145.59,6404609
2024-11-14,TSLA,Tesla,Cons. Discretionary,383.22,123366670
2024-11-15,AAPL,Apple,Technology,261.79,71090835
2024-11-15,AMD,AMD,Technology,154.45,81311520
2024-11-15,AMZN,Amazon,Cons. Discretionary,196.94,54866595
2024-11-15,AVGO,Broadcom,Technology,186.56,16131723
2024-11-15,CRM,Salesforce,Technology,268.65,8666393
2024-11-15,GOOGL,Alphabet,Communication Svcs.,179.35,28102752
2024-11-15,IBM,IBM,Technology,169.92,4180961
2024-11-15,INTC,Intel,Technology,25.86,34522631
2024-11-15,META,Meta Platforms,Communication Svcs.,479.13,16376183
2024-11-15,MSFT,Microsoft,Technology,419.45,19193770
2024-11-15,NFLX,Netflix,Communication Svcs.,594.07,4466841
2024-11-15,NVDA,NVIDIA,Technology,138.55,339466949
2024-11-15,ORCL,Oracle,Technology,160.89,12012999
2024-11-15,QCOM,Qualcomm,Technology,147.23,9767746
2024-11-15,TSLA,Tesla,Cons. Discretionary,380.71,96853743
2024-11-18,AAPL,Apple,Technology,262.24,75172600
2024-11-18,AMD,AMD,Technology,155.76,33268841
2024-11-18,AMZN,Amazon,Cons. Discretionary,199.23,74899037
2024-11-18,AVGO,Broadcom,Technology,189.44,16994571
2024-11-18,CRM,Salesforce,Technology,275.75,4783679
2024-11-18,GOOGL,Alphabet,Communication Svcs.,177.34,34422986
2024-11-18,IBM,IBM,Technology,169.69,4655240
2024-11-18,INTC,Intel,Technology,26.46,30084279
2024-11-18,META,Meta Platforms,Communication Svcs.,484.08,20996998
2024-11-18,MSFT,Microsoft,Technology,424.67,20439241
2024-11-18,NFLX,Netflix,Communication Svcs.,591.17,3116618
2024-11-18,NVDA,NVIDIA,Technology,140.5,404241913
2024-11-18,ORCL,Oracle,Technology,160.48,9939830
2024-11-18,QCOM,Qualcomm,Technology,147.39,6868292
2024-11-18,TSLA,Tesla,Cons. Discretionary,378.11,148895448
2024-11-19,AAPL,Apple,Technology,261.62,50420637
2024-11-19,AMD,AMD,Technology,148.88,36195793
2024-11-19,AMZN,Amazon,Cons. Discretionary,204.06,38659116
2024-11-19,AVGO,Broadcom,Technology,189.39,24494154
2024-11-19,CRM,Salesforce,Technology,279.08,5059643
2024-11-19,GOOGL,Alphabet,Communication Svcs.,178.64,20642016
2024-11-19,IBM,IBM,Technology,174.13,5131211
2024-11-19,INTC,Intel,Technology,26.17,53800706
2024-11-19,META,Meta Platforms,Communication Svcs.,476.75,24203325
2024-11-19,MSFT,Microsoft,Technology,418.23,17603027
2024-11-19,NFLX,Netflix,Communication Svcs.,594.93,5408105
2024-11-19,NVDA,NVIDIA,Technology,144.12,420369475
2024-11-19,ORCL,Oracle,Technology,158.36,6840847
2024-11-19,QCOM,Qualcomm,Technology,147.87,6970405
2024-11-19,TSLA,Tesla,Cons. Discretionary,407.52,85791267
2024-11-20,AAPL,Apple,Technology,261.38,67010000
2024-11-20,AMD,AMD,Technology,147.97,44042360
2024-11-20,AMZN,Amazon,Cons. Discretionary,199.09,38969333
2024-11-20,AVGO,Broadcom,Technology,197.37,20650579
2024-11-20,CRM,Salesforce,Technology,278.98,6266737
2024-11-20,GOOGL,Alphabet,Communication Svcs.,182.49,20820889
2024-11-20,IBM,IBM,Technology,171.06,3304650
2024-11-20,INTC,Intel,Technology,26.14,52191852
2024-11-20,META,Meta Platforms,Communication Svcs.,486.22,20365199
2024-11-20,MSFT,Microsoft,Technology,418.96,23374276
2024-11-20,NFLX,Netflix,Communication Svcs.,611.75,4856966
2024-11-20,NVDA,NVIDIA,Technology,145.36,562932028
2024-11-20,ORCL,Oracle,Technology,157.72,10829838
2024-11-20,QCOM,Qualcomm,Technology,148.81,8663881
2024-11-20,TSLA,Tesla,Cons. Discretionary,408.32,77629964
2024-11-21,AAPL,Apple,Technology,267.12,66183848
2024-11-21,AMD,AMD,Technology,151.77,92393999
2024-11-21,AMZN,Amazon,Cons. Discretionary,200.0,31385928
2024-11-21,AVGO,Broadcom,Technology,195.81,17175313
2024-11-21,CRM,Salesforce,Technology,281.18,6844431
2024-11-21,GOOGL,Alphabet,Communication Svcs.,188.19,21284471
2024-11-21,IBM,IBM,Technology,168.24,2064072
2024-11-21,INTC,Intel,Technology,26.65,32056342
2024-11-21,META,Meta Platforms,Communication Svcs.,485.94,20816239
2024-11-21,MSFT,Microsoft,Technology,410.5,23059498
2024-11-21,NFLX,Netflix,Communication Svcs.,625.07,3661390
2024-11-21,NVDA,NVIDIA,Technology,141.74,495285730
2024-11-21,ORCL,Oracle,Technology,159.43,10601814
2024-11-21,QCOM,Qualcomm,Technology,147.01,7649104
2024-11-21,TSLA,Tesla,Cons. Discretionary,438.42,100810615
2024-11-22,AAPL,Apple,Technology,267.95,73623163
2024-11-22,AMD,AMD,Technology,155.34,32179679
2024-11-22,AMZN,Amazon,Cons. Discretionary,199.62,58253554
2024-11-22,AVGO,Broadcom,Technology,200.12,16441536
2024-11-22,CRM,Salesforce,Technology,283.64,5813930
2024-11-22,GOOGL,Alphabet,Communication Svcs.,184.42,32773419
2024-11-22,IBM,IBM,Technology,170.47,3523706
2024-11-22,INTC,Intel,Technology,26.66,38383306
2024-11-22,META,Meta Platforms,Communication Svcs.,501.17,23485934
2024-11-22,MSFT,Microsoft,Technology,408.28,26598169
2024-11-22,NFLX,Netflix,Communication Svcs.,633.34,9635121
2024-11-22,NVDA,NVIDIA,Technology,138.17,280021720
2024-11-22,ORCL,Oracle,Technology,158.61,6077339
2024-11-22,QCOM,Qualcomm,Technology,145.92,9312608
2024-11-22,TSLA,Tesla,Cons. Discretionary,442.19,65210268
2024-11-25,AAPL,Apple,Technology,263.78,57343568
2024-11-25,AMD,AMD,Technology,160.86,34142551
2024-11-25,AMZN,Amazon,Cons. Discretionary,197.78,45835966
2024-11-25,AVGO,Broadcom,Technology,197.95,16291612
2024-11-25,CRM,Salesforce,Technology,280.13,5041594
2024-11-25,GOOGL,Alphabet,Communication Svcs.,183.98,40114287
2024-11-25,IBM,IBM,Technology,174.46,4984670
2024-11-25,INTC,Intel,Technology,27.52,32524124
2024-11-25,META,Meta Platforms,Communication Svcs.,498.27,23045473
2024-11-25,MSFT,Microsoft,Technology,398.75,21368837
2024-11-25,NFLX,Netflix,Communication Svcs.,627.83,4472285
2024-11-25,NVDA,NVIDIA,Technology,140.44,457410877
2024-11-25,ORCL,Oracle,Technology,159.82,11088630
2024-11-25,QCOM,Qualcomm,Technology,143.25,8348991
2024-11-25,TSLA,Tesla,Cons. Discretionary,433.36,136039044
2024-11-26,AAPL,Apple,Technology,271.7,60237892
2024-11-26,AMD,AMD,Technology,163.36,42420441
2024-11-26,AMZN,Amazon,Cons. Discretionary,199.0,41669930
2024-11-26,AVGO,Broadcom,Technology,202.61,18714098
2024-11-26,CRM,Salesforce,Technology,276.64,5484374
2024-11-26,GOOGL,Alphabet,Communication Svcs.,184.74,14644234
2024-11-26,IBM,IBM,Technology,173.94,3706923
2024-11-26,INTC,Intel,Technology,27.78,37257766
2024-11-26,META,Meta Platforms,Communication Svcs.,506.07,18997363
2024-11-26,MSFT,Microsoft,Technology,400.25,25382828
2024-11-26,NFLX,Netflix,Communication Svcs.,614.5,2736187
2024-11-26,NVDA,NVIDIA,Technology,136.18,327410860
2024-11-26,ORCL,Oracle,Technology,158.37,10339458
2024-11-26,QCOM,Qualcomm,Technology,141.22,7439614
2024-11-26,TSLA,Tesla,Cons. Discretionary,446.47,97398420
2024-11-27,AAPL,Apple,Technology,268.66,62105457
2024-11-27,AMD,AMD,Technology,165.89,66902840
2024-11-27,AMZN,Amazon,Cons. Discretionary,192.64,76189406
2024-11-27,AVGO,Broadcom,Technology,205.24,23535674
2024-11-27,CRM,Salesforce,Technology,259.14,5293336
2024-11-27,GOOGL,Alphabet,Communication Svcs.,185.98,22606893
2024-11-27,IBM,IBM,Technology,174.93,2899801
2024-11-27,INTC,Intel,Technology,27.95,45139390
2024-11-27,META,Meta Platforms,Communication Svcs.,538.3,18054959
2024-11-27,MSFT,Microsoft,Technology,391.53,24247598
2024-11-27,NFLX,Netflix,Communication Svcs.,608.2,5085712
2024-11-27,NVDA,NVIDIA,Technology,134.1,357899099
2024-11-27,ORCL,Oracle,Technology,158.06,15546718
2024-11-27,QCOM,Qualcomm,Technology,142.18,9006374
2024-11-27,TSLA,Tesla,Cons. Discretionary,453.05,94940408
2024-11-28,AAPL,Apple,Technology,268.89,75013517
2024-11-28,AMD,AMD,Technology,163.82,52074192
2024-11-28,AMZN,Amazon,Cons. Discretionary,194.11,50917144
2024-11-28,AVGO,Broadcom,Technology,210.87,20536273
2024-11-28,CRM,Salesforce,Technology,254.0,2988304
2024-11-28,GOOGL,Alphabet,Communication Svcs.,187.12,20698783
2024-11-28,IBM,IBM,Technology,175.13,2725235
2024-11-28,INTC,Intel,Technology,28.06,32321051
2024-11-28,META,Meta Platforms,Communication Svcs.,550.92,22425026
2024-11-28,MSFT,Microsoft,Technology,388.99,22496837
2024-11-28,NFLX,Netflix,Communication Svcs.,618.75,4210515
2024-11-28,NVDA,NVIDIA,Technology,131.02,471283477
2024-11-28,ORCL,Oracle,Technology,159.46,8298351
2024-11-28,QCOM,Qualcomm,Technology,140.28,8877157
2024-11-28,TSLA,Tesla,Cons. Discretionary,491.01,73049130
2024-11-29,AAPL,Apple,Technology,272.12,59312967
2024-11-29,AMD,AMD,Technology,160.32,49562296
2024-11-29,AMZN,Amazon,Cons. Discretionary,191.56,49910779
2024-11-29,AVGO,Broadcom,Technology,206.42,13939965
2024-11-29,CRM,Salesforce,Technology,256.94,3911312
2024-11-29,GOOGL,Alphabet,Communication Svcs.,190.56,21334389
2024-11-29,IBM,IBM,Technology,173.62,2630717
2024-11-29,INTC,Intel,Technology,27.23,29415998
2024-11-29,META,Meta Platforms,Communication Svcs.,549.16,24145580
2024-11-29,MSFT,Microsoft,Technology,391.51,24478926
2024-11-29,NFLX,Netflix,Communication Svcs.,622.84,4986557
2024-11-29,NVDA,NVIDIA,Technology,137.78,787860850
2024-11-29,ORCL,Oracle,Technology,155.35,10252646
2024-11-29,QCOM,Qualcomm,Technology,142.72,7214888
2024-11-29,TSLA,Tesla,Cons. Discretionary,506.46,115327340
2024-12-02,AAPL,Apple,Technology,268.55,53154145
2024-12-02,AMD,AMD,Technology,165.38,55056080
2024-12-02,AMZN,Amazon,Cons. Discretionary,196.35,60697330
2024-12-02,AVGO,Broadcom,Technology,203.25,25699813
2024-12-02,CRM,Salesforce,Technology,248.51,4072244
2024-12-02,GOOGL,Alphabet,Communication Svcs.,189.62,22165357
2024-12-02,IBM,IBM,Technology,173.74,5008733
2024-12-02,INTC,Intel,Technology,26.66,39194132
2024-12-02,META,Meta Platforms,Communication Svcs.,541.51,18990291
2024-12-02,MSFT,Microsoft,Technology,396.29,26975353
2024-12-02,NFLX,Netflix,Communication Svcs.,604.1,5891819
2024-12-02,NVDA,NVIDIA,Technology,132.36,421241868
2024-12-02,ORCL,Oracle,Technology,154.51,9180036
2024-12-02,QCOM,Qualcomm,Technology,138.51,11836976
2024-12-02,TSLA,Tesla,Cons. Discretionary,512.72,76854483
2024-12-03,AAPL,Apple,Technology,264.89,49886226
2024-12-03,AMD,AMD,Technology,158.1,40187322
2024-12-03,AMZN,Amazon,Cons. Discretionary,202.87,47926548
2024-12-03,AVGO,Broadcom,Technology,210.71,15160141
2024-12-03,CRM,Salesforce,Technology,255.56,3518968
2024-12-03,GOOGL,Alphabet,Communication Svcs.,189.65,23808295
2024-12-03,IBM,IBM,Technology,174.11,2941344
2024-12-03,INTC,Intel,Technology,27.5,31881413
2024-12-03,META,Meta Platforms,Communication Svcs.,530.06,42044989
2024-12-03,MSFT,Microsoft,Technology,397.54,32642134
2024-12-03,NFLX,Netflix,Communication Svcs.,605.97,4837362
2024-12-03,NVDA,NVIDIA,Technology,127.3,497660040
2024-12-03,ORCL,Oracle,Technology,153.75,14696083
2024-12-03,QCOM,Qualcomm,Technology,138.19,6290901
2024-12-03,TSLA,Tesla,Cons. Discretionary,516.1,114660240
2024-12-04,AAPL,Apple,Technology,266.57,60431700
2024-12-04,AMD,AMD,Technology,162.11,38542492
2024-12-04,AMZN,Amazon,Cons. Discretionary,201.22,65852825
2024-12-04,AVGO,Broadcom,Technology,210.27,23150961
2024-12-04,CRM,Salesforce,Technology,259.47,6371709
2024-12-04,GOOGL,Alphabet,Communication Svcs.,190.19,27651232
2024-12-04,IBM,IBM,Technology,175.95,3410717
2024-12-04,INTC,Intel,Technology,27.33,37741774
2024-12-04,META,Meta Platforms,Communication Svcs.,531.67,15126266
2024-12-04,MSFT,Microsoft,Technology,401.16,27859838
2024-12-04,NFLX,Netflix,Communication Svcs.,602.58,6950404
2024-12-04,NVDA,NVIDIA,Technology,123.67,529041005
2024-12-04,ORCL,Oracle,Technology,151.93,15295243
2024-12-04,QCOM,Qualcomm,Technology,135.27,6101150
2024-12-04,TSLA,Tesla,Cons. Discretionary,522.11,126160967
2024-12-05,AAPL,Apple,Technology,265.27,64606382
2024-12-05,AMD,AMD,Technology,160.46,43202636
2024-12-05,AMZN,Amazon,Cons. Discretionary,198.19,46099938
2024-12-05,AVGO,Broadcom,Technology,206.46,25570034
2024-12-05,CRM,Salesforce,Technology,254.96,4499603
2024-12-05,GOOGL,Alphabet,Communication Svcs.,187.21,30857342
2024-12-05,IBM,IBM,Technology,179.94,2875773
2024-12-05,INTC,Intel,Technology,26.48,49081739
2024-12-05,META,Meta Platforms,Communication Svcs.,556.13,24099902
2024-12-05,MSFT,Microsoft,Technology,398.99,33812383
2024-12-05,NFLX,Netflix,Communication Svcs.,602.74,3541356
2024-12-05,NVDA,NVIDIA,Technology,127.34,371564172
2024-12-05,ORCL,Oracle,Technology,148.61,10606340
2024-12-05,QCOM,Qualcomm,Technology,138.09,10724476
2024-12-05,TSLA,Tesla,Cons. Discretionary,500.94,105774875
2024-12-06,AAPL,Apple,Technology,272.63,59833179
2024-12-06,AMD,AMD,Technology,164.16,48884415
2024-12-06,AMZN,Amazon,Cons. Discretionary,202.47,57513576
2024-12-06,AVGO,Broadcom,Technology,209.1,33159779
2024-12-06,CRM,Salesforce,Technology,259.31,5285567
2024-12-06,GOOGL,Alphabet,Communication Svcs.,187.94,29864974
2024-12-06,IBM,IBM,Technology,178.98,3597929
2024-12-06,INTC,Intel,Technology,26.71,39023027
2024-12-06,META,Meta Platforms,Communication Svcs.,569.14,18863921
2024-12-06,MSFT,Microsoft,Technology,398.7,21798649
2024-12-06,NFLX,Netflix,Communication Svcs.,614.08,2457655
2024-12-06,NVDA,NVIDIA,Technology,125.3,394012125
2024-12-06,ORCL,Oracle,Technology,150.18,6812180
2024-12-06,QCOM,Qualcomm,Technology,134.63,10340953
2024-12-06,TSLA,Tesla,Cons. Discretionary,522.07,122637211
2024-12-09,AAPL,Apple,Technology,273.57,61951354
2024-12-09,AMD,AMD,Technology,168.28,49782476
2024-12-09,AMZN,Amazon,Cons. Discretionary,197.28,71755102
2024-12-09,AVGO,Broadcom,Technology,212.05,15788081
2024-12-09,CRM,Salesforce,Technology,260.03,5537358
2024-12-09,GOOGL,Alphabet,Communication Svcs.,182.96,26434926
2024-12-09,IBM,IBM,Technology,178.62,3082502
2024-12-09,INTC,Intel,Technology,26.32,53169580
2024-12-09,META,Meta Platforms,Communication Svcs.,581.97,17273802
2024-12-09,MSFT,Microsoft,Technology,397.41,37016938
2024-12-09,NFLX,Netflix,Communication Svcs.,620.85,6459914
2024-12-09,NVDA,NVIDIA,Technology,122.45,576827251
2024-12-09,ORCL,Oracle,Technology,148.83,8535996
2024-12-09,QCOM,Qualcomm,Technology,138.07,5312223
2024-12-09,TSLA,Tesla,Cons. Discretionary,525.44,96001645
2024-12-10,AAPL,Apple,Technology,271.23,62295706
2024-12-10,AMD,AMD,Technology,171.94,52224054
2024-12-10,AMZN,Amazon,Cons. Discretionary,197.7,98055359
2024-12-10,AVGO,Broadcom,Technology,212.52,13322098
2024-12-10,CRM,Salesforce,Technology,259.61,6237045
2024-12-10,GOOGL,Alphabet,Communication Svcs.,183.72,27806640
2024-12-10,IBM,IBM,Technology,180.16,3499803
2024-12-10,INTC,Intel,Technology,26.71,31649900
2024-12-10,META,Meta Platforms,Communication Svcs.,562.75,17058328
2024-12-10,MSFT,Microsoft,Technology,395.51,31292672
2024-12-10,NFLX,Netflix,Communication Svcs.,598.51,4367592
2024-12-10,NVDA,NVIDIA,Technology,123.72,357424160
2024-12-10,ORCL,Oracle,Technology,154.16,10797675
2024-12-10,QCOM,Qualcomm,Technology,137.69,6307647
2024-12-10,TSLA,Tesla,Cons. Discretionary,535.19,101807737
2024-12-11,AAPL,Apple,Technology,268.65,58319448
2024-12-11,AMD,AMD,Technology,165.76,38550586
2024-12-11,AMZN,Amazon,Cons. Discretionary,188.31,34560421
2024-12-11,AVGO,Broadcom,Technology,213.66,16831627
2024-12-11,CRM,Salesforce,Technology,269.34,5185816
2024-12-11,GOOGL,Alphabet,Communication Svcs.,183.93,20747034
2024-12-11,IBM,IBM,Technology,177.85,2916736
2024-12-11,INTC,Intel,Technology,26.45,25919510
2024-12-11,META,Meta Platforms,Communication Svcs.,572.31,21954943
2024-12-11,MSFT,Microsoft,Technology,390.67,31673110
2024-12-11,NFLX,Netflix,Communication Svcs.,598.49,7489648
2024-12-11,NVDA,NVIDIA,Technology,121.99,366439879
2024-12-11,ORCL,Oracle,Technology,156.76,10262402
2024-12-11,QCOM,Qualcomm,Technology,133.18,8826801
2024-12-11,TSLA,Tesla,Cons. Discretionary,544.62,114695823
2024-12-12,AAPL,Apple,Technology,268.42,63262577
2024-12-12,AMD,AMD,Technology,160.13,55729224
2024-12-12,AMZN,Amazon,Cons. Discretionary,192.51,49351935
2024-12-12,AVGO,Broadcom,Technology,218.1,26002316
2024-12-12,CRM,Salesforce,Technology,266.3,5365452
2024-12-12,GOOGL,Alphabet,Communication Svcs.,188.67,23582987
2024-12-12,IBM,IBM,Technology,179.19,2553938
2024-12-12,INTC,Intel,Technology,25.7,30215417
2024-12-12,META,Meta Platforms,Communication Svcs.,580.54,22033098
2024-12-12,MSFT,Microsoft,Technology,393.13,27473083
2024-12-12,NFLX,Netflix,Communication Svcs.,596.68,6335341
2024-12-12,NVDA,NVIDIA,Technology,122.25,391720831
2024-12-12,ORCL,Oracle,Technology,158.45,12928720
2024-12-12,QCOM,Qualcomm,Technology,140.12,6913370
2024-12-12,TSLA,Tesla,Cons. Discretionary,561.39,113247735
2024-12-13,AAPL,Apple,Technology,266.65,90418648
2024-12-13,AMD,AMD,Technology,164.18,66951608
2024-12-13,AMZN,Amazon,Cons. Discretionary,192.47,48182132
2024-12-13,AVGO,Broadcom,Technology,207.07,14403112
2024-12-13,CRM,Salesforce,Technology,269.12,5446374
2024-12-13,GOOGL,Alphabet,Communication Svcs.,192.78,20626901
2024-12-13,IBM,IBM,Technology,178.77,2897328
2024-12-13,INTC,Intel,Technology,24.93,27613520
2024-12-13,META,Meta Platforms,Communication Svcs.,603.87,18198332
2024-12-13,MSFT,Microsoft,Technology,389.16,21689399
2024-12-13,NFLX,Netflix,Communication Svcs.,598.0,4429007
2024-12-13,NVDA,NVIDIA,Technology,119.8,465381508
2024-12-13,ORCL,Oracle,Technology,156.28,6437512
2024-12-13,QCOM,Qualcomm,Technology,139.97,8181679
2024-12-13,TSLA,Tesla,Cons. Discretionary,545.62,90177105
2024-12-16,AAPL,Apple,Technology,266.58,51516336
2024-12-16,AMD,AMD,Technology,166.14,43481986
2024-12-16,AMZN,Amazon,Cons. Discretionary,198.49,83996727
2024-12-16,AVGO,Broadcom,Technology,206.45,18767724
2024-12-16,CRM,Salesforce,Technology,274.35,5133498
2024-12-16,GOOGL,Alphabet,Communication Svcs.,186.71,25421974
2024-12-16,IBM,IBM,Technology,182.01,3103069
2024-12-16,INTC,Intel,Technology,25.24,57367920
2024-12-16,META,Meta Platforms,Communication Svcs.,616.02,17527266
2024-12-16,MSFT,Microsoft,Technology,395.58,25985404
2024-12-16,NFLX,Netflix,Communication Svcs.,610.58,5128849
2024-12-16,NVDA,NVIDIA,Technology,123.07,647999497
2024-12-16,ORCL,Oracle,Technology,151.1,9705800
2024-12-16,QCOM,Qualcomm,Technology,136.8,7450261
2024-12-16,TSLA,Tesla,Cons. Discretionary,517.98,114109640
2024-12-17,AAPL,Apple,Technology,262.91,83865017
2024-12-17,AMD,AMD,Technology,168.41,61110533
2024-12-17,AMZN,Amazon,Cons. Discretionary,202.57,74765143
2024-12-17,AVGO,Broadcom,Technology,207.08,19781295
2024-12-17,CRM,Salesforce,Technology,279.37,6097594
2024-12-17,GOOGL,Alphabet,Communication Svcs.,187.85,25175265
2024-12-17,IBM,IBM,Technology,182.87,6123534
2024-12-17,INTC,Intel,Technology,24.21,36472246
2024-12-17,META,Meta Platforms,Communication Svcs.,638.58,20400308
2024-12-17,MSFT,Microsoft,Technology,407.17,24123282
2024-12-17,NFLX,Netflix,Communication Svcs.,616.28,4245297
2024-12-17,NVDA,NVIDIA,Technology,128.17,613071345
2024-12-17,ORCL,Oracle,Technology,148.1,7959592
2024-12-17,QCOM,Qualcomm,Technology,138.08,8119466
2024-12-17,TSLA,Tesla,Cons. Discretionary,544.93,108784566
2024-12-18,AAPL,Apple,Technology,268.6,70754368
2024-12-18,AMD,AMD,Technology,162.28,59099889
2024-12-18,AMZN,Amazon,Cons. Discretionary,209.67,46653898
2024-12-18,AVGO,Broadcom,Technology,202.4,20201768
2024-12-18,CRM,Salesforce,Technology,284.35,11658000
2024-12-18,GOOGL,Alphabet,Communication Svcs.,185.64,23266111
2024-12-18,IBM,IBM,Technology,187.07,3535151
2024-12-18,INTC,Intel,Technology,23.52,33804691
2024-12-18,META,Meta Platforms,Communication Svcs.,656.06,13217304
2024-12-18,MSFT,Microsoft,Technology,401.03,19641061
2024-12-18,NFLX,Netflix,Communication Svcs.,605.58,4076092
2024-12-18,NVDA,NVIDIA,Technology,128.25,523677097
2024-12-18,ORCL,Oracle,Technology,151.04,8311518
2024-12-18,QCOM,Qualcomm,Technology,143.34,7130762
2024-12-18,TSLA,Tesla,Cons. Discretionary,511.81,83900006
2024-12-19,AAPL,Apple,Technology,271.44,75300662
2024-12-19,AMD,AMD,Technology,168.34,49594978
2024-12-19,AMZN,Amazon,Cons. Discretionary,207.68,34105320
2024-12-19,AVGO,Broadcom,Technology,201.28,20887959
2024-12-19,CRM,Salesforce,Technology,284.17,5981153
2024-12-19,GOOGL,Alphabet,Communication Svcs.,185.49,31608118
2024-12-19,IBM,IBM,Technology,186.19,6734622
2024-12-19,INTC,Intel,Technology,22.57,36119470
2024-12-19,META,Meta Platforms,Communication Svcs.,622.14,13467364
2024-12-19,MSFT,Microsoft,Technology,397.51,20870147
2024-12-19,NFLX,Netflix,Communication Svcs.,607.2,4185317
2024-12-19,NVDA,NVIDIA,Technology,129.53,420842137
2024-12-19,ORCL,Oracle,Technology,154.59,10420819
2024-12-19,QCOM,Qualcomm,Technology,148.46,7525714
2024-12-19,TSLA,Tesla,Cons. Discretionary,487.08,113151880
2024-12-20,AAPL,Apple,Technology,266.54,79189315
2024-12-20,AMD,AMD,Technology,170.09,35094140
2024-12-20,AMZN,Amazon,Cons. Discretionary,207.53,46130682
2024-12-20,AVGO,Broadcom,Technology,203.77,21409151
2024-12-20,CRM,Salesforce,Technology,285.36,6523175
2024-12-20,GOOGL,Alphabet,Communication Svcs.,187.87,23445418
2024-12-20,IBM,IBM,Technology,190.27,2207534
2024-12-20,INTC,Intel,Technology,23.21,70318387
2024-12-20,META,Meta Platforms,Communication Svcs.,620.16,13397735
2024-12-20,MSFT,Microsoft,Technology,402.42,39452068
2024-12-20,NFLX,Netflix,Communication Svcs.,645.96,4636174
2024-12-20,NVDA,NVIDIA,Technology,132.51,333447188
2024-12-20,ORCL,Oracle,Technology,154.99,12441589
2024-12-20,QCOM,Qualcomm,Technology,152.69,7018417
2024-12-20,TSLA,Tesla,Cons. Discretionary,457.98,138871580
2024-12-23,AAPL,Apple,Technology,267.36,39937995
2024-12-23,AMD,AMD,Technology,174.81,64183512
2024-12-23,AMZN,Amazon,Cons. Discretionary,208.7,54813857
2024-12-23,AVGO,Broadcom,Technology,210.06,20544367
2024-12-23,CRM,Salesforce,Technology,291.73,5979195
2024-12-23,GOOGL,Alphabet,Communication Svcs.,193.9,22706453
2024-12-23,IBM,IBM,Technology,189.49,5991524
2024-12-23,INTC,Intel,Technology,23.79,42658402
2024-12-23,META,Meta Platforms,Communication Svcs.,620.28,20268969
2024-12-23,MSFT,Microsoft,Technology,406.85,28849478
2024-12-23,NFLX,Netflix,Communication Svcs.,647.65,5453756
2024-12-23,NVDA,NVIDIA,Technology,130.68,620456973
2024-12-23,ORCL,Oracle,Technology,152.75,13312673
2024-12-23,QCOM,Qualcomm,Technology,150.54,10915548
2024-12-23,TSLA,Tesla,Cons. Discretionary,449.55,76247463
2024-12-24,AAPL,Apple,Technology,268.54,60003438
2024-12-24,AMD,AMD,Technology,176.47,46741138
2024-12-24,AMZN,Amazon,Cons. Discretionary,210.44,46932231
2024-12-24,AVGO,Broadcom,Technology,213.49,15473151
2024-12-24,CRM,Salesforce,Technology,292.44,3673437
2024-12-24,GOOGL,Alphabet,Communication Svcs.,190.78,21369015
2024-12-24,IBM,IBM,Technology,189.03,3515392
2024-12-24,INTC,Intel,Technology,23.1,66634522
2024-12-24,META,Meta Platforms,Communication Svcs.,627.71,23932959
2024-12-24,MSFT,Microsoft,Technology,408.13,31003242
2024-12-24,NFLX,Netflix,Communication Svcs.,638.07,4700235
2024-12-24,NVDA,NVIDIA,Technology,139.61,426094982
2024-12-24,ORCL,Oracle,Technology,155.49,10474339
2024-12-24,QCOM,Qualcomm,Technology,153.87,8991309
2024-12-24,TSLA,Tesla,Cons. Discretionary,452.49,120759553
2024-12-25,AAPL,Apple,Technology,266.76,62527846
2024-12-25,AMD,AMD,Technology,170.89,46430619
2024-12-25,AMZN,Amazon,Cons. Discretionary,221.35,66736430
2024-12-25,AVGO,Broadcom,Technology,209.28,18733220
2024-12-25,CRM,Salesforce,Technology,286.36,5601799
2024-12-25,GOOGL,Alphabet,Communication Svcs.,188.35,20392514
2024-12-25,IBM,IBM,Technology,187.13,3083020
2024-12-25,INTC,Intel,Technology,23.74,31291905
2024-12-25,META,Meta Platforms,Communication Svcs.,636.34,16718248
2024-12-25,MSFT,Microsoft,Technology,423.11,30807872
2024-12-25,NFLX,Netflix,Communication Svcs.,638.41,3956825
2024-12-25,NVDA,NVIDIA,Technology,139.53,625818668
2024-12-25,ORCL,Oracle,Technology,159.54,9817176
2024-12-25,QCOM,Qualcomm,Technology,153.21,9392472
2024-12-25,TSLA,Tesla,Cons. Discretionary,456.98,77522409
2024-12-26,AAPL,Apple,Technology,261.95,57467075
2024-12-26,AMD,AMD,Technology,175.06,34585404
2024-12-26,AMZN,Amazon,Cons. Discretionary,213.3,67881877
2024-12-26,AVGO,Broadcom,Technology,213.14,26461551
2024-12-26,CRM,Salesforce,Technology,288.51,7518201
2024-12-26,GOOGL,Alphabet,Communication Svcs.,185.03,32837710
2024-12-26,IBM,IBM,Technology,189.73,3993174
2024-12-26,INTC,Intel,Technology,24.3,30347990
2024-12-26,META,Meta Platforms,Communication Svcs.,656.75,31171231
2024-12-26,MSFT,Microsoft,Technology,415.72,24738155
2024-12-26,NFLX,Netflix,Communication Svcs.,628.54,4340860
2024-12-26,NVDA,NVIDIA,Technology,140.63,342676223
2024-12-26,ORCL,Oracle,Technology,159.9,7801903
2024-12-26,QCOM,Qualcomm,Technology,151.54,8067230
2024-12-26,TSLA,Tesla,Cons. Discretionary,464.24,137181387
2024-12-27,AAPL,Apple,Technology,261.35,73419072
2024-12-27,AMD,AMD,Technology,179.67,46287889
2024-12-27,AMZN,Amazon,Cons. Discretionary,215.56,49167279
2024-12-27,AVGO,Broadcom,Technology,216.31,25537171
2024-12-27,CRM,Salesforce,Technology,284.37,10571425
2024-12-27,GOOGL,Alphabet,Communication Svcs.,187.76,28293455
2024-12-27,IBM,IBM,Technology,191.44,4026325
2024-12-27,INTC,Intel,Technology,24.96,33248538
2024-12-27,META,Meta Platforms,Communication Svcs.,646.83,31028116
2024-12-27,MSFT,Microsoft,Technology,423.64,24337508
2024-12-27,NFLX,Netflix,Communication Svcs.,630.15,4041741
2024-12-27,NVDA,NVIDIA,Technology,135.17,556592871
2024-12-27,ORCL,Oracle,Technology,156.48,11027116
2024-12-27,QCOM,Qualcomm,Technology,159.6,6186864
2024-12-27,TSLA,Tesla,Cons. Discretionary,462.32,59407684
2024-12-30,AAPL,Apple,Technology,261.67,49631140
2024-12-30,AMD,AMD,Technology,179.76,59560595
2024-12-30,AMZN,Amazon,Cons. Discretionary,219.46,49567505
2024-12-30,AVGO,Broadcom,Technology,225.21,15333467
2024-12-30,CRM,Salesforce,Technology,282.47,6564547
2024-12-30,GOOGL,Alphabet,Communication Svcs.,186.11,23857377
2024-12-30,IBM,IBM,Technology,193.38,3535939
2024-12-30,INTC,Intel,Technology,25.02,42423660
2024-12-30,META,Meta Platforms,Communication Svcs.,644.04,11399358
2024-12-30,MSFT,Microsoft,Technology,420.22,18978365
2024-12-30,NFLX,Netflix,Communication Svcs.,633.02,5798052
2024-12-30,NVDA,NVIDIA,Technology,137.89,399201323
2024-12-30,ORCL,Oracle,Technology,149.51,13355471
2024-12-30,QCOM,Qualcomm,Technology,156.41,6042825
2024-12-30,TSLA,Tesla,Cons. Discretionary,456.79,120375619
2024-12-31,AAPL,Apple,Technology,257.35,55472780
2024-12-31,AMD,AMD,Technology,176.52,51860190
2024-12-31,AMZN,Amazon,Cons. Discretionary,217.63,43901071
2024-12-31,AVGO,Broadcom,Technology,229.46,27500743
2024-12-31,CRM,Salesforce,Technology,287.67,3807734
2024-12-31,GOOGL,Alphabet,Communication Svcs.,188.66,26381413
2024-12-31,IBM,IBM,Technology,194.42,3625180
2024-12-31,INTC,Intel,Technology,24.84,39775518
2024-12-31,META,Meta Platforms,Communication Svcs.,609.96,19589635
2024-12-31,MSFT,Microsoft,Technology,422.86,23420507
2024-12-31,NFLX,Netflix,Communication Svcs.,651.61,6433150
2024-12-31,NVDA,NVIDIA,Technology,142.8,283992163
2024-12-31,ORCL,Oracle,Technology,148.68,8105443
2024-12-31,QCOM,Qualcomm,Technology,158.56,6456728
2024-12-31,TSLA,Tesla,Cons. Discretionary,466.62,57589745
